Spot ID,Name,Latitude,Longitude
416,Alameda / Crown Beach,37.76738,-122.28778
423,3rd Ave Beach,37.57414,-122.2834
410,Waddell Bluff,37.08934,-122.27303
411,Anita Rock-Crissy Field,37.80834,-122.45356
1374,3rd Ave Channel,37.58889,-122.26969
408,Coyote Point,37.58897,-122.32772
175511,Berkeley Reef,37.87428,-122.33342
427,Half Moon Bay,37.49532,-122.48578
409,Berkeley Marina,37.85934,-122.31598
87071,Treasure Island L6,37.83325,-122.3725
150079,Toll Plaza/Royce Beach,37.82766,-122.31595
95032,Blunt Point/Point Blunt,37.85271,-122.41879
412,Candlestick Point,37.7029,-122.39954
413,Larkspur Landing,37.9417,-122.50734
425,Palo Alto,37.45972,-122.10644
161947,Point Isabel Shoreline,37.89715,-122.32482
1582,Corte Madera Channel,37.9283,-122.46831
93476,Aquatic Park Light,37.81181,-122.42128
1581,Point Potrero Reach,37.90374,-122.39204
404,San Luis Reservoir,37.0599,-121.06131
1566,Sierra Point,37.67239,-122.36964
1580,San Leandro Channel,37.67098,-122.2225
539753,San Rafael Bay,37.96643,-122.48427
507,SFO,37.62846,-122.36723
514,Crissy-Old CG Pier,37.806,-122.466
2206,Fort Funston,37.71479,-122.50031
515,USS Hornet,37.77162,-122.29894
521809,Sharp Park Beach,37.63146,-122.49369
419,STATION MOVED- Point Isabel,37.89676,-122.32353
153062,Richmond Yacht Club,37.90711,-122.3829
115373,GG Bridge Midspan,37.81975,-122.47904
91797,Marina Bay West,37.91367,-122.35467
49632,Mussel Rock,37.667,-122.489
53769,HMB Airport,37.51,-122.5
979,Moffett NASA,37.431,-122.056
516,Oakland Airport,37.7213,-122.2207
159621,Younger Lag./Long Marine,36.94889,-122.06639
100725,Point Potrero,37.90581,-122.36503
48645,Port of Oakland,37.8,-122.33
4310,Redwood City Port,37.507,-122.21
51804,Monterey Inner Buoy,36.751,-122.029
519656,Stinson Beach,37.90691,-122.67003
164183,Harbor Beach,36.96311,-122.00111
558473,BrickYard,37.98526,-122.46779
980,San Carlos Airport,37.5105,-122.25005
551341,Oracle Park-4th St,37.77714,-122.39504
49628,San Gregorio,37.297,-122.381
548842,Ano Nuevo,37.14019,-122.31888
561357,Rockview Drive Park,36.95465,-121.97462
198300,Mt. Alison CA US PGE,37.49937,-121.87082
1823,Palo Alto Airport,37.4611,-122.1151
970,Monterey Airport,36.587,-121.8429
1125,San Jose Airport,37.3592,-121.9242
18834,Mammoth Airport,37.62,-118.83
54282,Sausalito Southview,37.85,-122.481
158860,Brisbane,37.69211,-122.40911
9095,Mammoth Peak,37.6306,-119.03252
189794,Mt. Umunhum,37.16011,-121.90716
531369,Wilder Ridge Loop,36.97055,-122.10406
187045,Pulgas Ridge CA US,37.50711,-122.37217
189559,Lexington Reservoir,37.20146,-121.99082
525170,Marina Airport,36.68,-121.77
100720,Oakland Berth,37.81061,-122.33311
573391,SR-7 at MPand Hollow UT US UTAH DOT,37.09933,-113.3779
977,Hayward Airport,37.6593,-122.1224
1315,Modesto,37.62417,-120.95056
158149,Moss Landing-MLSC1,36.81,-121.79
624475,Cal Sailing Club,37.86297,-122.31367
13238,Mt Tamalpais- Middle Peak,37.9278,-122.5872
82690,Pacheco Pass,37.0412,-121.1908
6217,WHITE REEF,37.2161,-113.3778
8748,Las Trampas,37.8339,-122.0669
85765,Ocean Beach-Fulton,37.77174,-122.51051
100718,Pier 1,37.798,-122.39297
158841,Fanshell Beach,36.58311,-121.96611
168633,Paradise Cay,37.91211,-122.47511
535268,Pillar Point CA US PGE,37.5146,-122.49405
978,Livermore,37.7,-121.82
7158,Spring Valley GGNRA,37.5625,-122.4364
187119,SCE Rush Creek CA US,37.87366,-119.09067
521187,FORT ORD CA PSD,36.69,-121.76
5033,Castro,37.75967,-122.43167
15283,"KFAT fresno air termi, ca",36.77,-119.72
54431,Patterson Pass,37.6931,-121.6094
148149,Mt Diablo,37.8817,-121.91415
184810,Pacheco Pass 1 CA US,37.06909,-121.2167
187018,SCE Big Pine CA US,37.17335,-118.29488
187103,Sausalito Ridge,37.85073,-122.49856
198443,BFI Office CA US PGE,37.5092,-122.40675
202419,SCE-2885 CA US SC-EDISON,37.61617,-119.00235
969,Salinas Airport,36.6636,-121.6081
1068,Bishop,37.37111,-118.35806
1314,Stockton,37.88917,-121.22583
8792,Black Diamond Mines,37.95,-121.8844
15248,Concord Airport,37.98966,-122.0569
20738,Mammoth Ch 22 Top,37.63713,-119.01707
46772,Hollister Airport,36.89,-121.41
183726,Lighthouse,36.95433,-122.03213
183876,Tiburon Yacht Club,37.917,-122.476
183881,Sausalito Houseboat,37.874,-122.506
183883,Sausalito Yacht Club,37.857,-122.478
186558,Coast Road CA US,36.37542,-121.89811
187051,SCE McGee Creek CA US,37.58356,-118.78084
188300,SCE-2356 CA US SC-EDISON,37.57167,-118.74002
196599,Ownes Mountain CA US PGE,36.93016,-119.64195
548799,11th St,37.54002,-122.51808
1058,Merced,37.286,-120.515
1069,Desert Rock,36.62056,-116.02778
1070,Nellis AFB,36.101,-114.888
1071,Las Vegas Intl Airport,36.07889,-115.15528
6003,HURRICANE,36.6992,-113.2072
7395,Los Vaqueros Res,37.7883,-121.7347
7421,I-15 @ Black Ridge UT US UTAH DOT,37.48211,-113.21999
8791,Maguire Peaks,37.5531,-121.8439
14427,Yosemite NP-Turtleback Dome CA US CARB,37.7114,-119.7058
14731,Brian Head 2S UT US UTAH DOT,37.66278,-112.8375
14932,Death Valley Natl Park CA US CARB,36.507,-116.8478
15529,Saint George UT (KSGU),37.08,-113.6
15833,"KNLC lemoore nas, ca",36.33,-119.95
82738,Mill Valley-Heights,37.887,-122.544
147510,Parowan UT US,37.8623,-112.8811
153650,Banta,37.76552,-121.34863
161887,EW8505 Pebble Beach CA US,36.58283,-121.96583
164301,Potrero Hill,37.75911,-122.39911
164302,Precita Park,37.74711,-122.41311
167963,SHERMAN PEAK NEAR JOHNSONDALE 9N CA US USARMY-COE,36.01,-118.39083
171801,Kanab Municipal Airport,37.01111,-112.53119
171958,Byron Airport,37.8284,-121.62583
175680,Broadway Street CA US,37.85414,-122.21807
185382,FW2543 San Francisco CA US,37.76283,-122.44633
186366,EL Toro Road CA US,37.03905,-121.29235
188312,Highway 152 CA US PGE,37.00938,-121.36751
193704,Forest Hill,37.74885,-122.4653
197682,Bieber Dr,37.24817,-121.81379
200133,Lake Drive CA US PGE,37.61842,-122.4499
201395,St Andrews Rd,36.02304,-114.98019
202405,I-15 at MP 54 Hamiltons Fort UT US UTAH DOT,37.62836,-113.12063
523226,Reservation Road CA US PGE,36.63359,-121.69699
525115,KD7ECD Livermore CA US,37.661,-121.6955
525466,Peninsula CA US PGE,37.33053,-122.21434
534639,Tracy Municipal Airport CA US NWS/FAA,37.6889,-121.44158
577710,SCE Northshore Dr CA US SC-EDISON,37.774,-119.09231
584321,June Mid Mtn Chalet CA US,37.7621,-119.08399
5580,BENTON,37.8431,-118.4778
5736,ENTERPRISE,37.5586,-113.7172
6013,Olaf Knolls,36.5072,-113.8161
6025,Tweeds Point,36.5819,-113.7319
6550,Dry Lake NV US UPR,36.50288,-114.7636
6577,Apex NV US UPR,36.34095,-114.918
6674,Carp NV US UPR,37.17088,-114.4765
6701,Uvada NV US UPR,37.70508,-114.0742
6715,Beryl UT US UPR,37.86478,-113.7507
7411,Yucca Gap,36.4367,-115.3314
7412,ZION CANYON,37.2047,-112.9778
8257,Rachel NV US CEMP,37.64333,-115.73917
8672,DESERT NWR,36.5789,-115.1442
8717,IMMIGRATION WASH,37.92,-114.1667
8724,KANE SPRINGS,37.2506,-114.7067
8830,Red Rock,36.1347,-115.43
9179,BADGER SPRING,37.1506,-113.9539
9393,Oak Creek,36.8436,-118.2656
9429,Kettleman Hills,36.0333,-120.0569
9475,MOUNT TOM,37.3761,-119.1783
11321,Goldfield NV US CEMP,37.71333,-117.24028
11322,Sarcobatus Flats NV US CEMP,37.27944,-117.02333
13472,DYER - WALLACE FARMS NV US DRI,37.6061,-117.98861
13813,BARCROFT RESEARCH LAB CA US DRI,37.58306,-118.23722
15323,"KMAE madera muni arpt, ca",36.98,-119.9
15373,"KCDC cedar city, ut",37.7,-113.1
15512,NLV Airport,36.2,-115.18
16066,"KINS indian springs, nv",36.53,-115.9
20651,OSTRANDER LAKE NEAR YOSEMITE VIL CA US CNRFC,37.63611,-119.55111
30525,Arroyo Seco CA US CIMIS,36.359,-121.29
30544,Owens Lake North CA US CIMIS,36.489,-117.919
30545,Owens Lake South CA US CIMIS,36.359,-117.946
46027,D1115,36.35283,-121.20833
47505,PTSCA,36.3,-121.89
70887,D4219,37.56133,-113.71633
90840,Lake Mary,37.61,-119.0
90846,"WILD CREEK (P306), CA PSD",37.8,-120.64
94711,San Martin Airport,37.08159,-121.59681
95467,San Martin,37.08,-121.6
95664,Mammoth Gond 1 Tow 6,37.64774,-119.03504
95665,Mammoth Gond 1 Tow 12,37.64443,-119.03223
95668,Mammoth Ch 9 Tow 11,37.62859,-119.01706
95669,Mammoth Ch 9 Tow 15,37.62886,-119.0223
95672,Mammoth Gond 2 Tow 8,37.63444,-119.03233
95673,Mammoth Gond 2 Tow 10,37.63061,-119.0331
96818,Tikaboo Peak NV US DRI,37.34417,-115.35889
96833,Badger Spring Valley NV US DRI,37.31083,-115.27694
96847,Sand Spring Valley NV US DRI,37.64667,-115.7975
97919,Tranquility-32650 West Adams Ave CA US CARB,36.63434,-120.38234
101378,DIKE NV US UPR,36.29226,-115.04051
116883,Colorado City Municipal Airport,36.95972,-113.01389
118702,KAZC,36.95,-113.0
119561,COTTONWOOD MTN UT US,37.98388,-112.63931
119928,I-5 @ Route 198 CA US CALTRANS,36.20942,-120.21533
147511,Cedar City UT US,37.673,-113.1372
147512,Beryl Junction UT US,37.7196,-113.702
148001,King City CA US DIGIWX,36.20553,-121.13255
153651,Mountain House,37.74209,-121.5253
155103,KD7KCN-5 Barclay NV US,37.39,-114.18117
159816,Dirty Sox CA US CARB,36.32611,-117.955
159817,Owens Lake-ENE Shoreline CA US CARB,36.4581,-117.85189
159903,Lizard Tail-NE Shoreline Owens L CA US CARB,36.54318,-117.94185
159904,Owens Lake-Ash Point CA US CARB,36.36187,-118.01084
159905,Shell Cut-Highway 190 CA US CARB,36.36805,-117.89778
159916,Bishop-Line CA US CARB,37.36639,-118.35
160275,DEATH VALLEY JCT CA US SCAN,36.33,-116.35
162997,Rebound MEDA (South) NV US ARL SORD,37.00365,-116.05968
162998,Buster Jangle Y NV US ARL SORD,37.0631,-116.05399
162999,BEEF NV US ARL SORD,37.09672,-116.08855
163000,Well 5B NV US ARL SORD,36.80175,-115.96633
163001,Station 28 NV US ARL SORD,36.89371,-116.03891
163002,Decon Underground Disposal NV US ARL SORD,36.93774,-116.03765
163003,Area 9 NV US ARL SORD,37.12332,-116.04288
163005,Area 12 Camp NV US ARL SORD,37.19569,-116.16007
163006,Area 12 Mesa NV US ARL SORD,37.18619,-116.21564
163007,Mid-Valley NV US ARL SORD,36.96756,-116.18111
163008,Station 7 NV US ARL SORD,37.1515,-116.39522
163009,Area 18 NV US ARL SORD,37.10418,-116.31376
163010,Schooner Crater NV US ARL SORD,37.34499,-116.56897
163011,Desert Rock NV US ARL SORD,36.62435,-116.02242
163012,Mercury NV US ARL SORD,36.65697,-116.00306
163013,Area 25 East NV US ARL SORD,36.78466,-116.28956
163014,Gate 510 NV US ARL SORD,36.67207,-116.40427
163015,Port Gaston NV US ARL SORD,36.81212,-116.16106
163017,Yucca Mountain NV US ARL SORD,36.85228,-116.4664
163025,Area 5 North NV US ARL SORD,36.8476,-115.95335
164132,NEW EXCHEQUER DAM CA PSD,37.6,-120.28
164428,SF Dolores Heights,37.75617,-122.43617
165356,SR-14 Summit UT US UTAH DOT,37.56805,-112.85013
166639,I-15 at MP 29 Tripod UT US UTAH DOT,37.30665,-113.2981
167996,NOAA WESTERN REGION CLIMATE STAT NV US,37.61472,-118.01806
170034,WRC AT SAND SPRINGS VALLEY NEAR RACHEL HADS,37.6467,-115.798
171913,I-15 at Paragonah UT US UTAH DOT,37.9292,-112.7657
174356,KANAB MUNICIPAL AIRPORT UT US NWS/FAA,37.01,-112.53
175496,Highland Peak CA US,37.81296,-121.80533
175500,Hogback Road CA US,37.91166,-122.57871
175541,Umunhum South,37.1402,-121.88731
175655,Weybridge Court CA US,37.81585,-122.1911
179966,I-15 at MP 57 Cedar City UT US UTAH DOT,37.655,-113.0829
180365,BUDDY ADAMS NV US,37.02142,-116.609
181280,SC Edison 102 CA US,37.46138,-118.5921
181349,Penon Blanco CA US,37.73213,-120.2623
182454,Deadwood Peak CA US,37.31431,-119.68322
183440,Morgan Territory CA US,37.81831,-121.77914
185638,Rana Creek Tower CA US,36.53005,-121.60925
186457,Ormsey Cutoff,37.06525,-121.81832
187020,SCE-2342 CA US,37.641,-118.90661
187021,SCE Owens River CA US,37.54711,-118.62977
187056,SCE-2461 CA US,37.50512,-118.63833
187057,SCE-2296 CA US,37.79046,-118.52018
187058,SCE-2451 CA US,37.32926,-118.49631
187059,SCE-2462 CA US,37.75628,-118.45624
187060,SR-143 at MP 13.5 Brian Head Tri UT US UTAH DOT,37.7157,-112.8473
187061,SCE Owens Valley CA US,37.29134,-118.38727
187565,Owens Mountain CA US,36.93038,-119.64196
187662,Mendenhall Del Valle CA US,37.5935,-121.6882
187665,Water Road CA US,37.6253,-121.8094
187798,Cross Hollow (Cedar City) UT US,37.646,-113.12444
187845,San Juan Grade CA US,36.826,-121.581
187846,Las Aquilas CA US,36.4456,-121.2923
187847,Chualar Canyon Road CA US,36.59245,-121.43021
187851,Sherridan Road CA US,37.54691,-121.89995
187869,Fair View Road CA US,37.65541,-122.00302
188674,Pahute Mesa 1 NV US ARL SORD,37.25583,-116.435
189432,I-5 - Westley Rest Area CA US CALTRANS,37.58253,-121.32223
189433,I-580 - West of SR-132 CA US CALTRANS,37.6503,-121.42149
189439,SR-99 - SR-120 CA US CALTRANS,37.77865,-121.18401
189440,SR-152 - Dinosaur Point CA US CALTRANS,37.06703,-121.21588
189443,I-580 - I-205 CA US CALTRANS,37.74163,-121.5717
189465,I-5 - Del Puerto Canyon CA US CALTRANS,37.4674,-121.18361
189550,Loma Prieta-KNPT Towers,37.10843,-121.8449
189555,Old Coast Tower CA US PGE,36.31622,-121.8714
191126,SCE-2508 CA US SC-EDISON,37.91535,-119.09195
191609,Diablo View,37.98904,-122.08021
193283,BEKUZWEKAN  Ranch,36.57636,-116.61333
193688,KCAELSOB26,37.95573,-122.27505
193695,Desert Plateau,37.00273,-113.51117
193971,Frogpond,37.96079,-120.69255
194658,Palkazzo,36.02615,-115.01557
195193,Mountainwood,37.32326,-122.26305
195393,Woods Main Station,37.13918,-113.66126
196131,"Nortbrae, Carlotta ave, Berkeley CA",37.88147,-122.27911
196627,San Francisco House ,37.72744,-122.42382
196759,FW6992 Sausalito CA US,37.85933,-122.49733
197060,Upper Waiakea Uka,36.79402,-114.01085
197959,Frazier Lake Road CA US PGE,36.97664,-121.41786
197967,North Henderson NV US,36.0703,-115.01599
198026,Angel Peak NV US,36.31865,-115.57928
198220,McKinnley Grove Road CA US PGE,37.00565,-118.97113
198221,Elwood Road CA US PGE,36.81381,-119.37511
198222,Black Diamond Mine CA US PGE,37.96355,-121.88951
198251,SCE Round Valley CA US SC-EDISON,37.40014,-118.65649
198519,Fay Hill CA US PGE,37.86197,-122.1196
199440,Bear Valley Road CA US PGE,37.53269,-120.20761
201717,Ranch View Ln,37.36839,-118.44241
202389,San Joaquin Ridge CA US PGE,36.30162,-120.40109
202406,I-15 at MPorth Cedar City UT US UTAH DOT,37.7275,-113.0511
202417,SCE-2876 CA US SC-EDISON,37.93819,-119.2377
516918,South Black Diamond Way CA US PGE,37.94289,-121.8906
518644,Diablo-Blackhawk CA US PGE,37.83527,-121.89737
519061,K7STI-13 Las Vegas NV US,36.00033,-115.27617
519071,Mines Road North CA US PGE,37.61273,-121.67331
519072,Shadowhawk CA US PGE,37.84738,-122.16522
519073,Briones-Diablo CA US PGE,37.89127,-122.00566
519095,Contra Costa CA US PGE,37.91655,-121.97778
519584,I-580 - Hansen Road CA US CALTRANS,37.70719,-121.51496
519602,Santos CA US PGE,37.66215,-121.93229
519603,Shadowhawk CA US PGE,37.85999,-122.0577
520167,Panoramic Highway CA US PGE,37.89099,-122.55624
520177,Corral De Cielo Road CA US PGE,36.53398,-121.62075
521254,Santa Teresa Park,37.21018,-121.77112
521603,Pine Flat Lake Overlook CA US PGE,36.86341,-119.24789
521704,Laureles Grade CA US PGE,36.52809,-121.74964
521768,Mt Oso CA US PGE,37.50143,-121.37318
522775,I-15 NB Moapa Valley Rd NV US NV DOT,36.6698,-114.5206
522785,I-15 SB at US-93 NV US NV DOT,36.3821,-114.8921
523232,Iverson Road CA US PGE,36.55146,-121.44121
523602,Fort Romie CA US PGE,36.39768,-121.33665
523603,Central Ave CA US PGE,36.28044,-121.22459
523607,Lovers Lane CA US PGE,36.96602,-121.43299
523997,AE6DC-5 Pacifica CA US,37.63133,-122.49367
524018,New Harmony UT US PACIFICORP,37.43949,-113.26052
524020,Red Butte UT US PACIFICORP,37.41193,-113.64269
524024,SORD STATION 38 NV US ARL SORD,37.23419,-116.16274
524790,Piercy Ranch Road CA US PGE,37.24488,-121.75882
525884,Loma Chiquita,37.10476,-121.82532
526632,Soda Springs Road,37.17055,-121.94212
529012,Weller Road CA US PGE,37.48533,-121.86345
534629,Byron CA US NWS/FAA,37.8276,-121.6244
535983,Dagnino Road CA US PGE,37.7391,-121.74693
537111,Lee Canyon WX NV US DRI,36.287,-115.683
538252,Oakridge Ave,36.1647,-115.96554
539910,Santa Ana Valley Road CA US PGE,36.86111,-121.3473
541518,W0AKO Saint George UT US,37.00333,-113.516
541774,Faulkner Run Ave,36.28791,-115.33273
542108,Rudolph Rd,37.45609,-118.33066
543931,Paicines Road CA US PGE,36.61014,-120.92151
545801,Koll Cir,37.3656,-121.90707
546453,Mines Tower CA US PGE,37.60611,-121.62144
547705,I-15 at MP 37 Ash Creek UT US UTAH DOT,37.4116,-113.2348
547709,Diablo Grande Parkway CA US PGE,37.44433,-121.19381
547717,I-15 at MP 29 Browse UT US UTAH DOT,37.3087,-113.297
548202,West Cedar UT US PACIFICORP,37.65189,-113.16915
548203,Cedar Canyon UT US PACIFICORP,37.67413,-113.04717
548204,Cedar Highlands UT US PACIFICORP,37.64101,-113.06366
548698,GW0189 San Francisco CA US,37.71867,-122.4535
549079,SCE Inyokern CA US SC-EDISON,37.11485,-118.26981
550002,Los Banos EMS CA US PGE,37.05508,-121.01686
550004,Kirby Canyon CA US PGE,37.17736,-121.67349
550394,Highland Pkwy,37.132,-113.47652
550426,SCE Holiday CG CA US SC-EDISON,37.55106,-118.66664
550429,SCE Gem Lake Trail CA US SC-EDISON,37.75819,-119.13276
551715,Moraga Bluffs CA US PGE,37.84125,-122.09006
551720,Crazy Horse Canyon CA US PGE,36.52011,-121.366
552504,SCE-3399 CA US SC-EDISON,36.40771,-118.94402
554033,Sweeney Ridge CA US PGE,37.60538,-122.45838
554040,Oasis Road CA US PGE,36.11216,-121.08738
554041,SCE-3400 CA US SC-EDISON,37.31777,-118.41127
554887,Black Diamond Mines CA US PGE,37.97642,-121.85796
556140,Byron Hot Springs CA US PGE,37.80298,-121.64499
556528,GW0758 Oakland CA US,37.803,-122.225
559014,Day St,37.74244,-122.42963
566454,Climax Mine NV US ARL SORD,37.18599,-116.0444
566775,Corn Creek NV US NV-ENERGY,36.42632,-115.42981
567460,Old Highway 91 UT US PACIFICORP,37.10089,-113.8239
567461,Parowan UT US PACIFICORP,37.82948,-112.83939
567851,Shoemaker NV US NV-ENERGY,36.34812,-115.50602
568240,SCE-3404 CA US SC-EDISON,37.94508,-119.10272
568243,SCE-3423 CA US SC-EDISON,37.48323,-118.61928
569958,Cirrus Cir,37.09577,-113.31024
570376,Mid Kyle Canyon NV US NV-ENERGY,36.27055,-115.56638
571246,Panguitch Lake UT US PACIFICORP,37.74153,-112.61339
571269,Las Vegas Blvd N,36.27589,-115.01137
571645,SCE-3593 CA US SC-EDISON,37.61127,-118.84855
572043,Kensington Ave,37.94123,-122.31043
572323,US-89 at MP 104 Long Valley Jct UT US UTAH DOT,37.4907,-112.5117
573061,Scenic,36.7784,-113.99448
577692,SCE Gorge River Valley CA US SC-EDISON,37.44786,-118.52171
577694,SCE McGee Meadow CA US SC-EDISON,37.32944,-118.53787
577695,SCE Red Hill Rd CA US SC-EDISON,37.36115,-118.46017
577696,SCE Pole Rd CA US SC-EDISON,37.65079,-118.56567
577697,SCE Deep Canyon CA US SC-EDISON,37.36799,-118.50162
577700,SCE 4S48 Rd CA US SC-EDISON,37.61228,-118.81559
577702,SCE S Industrial Cir CA US SC-EDISON,37.62855,-118.86575
577709,SCE June Lake Short Cut CA US SC-EDISON,37.8354,-119.08175
577712,SCE Sherwin Hill East CA US SC-EDISON,37.50173,-118.59587
577713,SCE Rovana South CA US SC-EDISON,37.39117,-118.60917
577714,SCE Horton Creek CA US SC-EDISON,37.38226,-118.57107
577715,SCE Rossi Mine CA US SC-EDISON,37.31881,-118.40276
578533,Glenview Dr,36.19365,-115.29441
579542,Jenny Cir,36.27523,-115.99801
579618,Yosemite Pilot Peak CA US PGE,37.76259,-119.93588
580087,US-6 - CA / NV Stateline CA US CALTRANS,37.84225,-118.47841
580089,US-395 - Coso Rest Area CA US CALTRANS,36.04614,-117.94683
580090,US-395 - Lee Vining Hill CA US CALTRANS,37.96514,-119.14553
580095,US-395 - Windmill CA US CALTRANS,37.5344,-118.63527
580096,US-395 - Tom's Place CA US CALTRANS,37.56213,-118.6774
580097,US-395 - McGee Creek Road CA US CALTRANS,37.58796,-118.78405
580440,GW2334 BIG BEAR LAKE CA US,37.96067,-121.66167
580990,Niles Hill CA US PGE,37.58462,-121.98633
582579,Upper Saddleback Ridge CA US PGE,36.66739,-121.5205
582581,McCabe Road CA US PGE,37.12129,-121.05813
583031,Lynch Canyon Road CA US PGE,36.00878,-120.85275
583032,Corral Hollow CA US PGE,37.63098,-121.50956
584315,Top of 15 CA US MAMMOTH,37.63548,-119.00901
584341,Falling Canyon Ct,36.12055,-114.92576
585298,UPPER BULL CA US,36.96694,-119.05639
585299,UPPER PROVIDENCE CA US,37.06111,-119.18278
585341,FIVE RAM WATER DEVELOPMENT NV US,36.38389,-114.55944
585347,PLUTONIUM VALLEY 2 NV US,36.98444,-115.96194
586161,Skyview Pl,37.95893,-122.27095
587954,SCE Fish Trail CA US SC-EDISON,36.79852,-119.40788
590363,Monte Cresta Dr,37.51875,-122.31183
590564,Lexington Arch St,36.01339,-115.31572
592719,Wolfback Ridge Rd,37.85065,-122.4939
593967,Mission College Blvd,37.38697,-121.96667
595412,SCE-3646 CA US SC-EDISON,36.46226,-118.03698
595419,SORD STATION 51 NV US ARL SORD,36.20952,-115.14045
599713,Lone Tree Towers CA US PGE,36.93155,-121.23992
600894,Mt. Tamalpais CA US PGE,37.92795,-122.58822
600896,Ridgecrest CA US PGE,37.91933,-122.62877
601434,MWSUT2 Big Mountain UT US PACIFICORP,37.51118,-113.65749
602285,Oak Tree Trail CA US PGE,37.61131,-121.89387
602635,Dos Palos Y,37.03247,-120.67216
604056,Roundabout Cir,36.15083,-115.41553
604094,W Main St,37.57376,-113.7333
604236,Frazier Lake Rd,36.95271,-121.46675
609530,Arburua Road CA US PGE,36.94251,-120.92262
609862,Parowan,37.7976,-112.68427
611815,Sweet Dr,37.87604,-122.10466
613292,Valpico CA US PGE,37.7105,-121.45471
613300,SORD STATION 33 NV US ARL SORD,36.77873,-116.12212
613803,GW3817 VIRGIN UT US,37.2065,-113.20383
614534,Canyon Mesa Dr,36.17643,-115.30289
616033,SCE Caldera Rim CA US SC-EDISON,37.67239,-118.67117
616034,SCE-3694 CA US SC-EDISON,37.74558,-118.78946
616055,Firebaugh CA US PGE,36.85144,-120.46765
616058,Pine Mountain Fire Road CA US PGE,37.97681,-122.65175
616156,NV-318,37.55288,-115.2331
616546,PIERCE FERRY NEAR MEADVIEW 7N AZ US,36.09444,-114.04528
617596,Iron Mountain UT US UTAH DOT,37.6099,-113.3698
618271,SCE Crestview CA US SC-EDISON,37.73977,-118.97741
618468,Blue Desert Way,37.71713,-114.46243
619270,Point Reyes PGE,37.99784,-123.01257
619272,W6CX PITTSBURG CA US,37.89317,-121.9005
619578,Broadway,37.79369,-122.44182
620665,Kincaid Road CA US PGE,37.40615,-121.64002
620824,Oxalis,36.93847,-120.57384
621082,W Sunset Rd,36.07192,-115.23084
622431,Suntero Rdg,36.83066,-114.08918
623498,SORD STATION 46 NV US ARL SORD,36.82189,-116.14134
624348,Sanderling Island,37.90925,-122.38074
625386,Stargazer Ln,36.82539,-114.10685
625722,Oleander Way,37.71873,-122.09267
625923,Shirts Creek Rd,37.65184,-113.15506
627604,Oak Creek Rd,37.9529,-122.27741
629355,Ora Way,37.74165,-122.43795
629994,La Grange,37.7041,-120.41203
630506,Peach Rd,36.3252,-121.28128
632499,Casserly Rd,36.96509,-121.74186
634028,US-6 - Matthieu Hill Summit CA US CALTRANS,37.755,-118.4554
634378,S Hillcrest Dr,37.65812,-113.12564
634440,Sugar Loaf Rd,37.15246,-118.328
635135,North Las Vegas,36.28559,-115.01142
636148,Seclusion Valley Way,37.94099,-122.0995
636524,Fir St,37.62366,-118.98681
638019,Sutter St,37.78458,-122.44394
638062,Yellow Knolls UT US PACIFICORP,37.20613,-113.58305
638063,Enterprise North UT US PACIFICORP,37.60174,-113.73595
638064,Kolob North Creek UT US PACIFICORP,37.21006,-113.17707
638651,North Peak Access Road CA US PGE,37.5677,-122.49426
638657,Duncan Springs UT US PACIFICORP,37.58797,-113.38908
638658,Black Rock UT US PACIFICORP,37.84065,-112.97161
638660,Ash Creek UT US PACIFICORP,37.29052,-113.29206
638663,Dammeron Valley North UT US PACIFICORP,37.3286,-113.64506
638664,Jackson Spring UT US PACIFICORP,37.26389,-113.87944
639699,Sugar Creek Ct,37.86116,-121.99424
640194,SCE Middle Fork Aqueduct CA US SC-EDISON,37.24828,-118.58118
644742,Beryl Junction,37.73786,-113.69754
647510,SORD STATION 34 NV US ARL SORD,36.72825,-116.12356
158868,Marina Bay,37.91211,-122.34611
517,Richmond Wharf,37.923,-122.41
164188,Poplar Beach,37.45311,-122.43611
526581,Seaside HS,36.624,-121.838
164186,HMB Flying Field,37.41511,-122.42311
82737,Mt. Tiburon,37.888,-122.458
183882,Sausalito Yacht Harbor,37.858,-122.479
8784,Grizzly Peak,37.8653,-122.2208
8834,Rose Peak,37.5019,-121.7356
18775,Reid Hillview Airport,37.33,-121.82
100453,Hurricane UT US AQ,37.179,-113.3052
187855,Sears Ranch CA US,37.34139,-122.2774
183848,Hunters Point,37.729,-122.368
519075,Garcia Ranch Road CA US PGE,37.94222,-122.17017
549763,Le Verne St,37.62221,-118.98553
5696,CATHEYS VALLEY,37.3803,-120.0769
5951,Panoche,36.63,-120.6383
6008,MOUNT LOGAN,36.3531,-113.1992
6678,Moapa NV US UPR,36.7627,-114.656
7159,HUNTER MOUNTAIN,36.5625,-117.4736
7235,Mountain Springs,36.0306,-115.5167
8242,Amargosa Valley NV US CEMP,36.56889,-116.45889
9616,SANTA RITA,36.3478,-120.5978
19203,Castle Airport - Merced,37.38,-120.57
20743,CW9143 Pahrump,36.22468,-116.08832
43362,ENTERPRISE UT US SCAN,37.63333,-113.63333
67024,Eastern Sierra Regional Airport,37.37309,-118.36361
93932,Leeds UT US FGNet,37.2321,-113.352
94567,Deer Creek,36.32139,-115.61889
99817,SJSU,37.33272,-121.88212
116278,PLANADA (P305) CA PSD,37.35,-120.2
119914,Site 27 NB 99 @ Mission Ave. CA US CALTRANS,37.26267,-120.42484
119936,Rte 41 @ Kettleman CA US CALTRANS,36.00196,-119.95944
153657,Casa de Fruta,36.97725,-121.3809
159901,Keeler-Cerro Gordo Road CA US CARB,36.48791,-117.87111
175712,Jarvis Road,37.07465,-121.96026
182722,Bohlman Road CA US,37.21903,-122.03322
186455,Pfeiffer Ridge Road CA US,36.2458,-121.7874
187841,Bolinas Ridge Road CA US,37.9514,-122.67639
189445,SR-99 - North of Jack Tone Rd CA US CALTRANS,37.75947,-121.15468
189705,Crocker Ridge CA US PGE,36.05603,-121.27331
190498,Palo Escrito CA US PGE,36.40906,-121.49669
198461,Old Stage Road CA US PGE,36.67198,-121.52545
518646,East Bay Mud CA US PGE,37.77847,-122.09044
518648,Priest Rock,37.19406,-121.96407
520175,Alcosta Boulevard CA US PGE,37.75261,-121.92632
521601,Hornitos Road CA US PGE,37.49842,-120.17545
524019,Brian Head UT US PACIFICORP,37.69796,-112.84441
539914,Stuart Ridge CA US PGE,37.23065,-122.04981
540597,Wild Herb Rd,37.3023,-113.67842
541510,River Road CA US PGE,36.49796,-121.51769
546557,Lone Pine-PermMS CA US CARB,36.60721,-118.05473
548170,SCE-3177 CA US SC-EDISON,37.96183,-119.12018
548196,Gates EMS CA US PGE,36.13799,-120.12244
551729,Fort Ord US DRI,36.69471,-121.76026
552265,Lonoak CA US PGE,36.28536,-120.93608
554921,Haas Power House EMS CA US PGE,36.90552,-119.05783
557951,Eucalyptus Rd,37.01062,-120.68478
561728,Pescadero,37.28564,-122.38901
567457,Kanarraville West UT US PACIFICORP,37.53106,-113.22402
567462,Blue Diamond NV US NV-ENERGY,36.04978,-115.40534
567853,Reid Gardner Sub NV US NV-ENERGY,36.65794,-114.63883
570252,EUREKA VALLEY CA US,37.17625,-117.78849
571220,SR-99 - North of Shanks Road CA US CALTRANS,37.44252,-120.78914
571221,SR-99 - North of Whinton CA US CALTRANS,37.39131,-120.738
573658,Stanford Ct,37.38715,-122.17384
574865,E Fiddlers Canyon Rd,37.7146,-113.04176
577693,SCE Bitterbrush CA US SC-EDISON,37.29198,-118.55325
578668,Forest Route 1S26 CA US PGE,37.8537,-119.96435
579095,Smith Peak CA US PGE,37.80071,-120.10075
581237,Point Sur Ave,36.16747,-115.37646
582461,Geneva Ave,36.05939,-114.9416
584800,Marlin Dr,37.90447,-121.59132
585342,DRY CREEK AT FIELDS ROAD CA US,37.57889,-120.38944
586452,Geofrey St,36.26115,-116.03786
587408,Ravine Ave,36.16633,-115.99039
591824,Foster Rd,37.20466,-121.97004
592715,Corinthian Yacht Club,37.87148,-122.45687
594988,Hunterston Pl,37.30473,-122.04206
597480,Angels Lndg Dr,37.13013,-113.53265
598066,Yakima Ave,36.18266,-116.01242
598984,550 E,37.57182,-113.70959
600891,Ondulado Drive PGE,36.57125,-121.95574
609532,Draper Road CA US PGE,37.31445,-121.04911
612352,W View Ave,37.73104,-122.41855
615693,Dusky Willow Ln,36.21515,-115.33833
615807,Teresita Blvd,37.74362,-122.45131
616032,SCE Warren Lake CA US SC-EDISON,37.19319,-118.34028
617594,Black Mountain - Mariposa CA US PGE,37.69503,-120.01505
617627,S Napa Ave,36.60221,-120.22632
619064,Adobe Grande St,36.32212,-115.22382
620624,Pico Rio Ct,36.19122,-115.01631
627680,S Bennett Rd,36.88823,-120.7449
633118,Miller CA US PGE,37.33151,-121.17139
527067,Shoreline Lake,37.43266,-122.08841
49611,Santa Cruz Wharf near Woodie's Cafe,36.96,-122.02
54295,Santa Cruz Boardwalk,36.9628,-122.02325
572297,Concord Ct,36.67212,-121.79084
6082,San Luis Rec Area,37.035,-121.055
168018,MONTARA BEACH CA US NWS,37.53528,-122.51917
100719,Oakland Berth 67,37.79503,-122.28814
183874,San Rafael Creek,37.967,-122.503
170917,West Cliff Sacramento,36.95,-122.051
968,Watsonville,36.9394,-121.79
8746,Blackberry Hill,37.2042,-121.9508
5802,Hernandez Reservoir,36.3825,-120.8558
9505,OWENS VALLEY,37.3911,-118.5525
14005,Highlands Peak,36.0675,-121.55917
46050,Horseshoe,37.82567,-120.73367
164305,San Bruno,37.62111,-122.41311
164307,Burlingame,37.58111,-122.35611
175497,Page Mill Road CA US,37.3258,-122.18053
183733,Aptos Seacliff Beach,36.973,-121.908
183875,Spinnaker Point,37.964,-122.494
521711,San Jose San Felipe Road CA US PGE,37.27104,-121.67591
528171,Loop Road CA US PGE,37.51148,-122.33966
555131,Redwood City,37.51254,-122.19267
564035,Pleasure Point Dr,36.95506,-121.9726
569941,Madera Dr,37.54145,-122.32082
572325,Bolinas Fire Station CA US PGE,37.90882,-122.70281
584278,Beach Dr,37.97456,-122.47852
2496,AA5QJ-1 Las Vegas,36.20167,-115.26
5564,Long Valley Junction,37.5167,-112.5556
5994,Gunsight,36.7044,-112.5833
8253,Overton,36.54583,-114.44556
8256,Pioche NV US CEMP,37.93694,-114.45139
9468,RATTLESNAKE,36.4069,-118.4217
13355,Medlins Ranch NV US CEMP,37.40233,-115.53828
15262,Hanford Airport,36.32,-119.62
15465,"KVIS visalia, ca",36.32,-119.4
30524,King City-Oasis Rd. CA US CIMIS,36.121,-121.084
67027,Stockton Metro Airport,37.89417,-121.23831
86873,DW5754 Bishop CA US,37.38417,-118.42283
90839,"MENDOTA (P304), CA PSD",36.74,-120.4
96639,Independence,36.802,-118.196
96829,Pahranagat NWR NV US DRI,37.24556,-115.10639
99892,Hoover Dam West,36.01405,-114.74439
119927,I-5 @ Milham Ave. CA US CALTRANS,36.00878,-119.98972
119929,I-5 @ near Panoche Rd. CA US CALTRANS,36.64837,-120.62996
153639,Westside Blvd CA US CALTRANS,37.3626,-120.6534
153644,French Camp-Roth,37.85747,-121.28158
153676,MER 99 Griffith Rd OC CA US CALTRANS,37.45603,-120.80447
153892,Briones,37.97933,-122.13833
167493,SJ 120 E/O Main St. CA US CALTRANS,37.78338,-121.21123
167885,CRABTREE WEATHER STATION CA US,37.72556,-120.60056
170520,Coso Junction - Gate CA US CARB,36.05728,-117.86148
170521,Coso Junction - Hwy. 395 CA US CARB,36.04945,-117.94399
171968,CALFIRE PORTABLE 17 CA US,37.04875,-122.07389
175367,ALCALDE CA US,36.18333,-120.49861
175658,Sunol Ridge Trail CA US,37.62226,-121.92447
175722,Montevina Rd CA US,37.2135,-122.0233
180391,Empire Mine Rd CA US,37.94551,-121.8066
180393,Marsh Creek Rd CA US,37.89634,-121.8592
182443,FW4279 Bishop CA US,37.32267,-118.54033
185642,Hodson Road CA US,37.97922,-120.66413
186453,Whimsy Mine CA US,36.43394,-120.66237
186467,Airline Highway CA US,36.56704,-121.18233
186470,Reeve Ranch CA US,36.74586,-121.47317
186634,FW5661 Crows Landing CA US,37.335,-121.02683
187022,SCE-2309 CA US,37.27612,-118.57145
187043,Lagoria South CA US,36.54827,-121.89659
187838,Palo Escrito Peak CA US,36.40684,-121.49261
189430,SR-198 - Just West of SR-99 CA US CALTRANS,36.3272,-119.41583
189435,SR-219 - West of Morrow Road CA US CALTRANS,37.7113,-121.03817
189464,I-5 - 1.9 Miles South of SR-269 CA US CALTRANS,36.06076,-120.0748
189797,Arroyo Seco Road CA US PGE,36.24964,-121.44279
190959,FW6803 San Francisco CA US,37.75867,-122.43733
191274,SCE Sky Rock Dr CA US SC-EDISON,37.31466,-118.51074
191280,SCE Casa Diablo Cutoff CA US SC-EDISON,37.64509,-118.91349
195197,Rancho Hills,37.03051,-121.61193
198224,La Grange Road CA US PGE,37.82962,-120.47614
198242,SCE Lee Vining Canyon CA US SC-EDISON,37.93697,-119.13466
199434,Old Adobe Road CA US PGE,36.94774,-121.81515
199462,Moss Landing Hills CA US PGE,36.93498,-121.65119
200135,Cottonwood Road Tower CA US PGE,36.69411,-121.19641
201917,Little Valley South,37.04859,-113.51907
202319,Marsh Creek 2297,37.89434,-121.72916
517227,Monte Bello Road West CA US PGE,37.30066,-122.11793
518647,Mt El Sombroso-Sierra Azul,37.18023,-121.91741
519111,Skyline CA US PGE,37.3099,-122.16922
519605,Mt. Boullion CA US PGE,37.53467,-120.03043
520515,Highland Pkwy,37.1351,-113.47302
521609,Lower New Idria CA US PGE,36.48747,-120.7958
521701,Granite Rock CA US PGE,36.90017,-121.62277
521710,Fowler Road CA US PGE,37.31403,-121.75479
523853,NE Bernal Heights,37.74525,-122.4088
524006,Long Ridge CA US PGE,36.43058,-121.73637
524012,Cliffecastle Court CA US PGE,37.74051,-121.99055
526629,Kahler Court CA US PGE,37.43136,-121.80506
526631,Jolon Road CA US PGE,36.11417,-121.16971
528174,Blackstone Court CA US PGE,37.68038,-122.03643
533792,Sprig Lake Hills CA US PGE,37.02027,-121.68621
535267,Half Moon Bay Switch CA US PGE,37.45045,-122.4292
538553,Cottonwood Rd,36.00566,-114.0526
539136,E 11600 S,37.10175,-113.6419
540772,Intervale Rd,36.15717,-115.34753
542056,Reuss Road CA US PGE,37.66162,-121.65952
542482,Enoch UT US AQ,37.74745,-113.05552
545202,Pebble Beach Stillwater,36.56583,-121.94283
545944,SCE Powerhouse 3 AQ CA US SC-EDISON,37.14816,-119.39425
548701,Highway 25 CA US PGE,36.66643,-121.24905
549084,SCE Sabrina Campground CA US SC-EDISON,37.22031,-118.60607
550850,Byron Hills CA US PGE,37.84102,-121.72454
554920,Last Chance Road CA US PGE,37.08724,-122.26029
561127,Wagon Wheel Dr E,37.76255,-113.02905
566017,Dagnino Rd,37.75901,-121.74566
567066,Pine Canyon Rd,36.57821,-121.63976
568245,St. George UT US UCC-AGNET,37.0965,-113.6295
571646,SCE-3579 CA US SC-EDISON,37.52471,-118.61823
573328,Via Del Salvatore,36.07426,-114.97288
577711,SCE Boulder Campground CA US SC-EDISON,37.93007,-119.16851
579617,Miami Mountain CA US PGE,37.41942,-119.74515
580016,E Harmon Ave,36.10779,-115.10016
580094,US-395 - Crestview CA US CALTRANS,37.75119,-118.98319
580098,US-395 - Obsidian Dome CA US CALTRANS,37.77493,-119.01401
582578,Blithedale Summit CA US PGE,37.9269,-122.55729
583037,Quien Sabe Road CA US PGE,36.81107,-121.25251
585215,GW2661 San Rafael CA US,37.98017,-122.53967
585372,VOGELSANG (CDEC FLY) CA US,37.79444,-119.3475
585432,CUSHING MOUNTAIN (COLORADO FIRE) CA US,36.39028,-121.88806
586014,King City IDSM PGE,36.21843,-121.12756
587339,K6POO-1 BRISBANE CA US,37.681,-122.40267
587882,Higuera Rd,37.34073,-121.7645
589477,Brentwood IDSM CA US PGE,37.91761,-121.68445
591441,Beach Rd,36.89245,-121.78448
592925,Joost Ave,37.73219,-122.43856
593093,San Rafael IDSM CA US PGE,37.98907,-122.52841
593532,Lyle Ct,37.70511,-122.10528
597758,Orilla Del Agua,36.77488,-121.73847
598076,SCE Reservation Rd CA US SC-EDISON,36.02687,-118.91656
600906,Mustang Creek CA US PGE,37.19801,-121.10088
611121,Lime Creek Road PGE,36.11357,-121.62642
613268,KB7SAT LAS VEGAS NV US,36.2645,-115.21517
613823,Union Road CA US PGE,37.7794,-121.23434
614936,Buri Buri SSF,37.65828,-122.44222
615494,KN6ZYR CHALFANT CA US,37.52133,-118.3635
615698,Deepwell Rd,37.0351,-120.72633
618270,SCE Smokey Bear Flat North CA US SC-EDISON,37.70328,-118.94982
619661,Lenray Ave,37.13881,-121.99567
620187,GW4073 ORDERVILLE UT US,37.274,-112.639
620925,Pine ridge Auberry Rd,37.05843,-119.3811
624306,W 300 S,37.56835,-113.72456
625089,Gunfighter Ln,36.05747,-115.4482
627186,Amador Rd,37.54086,-121.98905
629953,Viewpoint Rd,36.9869,-121.91105
632641,Brian Rd,36.14055,-115.97867
635025,Purisima Creek Rd,37.41808,-122.39742
635095,Phelps Ave CA US PGE,36.15087,-120.33668
635924,38th Ave,37.77643,-122.49879
636533,Sugar Maple Dr,37.05732,-113.51891
638650,West Willmott CA US PGE,37.06906,-120.85994
645587,Mt. Diablo Summit CA US PGE,37.88148,-121.91956
647598,Weston Ave,36.5228,-116.1852
537262,Alameda Bayview,37.75259,-122.24298
13552,Pleasure Point 30th,36.958,-121.97333
183712,Lower Great Highway Trail,37.752,-122.505
164185,West Cliff Ocean Front,36.95211,-122.04411
87116,SAND HOLLOW UT US SCAN,37.1,-113.36
113145,Linda Mar,37.59311,-122.48511
183735,Rio Surf Beach,36.96,-121.892
8381,Elkhorn Slough,36.8181,-121.7394
2353,Pulgas Ridge,37.475,-122.2981
97537,Seaplane Lagoon,37.7788,-122.296
187047,SCE Huntington Lake CA US,37.21524,-119.23675
14006,Whale Point,36.07222,-121.59583
7221,Poverty Ridge,37.4431,-121.7706
8255,Pahrump NV US CEMP,36.22111,-115.99528
159350,Berkeley Lab CA US UUNET,37.8771,-122.2485
566388,GW1307 APTOS CA US,36.948,-121.87267
49631,Sunset Ridge,37.647,-122.476
82750,San Bruno Skyline,37.635,-122.451
113161,Ferry Point,37.77911,-122.29711
183722,Burning Tree Fairway,37.433,-122.429
183860,Point Richmond West,37.929,-122.39
187658,Hildreth CA US,37.09008,-119.59661
521643,Cienega Farm CA US PGE,36.7473,-121.39355
569637,Oakland Yacht Club,37.78346,-122.26475
579378,Weller Rd,37.48224,-121.85497
600593,Dixie Springs Station,37.13546,-113.38606
2723,Mesquite West NV,36.816,-114.1043
6534,Mesquite East NV,36.81444,-114.05028
7187,Kyle Canyon,36.2667,-115.6
8243,Beatty NV US CEMP,36.9125,-116.75556
8247,Cedar City UT US CEMP,37.66611,-113.07278
9277,NPS #6 VOLCANO,37.7597,-119.8206
13345,GARDEN SPRING NV US DRI,37.27194,-114.29417
15503,"KPTV porterville, ca",36.03,-119.07
20707,Five Points CA US CIMIS,36.336,-120.113
26294,Modesto CA US CIMIS,37.645,-121.188
26918,Stratford CA US CIMIS,36.158,-119.85
30185,VEYO PH UT US CRBFC,37.35222,-113.66667
30522,Westlands CA US CIMIS,36.63,-120.38
36287,Whale Point Station near Luc,36.08417,-121.57278
50188,HLWC1,37.11444,-119.89333
56190,Huron CA,36.18278,-120.12222
90366,NV6B North Fork CA US,37.248,-119.56
92340,"Riverbank, CA",37.74883,-120.93417
96846,Rogers Spring NV US DRI,36.47833,-116.33083
97192,Coalinga CA US CIMIS,36.1758,-120.3603
111234,EW1902 Tulare CA US,36.20446,-119.31086
119933,Route 145 & Ave. 5 1/2 CA US CALTRANS,36.82892,-120.05612
119963,Rt. 99 Livingston CA US CALTRANS,37.37462,-120.6834
119966,Rt. 99 Keyes CA US CALTRANS,37.55958,-120.91988
119976,Rt. 99 Ripon CA US CALTRANS,37.74653,-121.13274
151970,NEVERSHINE AZ US,36.24753,-113.88851
153640,Lathrop-5@ Lathrop Rd,37.83797,-121.28625
153641,SJ 5 N/O Rte 120 CA US CALTRANS,37.79102,-121.301
153642,SJ 120 E/O Airport Way CA US CALTRANS,37.78327,-121.24367
153646,SJ 120 JCT Rte 5 (R14.38 I-5) CA US CALTRANS,37.78689,-121.3042
162740,EW8418 San Rafael CA US,37.98917,-122.54833
162743,EW8563 San Jose CA US,37.375,-121.80533
166491,DEXTER CA US,37.83888,-118.77189
166629,IRAWS 31 (BOTTCHERS GAP) CA US,36.35414,-121.81308
166988,K6HN Pacifica CA US,37.58667,-122.4765
167895,WESTLEY WEATHER STATION CA US,37.515,-121.23111
175498,Loma Prieta Road,37.09883,-121.85796
175544,FW2818 Concord CA US,37.95617,-121.99583
180209,Deer Trl CA US,37.90686,-122.14668
180674,FW3806 Las Vegas NV US,36.30967,-115.26117
181344,Twist Rd CA US,37.88845,-120.3723
181345,Campbells Flat CA US,37.9482,-120.3944
181348,Jordan Creek Road CA US,37.75585,-120.05826
182720,Durham Road CA US,37.3938,-122.35119
184811,Coalinga Road CA US,36.40912,-120.96318
185548,FW4443 Las Vegas NV US,36.15,-115.22983
186053,FW1520 San Francisco CA US,37.8,-122.4
186464,Moss Landing Road CA US,36.92179,-121.67795
186525,Panoche Road (Call Mountain) CA US,36.61609,-121.06814
186674,FW3788 Paicines CA US,36.569,-120.9615
186719,Banderilla Road CA US,37.65452,-120.3414
186891,FW2720 Pahrump NV US,36.11867,-115.932
187531,Sierra Road CA US,37.41581,-121.78125
187532,Coyote Lake CA US,37.07033,-121.52142
187782,San Geronimo Ridge Road CA US,37.99868,-122.656
187839,Five Brooks CA US,37.99934,-122.74749
189434,SR-219 - East of Pentecost Drive CA US CALTRANS,37.71134,-121.00097
191269,SCE Habegger Ln CA US SC-EDISON,37.23499,-118.56642
193071,Brewster Carlton Station,37.24694,-121.93663
197960,Hogback Drive CA US PGE,36.65195,-119.00218
199089,Gilroy new avenue,37.05752,-121.54407
199429,Harry Road CA US PGE,37.21552,-121.80454
200169,SCE-2779 CA US SC-EDISON,37.6442,-119.00604
201115,Bellota Riverbank CA US PGE,37.87194,-120.68786
201193,E Evelyn Ave,37.38613,-122.06559
517058,Long Valley Spur,36.82111,-121.71315
518926,Skye Arroyo Ave,36.31232,-115.32176
519074,Wilder Hills CA US PGE,37.85157,-122.18009
519597,Cedar Lane CA US PGE,37.60778,-120.20948
520168,Sweigert Road CA US PGE,37.41638,-121.83829
521600,Red Top Lookout CA US PGE,37.1283,-119.7767
521836,San Vicente Dr,37.6655,-121.75473
523648,Fremont Hills CA US PGE,37.62485,-121.97213
524263,Terrastone Dr,36.06226,-115.31045
524400,Calhoun Street CA US PGE,37.6459,-122.05157
525861,FW8056 Beryl UT US,37.83167,-113.70367
527299,BIG BASIN STATE PARK CA US MTRWFO,37.18361,-122.20417
527304,Monte Vista CA US PGE,37.27948,-122.10709
528176,Oakland IDSM CA US PGE,37.76075,-122.21809
528526,Eastshore Dr,37.75321,-122.22875
529258,Reata Rd,37.34701,-118.44418
531372,Mt. Devin Road CA US PGE,36.49617,-121.91154
533023,Heather Dr,36.00524,-114.98369
538571,Coggins Road CA US PGE,37.314,-122.26381
538627,FW9488 Pahrump NV US,36.1915,-116.03083
542055,San Antonio Valley Road East CA US PGE,37.36538,-121.47811
544394,Crazy Horse CA US PGE,36.77118,-121.5814
544397,Merced IDSM CA US PGE,37.29214,-120.4088
545939,Hernandez Road CA US PGE,36.51143,-121.08173
548171,SCE-3186 CA US SC-EDISON,37.77495,-119.01477
548187,Herndon Sub EMS CA US PGE,36.84064,-119.92212
548197,Arroyo Hills CA US PGE,37.60138,-121.7498
548391,COAST DAIRIES CA US,37.03083,-122.18785
550005,Uvas Hill CA US PGE,37.07418,-121.68195
550459,Apple Colony Road CA US PGE,37.92109,-120.25409
550851,Highway 198 West CA US PGE,36.15909,-120.90576
551567,Kings Mountain Rd,37.42695,-122.30677
552426,Skyline Blvd,37.44747,-122.33488
554793,Burnett Ave,37.75678,-122.44591
556138,Chinese Camp CA US PGE,37.85821,-120.42027
556785,Alder Heights Rd,37.05946,-119.39937
557387,Klaus,37.11392,-122.10412
559464,Arlington Blvd,37.93603,-122.30681
561034,Yosemite 49 CA US PGE,37.6817,-120.17466
564546,Kingston Ave,37.8239,-122.24939
566007,N Benson Cir,36.23372,-116.04479
567459,Iron Mountain UT US PACIFICORP,37.64121,-113.37432
567852,Upper Kyle Canyon NV US NV-ENERGY,36.26532,-115.65635
570017,Montezuma Road CA US PGE,37.89935,-120.45387
576529,Knobcone Ct,37.95284,-122.27969
577607,W Serene Ave,36.02021,-115.19526
577698,SCE Antelope Cutoff CA US SC-EDISON,37.67851,-118.91642
579030,Rocking K Rd,37.35774,-118.48331
579690,De Haro St,37.75617,-122.40044
581704,Ben Hur Road CA US PGE,37.36618,-119.96604
582171,Salinas Idsm CA US PGE,36.68304,-121.65068
583011,GW2403 Salinas CA US,36.52083,-121.7
583314,El Granada Blvd,37.51468,-122.46308
583703,Merced Ave,36.95085,-122.04836
585245,CHALK PLANT NEAR NEW SAN PEDRO CA US,37.80806,-120.54222
585249,MOCCASIN MET STATION CA US,37.81,-120.29667
585289,BADWATER BASIN CA US,36.22944,-116.76694
585345,MERCED RIVER AT AMSTERDAM ROAD CA US,37.46806,-120.54167
585346,MERCED RIVER AT HIGHWAY 59 CA US,37.47028,-120.5
585348,PLUTONIUM VALLEY 1 NV US,36.95806,-115.95806
585353,UC MERCED WX STATION CA US,37.36611,-120.4225
587040,Carmel Valley,36.52485,-121.75239
587960,Fresno IDSM CA US PGE,36.71846,-119.76686
588080,Blue Ridge Tulare County,36.287,-118.83841
588693,Martin Ave,36.09568,-115.93651
590657,Paloma Dr,37.91725,-122.50701
591188,Edward Baher Ave,36.2662,-115.2728
592300,Oak Springs Dr,37.99587,-122.58348
593803,W White Clfs Dr,37.259,-112.64583
594095,GW3142 La Honda CA US,37.29917,-122.17417
596664,Aubrey Ave,37.01714,-120.66184
596725,Coronado Ct,37.91009,-121.62206
604455,Wilson Rd,37.51002,-118.63567
604536,Chowchilla CA US PGE,37.12594,-120.25955
609616,W Ford Ave,36.0319,-115.22064
610421,Rhyolite Terrace,36.08213,-114.94994
612169,Oakridge Ave,36.14337,-115.96851
612551,SJSU FTS PORTABLE #1 CA US,37.3312,-121.8818
613305,Santa Lucia Conservancy - Water CA US CW3E,36.48613,-121.79388
614032,Butterfly Ln,36.68964,-119.14125
614289,East Jefferson Road CA US PGE,37.09861,-120.47368
614752,RunUpp Ranch Weather,37.82988,-118.18596
615007,Wild Skies Dr,36.1575,-115.36931
618265,Land Rover CA US PGE,37.92446,-122.51509
619159,High Desert Rd,37.25821,-113.36506
619347,Morning Gallop Ct,36.30322,-115.2196
621488,Seal Rock Station,36.58902,-121.96274
623478,GW4205 OAKDALE CA US,37.7755,-120.84283
624599,Windward Point,37.89223,-121.61407
624995,N Racetrack Rd,36.06233,-114.94907
627032,Kalana Ave,37.16867,-121.71999
627520,Antonette Dr,37.9139,-122.48177
629129,Nova Scotia Ave,37.26342,-121.94125
629410,Rimrock Canyon Rd,36.57053,-121.69994
629577,E Cactus Cyn Dr,36.15036,-115.93469
630185,Prague St,37.57797,-122.31386
630491,35th Ave,36.95716,-121.97063
630701,W Cutting Blvd,37.92408,-122.37685
631156,Pier Point,37.89651,-121.61608
634741,Westridge Rd,37.48196,-118.6054
642345,W Mistral Ave,36.03773,-115.27315
644397,E Anvil Rd,36.53944,-116.4827
647528,Charles Turk Dr,36.17279,-115.27261
94635,Harbor View,37.5805,-122.3155
544345,Coyote Point Marina,37.59156,-122.31524
49629,West Fairway,37.62098,-122.48631
163442,Sand City,36.61733,-121.8485
9207,Ben Lomond Mt,37.1317,-122.17
187053,SCE June Lake CA US,37.7948,-119.07523
198406,SCE Huntington Lake Rd CA US SC-EDISON,37.25324,-119.16551
9285,CRESTVIEW,37.745,-118.9833
170915,Manresa Beach,36.92,-121.849
5630,Hastings,36.3889,-121.5514
14438,Tracy Airport,37.6825,-121.4406
49179,East Richmond,37.93524,-122.31675
88274,Pacific Grove,36.623,-121.919
148068,Linda Mar Ridge,37.58711,-122.48211
175665,Castro Ranch Road CA US,37.96847,-122.2429
183873,San Pedro Cove,37.972,-122.488
195203,Western at Lisa Ct,36.97597,-122.05901
534323,Mott Ave,36.96531,-122.00872
548272,Great Cir Dr,37.88118,-122.50043
6074,Shaver Lake,37.1369,-119.2606
20680,TIOGA PASS-DANA MEADOWS NEAR LEE CA US CNRFC,37.89306,-119.25694
49637,Redw Shores-Marlin,37.529,-122.251
54275,Partington Ridge,36.198,-121.7
82747,Rio Del Mar - Seascape Golf,36.965,-121.889
83562,Monterey Hospital,36.5841,-121.911
87184,Old Mammoth,37.62553,-118.98145
90613,ZION NAT PARK CEDAR CITY 18 SSE UT US,37.4572,-113.2248
99815,Stevens Creek,37.29783,-122.09833
102064,West Valley,37.2625,-122.0033
119930,Rte 41 @ San Joaquin River CA US CALTRANS,36.87419,-119.7929
120670,KFO PORTABLE 4 UT US,37.03728,-112.52472
148073,Aptos Creek,36.97411,-121.90511
150666, Fremont,37.52883,-121.98333
155152,Hidden Beach RDM,36.95617,-121.88517
158789,Heritage Park,36.03111,-114.94911
158852,Moss Beach,37.53811,-122.50711
158855,Vallemar,37.61011,-122.47211
158881,South Beach,37.78211,-122.39411
160809,EW8163 Hume CA US,36.78783,-118.91317
162721,Moraga Hill,37.14134,-121.59103
164321,San Rafael,37.97211,-122.53911
164323,Green Gulch,37.86311,-122.56811
164419,Soquel Demo Forest,37.09011,-121.89111
164937,NR6G-12 Delilah Lookout CA,36.80417,-119.1175
167891,OAKDALE WEATHER STATION CA US,37.73417,-120.84528
170923,Seacliff,37.786,-122.487
180328,Oakridge Rd CA US,37.50784,-121.83395
183716,Miramar Water,37.496,-122.45
183719,Poplar Beach North,37.46,-122.441
183721,Canada Cove West,37.43,-122.432
183725,Derby Park,36.952,-122.05
183732,Seacliff Beach,36.974,-121.909
183738,La Selva Beach,36.938,-121.856
183744,Mission Trail Park,36.546,-121.917
183841,Canvasback Way,37.544,-122.241
183843,Sand Harbor South,37.549,-122.259
183844,Foster City Center,37.561,-122.264
183852,Porta Ballena,37.768,-122.287
183856,Marina Faire,37.697,-122.18
183861,Richmond Plunge,37.924,-122.385
183879,Little Reed Heights,37.898,-122.49
183880,Waldo Point Harbor,37.874,-122.504
186364,Aptos Creek Road CA US,36.98604,-121.90301
186522,Lado Road CA US,37.00377,-119.63611
186718,Mariposa CA US,37.50539,-120.00978
198411,SCE Tollhouse Rd CA US SC-EDISON,37.25056,-119.1592
198441,Los Animas CA US PGE,37.22717,-121.66081
202058,Bentley Ln,37.71551,-121.41669
524967,Monterey Plant,36.60346,-121.8725
552038,Metcalf EMS CA US PGE,37.22123,-121.74027
554955,Beehive,37.145,-121.145
570564,Alameda Ave,37.49266,-122.45646
579537,Seagull,37.909,-122.341
587189,Lagoon # 2 - Downwind,37.934,-122.522
587959,Woods Lagoon,36.96937,-122.00008
599588,Mussel Rock Park,37.672,-122.493
600090,Copperfield Ct,37.93716,-121.74941
619846,Ave Portola,37.5033,-122.4688
622001,McNear Dr,37.98932,-122.47179
647728,Princeton Ave,37.50296,-122.49103
651753,The Slot,37.90816,-122.47274
2792,NM6G Mariposa,37.44229,-119.86272
3093,CW1522 Mariposa,37.42917,-119.82833
3210,CW2553 Hanford,36.36283,-119.63283
3268,San Martin,37.07533,-121.61667
3290,Union City Casa Verde,37.59633,-122.06967
3866,CW6459 North Fork,37.23551,-119.5197
5562,Arroyo Seco,36.23,-121.4917
5603,BUCK MEADOWS,37.8233,-120.0975
5702,Coe-Diablo Grande,37.3292,-121.2956
5708,DINKEY,37.0664,-119.0394
5742,FANCHER CREEK,36.8836,-119.4758
5750,Fort Hunter Ligget,36.0117,-121.2417
5760,FENCE MEADOW,36.9614,-119.175
5779,GREEN SPRING,37.8342,-120.5031
5848,Russian Ridge,37.3053,-122.255
5889,METCALF GAP,37.4094,-119.7681
5914,Milo,36.2319,-118.8706
5918,MARIPOSA,37.5042,-119.9869
5945,OAK OPENING,36.1753,-118.7017
5974,Big Sur State Park,36.2356,-121.785
5977,HURLEY,37.0147,-119.5675
6071,SHADEQUARTER,36.5669,-118.9569
6171,INF04 PORTABLE,37.7911,-119.0189
6187,ASH MOUNTAIN,36.4914,-118.8253
6222,White Wolf,37.8594,-119.6517
6532,Highland Hills,36.0075,-114.96556
8240,Alamo NV US CEMP,37.36417,-115.16333
8246,Caliente NV US CEMP,37.61288,-114.51397
8249,Indian Springs NV US CEMP,36.57444,-115.67583
8251,UNLV,36.11389,-115.14778
8657,CASE MOUNTAIN,36.4108,-118.8092
8929,San Luis Portable BLM Station,37.0664,-120.8039
9200,BLACKROCK,36.0936,-118.2611
9225,BATTERSON,37.3781,-119.6183
9259,CEDAR GROVE,36.7878,-118.6561
9385,HIGH SIERRA,37.3147,-119.0383
9389,Sugarloaf,36.7267,-118.675
9401,JERSEYDALE,37.5436,-119.8397
9449,LAVA POINT RAWS,37.3917,-113.0389
9481,MOUNTAIN REST,37.0542,-119.3711
9489,NORTH FORK,37.2331,-119.5056
9517,PEPPERMINT,36.0733,-118.5414
9519,PINEHURST,36.6972,-119.0181
9532,PARK RIDGE,36.7242,-118.9425
9541,Black Rock,36.7944,-113.7567
9547,NIXON FLATS,36.3883,-113.1581
9553,Yellow John Mountain,36.155,-113.5494
9672,TRIMMER,36.9111,-119.305
9738,WOLVERTON,36.445,-118.7033
9740,WAWONA,37.54,-119.6533
9814,Mt Warren Summit,37.99215,-119.22093
11204,MINARETS,37.4072,-119.3456
11223,ZION NATIONAL PARK UT US SNOWNET,37.2339,-112.8741
13195,HUNTINGTON LAKE NEAR BIG CREEK 2 CA US CNRFC,37.2275,-119.22056
13354,Mammoth Sesame Snow,37.64977,-119.0417
13443,Green Valley Ranch,36.00133,-115.083
13459,North Las Vegas-Lone Mountain,36.24433,-115.20517
13917,GREEN MOUNTAIN NEAR MAMMOTH LAKE CA US CNRFC,37.555,-119.23806
13987,SNOW FLAT NEAR YOSEMITE VILLAGE CA US CNRFC,37.83778,-119.45
14184,DIXIE PORTABLE #3,37.7494,-112.5703
14309,Modesto-14th Street CA US CARB,37.6425,-120.99361
14322,Sonora,37.96889,-120.38667
14329,Parlier CA US CARB,36.59667,-119.50417
14330,Fresno - Skypark CA US CARB,36.84167,-119.88278
14331,Clovis-N Villa Avenue CA US CARB,36.81944,-119.71667
14333,Corcoran-Patterson Avenue CA US CARB,36.10222,-119.56583
14335,Madera - Pump Yard CA US CARB,36.96306,-120.01667
14364,Fresno-Drummond St CA US CARB,36.70556,-119.74139
14428,Sequoia Natl Park-Lower Kaweah CA US CARB,36.56611,-118.77778
14429,Sequoia & Kings Canyon Np CA US CARB,36.4875,-118.8269
14432,Jerseydale-6440 Jerseydale CA US CARB,37.5447,-119.8417
14433,Hanford-S Irwin Street CA US CARB,36.3128,-119.6436
14792,BLACKCAP BASIN NEAR BISHOP 29SW CA US CNRFC,37.06667,-118.77
19581,Panoche CA US CIMIS,36.89,-120.732
19740,SNF04 PORTABLE,37.6217,-119.8714
20566,CW0791 Belmont,37.503,-122.307
20666,CHARLOTTE LAKE NEAR INDEPENDNCE CA US CNRFC,36.79694,-118.42194
20667,UPPER BURNT CORRAL MEADOW CA US CNRFC,37.18306,-118.93667
20677,TUNNEL NEAR CATAGO 15W CA US CNRFC,36.36,-118.28833
20682,BEACH MEADOWS NEAR OLANCHA 20SW CA US CNRFC,36.1241,-118.293
20683,COTTONWOOD LAKES NEAR LONE PINE CA US CNRFC,36.4825,-118.17556
20686,CRABTREE MEADOWS MET STN NR LONE CA US CNRFC,36.56333,-118.345
20689,QUAKING ASPEN CA US CNRFC,36.12167,-118.545
20692,TUOLUMNE MEADOWS CA US CNRFC,37.87333,-119.35
20699,SOUTH LAKE CABIN NEAR BISHOP 16S CA US CNRFC,37.16833,-118.57056
20719,Union City CA US CIMIS,37.599,-122.052
20722,Oakdale CA US CIMIS,37.71861,-120.85083
29786,BIG MEADOWS (DWR) CA US CNRFC,36.72,-118.85
29966,CW2523 Seaside,36.634,-121.81033
30484,Firebaugh/Telles CA US CIMIS,36.851,-120.59
30501,Bishop CA US CIMIS,37.358,-118.404
30502,Parlier CA US CIMIS,36.598,-119.503
30509,Manteca CA US CIMIS,37.835,-121.223
30511,Fresno State CA US CIMIS,36.821,-119.742
30546,Pleasanton CA US CIMIS,37.66389,-120.885
30932,SNF03 PORTABLE,37.4267,-119.6647
31923,4 Corners,36.9472,-121.41109
32639,DW0117 Three Rivers Museum,36.45117,-118.89617
36279,GARDEN SPRING CLIMATE SITE NEAR NV US,37.27167,-114.29306
44435,DW0826 Fish Camp CA US,37.45417,-119.64567
45637,Mountain House,37.78383,-121.55633
46683,D1297,36.85352,-119.63011
46954,FSBC1,37.2342,-119.3114
48160,KCYN2,36.2653,-115.6085
48162,NUTN2,36.5729,-115.2042
48163,TRUN2,36.3735,-115.7813
48165,BRSN2,36.3158,-115.6954
48166,LCAN2,36.3054,-115.6751
48167,Mt Charleston,36.2493,-115.6297
48248,D2149,37.32799,-119.55248
50115,ELWC1,37.20917,-119.97833
50191,KAWC1,36.41583,-119.00556
50272,TIRC1,37.91111,-119.25694
50380,ERYC1,37.935,-119.23278
50385,SAWC1,37.15833,-118.56167
50389,BGPC1,37.12833,-118.475
50459,RCKC1,37.47333,-118.71667
52787,Pine Flat Lake,36.8328,-119.3372
54404,AT301,37.32717,-119.6495
54419,D3347,36.862,-119.712
55063,AT311,36.35917,-119.31833
55091,TS748,37.0,-119.1417
67001,Fresno Yosemite International Airport,36.78,-119.71944
69742,AT344,37.32083,-119.56267
70892,Merced East,37.32833,-120.452
85319,MARBLE CREEK CA US SCAN,37.78,-118.42
87107,CAVE VALLEY UT US SCAN,37.36,-113.12
87519,DW6061 Boulder Creek CA US,37.11283,-122.10817
88125,WX6HNX-11 Sequoia NP CA US,36.60417,-118.73306
88315,DW6358 Aptos CA US,36.97,-121.88883
91370,DW7171 Oakhurst CA US,37.35904,-119.68069
94918,DUDLEY RANCH AT COULTERVILLE CA US CADWR,37.74056,-120.1325
96594,DW9278 Brentwood CA US,37.96717,-121.71917
97036,Hastings Natural History Reserva CA US DRI,36.38639,-121.55028
97920,Porterville-1839 Newcomb Street CA US CARB,36.03179,-119.05505
97922,Madera-28261 Avenue 14 CA US CARB,36.95326,-120.0342
97923,Manteca-530 Fishback Rd CA US CARB,37.79338,-121.24779
99160,Deep Springs CA US SCAN,37.3669,-117.7166
100102,EW0607 North Las Vegas NV US,36.31283,-115.19133
100126,Fresno-Garland CA US CARB,36.78532,-119.77418
113264,OVD #1 CA US,37.8603,-119.0967
115029,YNP PORTABLE CA US,37.65361,-119.65889
115117,EW2888 Squaw Valley CA US,36.74917,-119.24
115406,EW3117 Hollister CA US,36.8425,-121.365
116586,Eden Landing,37.6,-122.1
116820,KFO PORTABLE 1 UT US,37.03857,-112.73005
119247,EL PORTAL CA US,37.67533,-119.78792
119925,Route 99 @ Floral Ave. CA US CALTRANS,36.579,-119.63188
120340,MARQUEZ 2011 CA US,36.35972,-120.77306
146406,Big Creek Reserve - Gatehouse (U CA US DRI,36.07083,-121.59861
148614,EW4850 Oakdale CA US,37.76517,-120.861
149681,Denair II CA US CIMIS,37.5458,-120.7544
150442,EW5633 Tollhouse CA US,37.0,-119.3
150480,Edenvale,37.2345,-121.8325
150883,EW5967 Las Vegas NV US,36.195,-115.34017
151092,Lago Lomita,37.1115,-121.89367
151897,KJ6GEA San Mateo CA US,37.53283,-122.29667
152530,EW6413 Lafayette CA US,37.88167,-122.1175
152795,EW6555 Concord CA US,37.96167,-121.95133
153025,EW6749 Cupertino CA US,37.30233,-122.05817
153292,EW6800 Boulder Creek CA US,37.22833,-122.1445
153581,NR6G-13 Grant Grove CA US,36.7355,-118.96167
153585,EW6873 San Jose CA US,37.3415,-121.903
154002,EW7041 Fremont CA US,37.58033,-121.99933
154057,EW7138 Mountain View CA US,37.40559,-122.09915
158077,EW7549 Del Rey CA US,36.673,-119.648
159586,EW7845 Fish Camp CA US,37.47767,-119.63883
159715,Monterey Pen College,36.5925,-121.88417
159922,DOE RIDGE CA US SCAN,37.63,-118.83
159924,MONOCLINE RIDGE CA US SCAN,36.54,-120.55
160055,Mammoth Lakes-Gateway HC CA US CARB,37.64576,-118.96654
160494,EW8167 San Martin CA US,37.0945,-121.57283
160816,EW8213 San Jose CA US,37.36667,-121.83683
161290,EW8331 Livermore CA US,37.73,-121.73117
161876,EW8430 Walnut Creek CA US,37.9,-122.06683
162846,EW8618 Saratoga CA US,37.27467,-122.062
162888,Route 99 @ Kings River Bridge CA US CALTRANS,36.49642,-119.53036
163234,W6VN Los Gatos CA US,37.2,-122.07
163621,EW8945 Sunnyvale CA US,37.34,-122.02833
163964,EW9049 St George UT US,37.11117,-113.55033
164348,EW9135 Brentwood CA US,37.967,-121.7245
165204,EW7937 Clovis CA US,36.8055,-119.665
165247,EW9502 San Carlos CA US,37.4975,-122.27333
166206,KC6SST Oakland CA US,37.84283,-122.2675
166612,EW9856 Castro Valley CA US,37.70917,-122.072
166990,EW9999 Las Vegas NV US,36.33467,-115.6575
167733,VISITORS CENTER AT FURNACE CREEK CA US NWS,36.46222,-116.86361
168026,SUCCESS LAKE WEATHER STATION NEA CA US USARMY-COE,36.07472,-118.91833
169123,FW0333 Cupertino CA US,37.28033,-122.1195
169599,FW0574 Campbell CA US,37.26833,-121.97167
170089,FW0731 Tulare CA US,36.222,-119.35967
170334,FW0864 Merced CA US,37.3055,-120.48583
170460,Fresno - Foundry Park CA US CARB,36.71088,-119.77743
171074,UPPER SAN LEANDRO RESERVOIR NEAR CA US MTRWFO,37.76444,-122.09806
171185,FW1271 Campbell CA US,37.26517,-121.96133
172090,FW1470 Martinez CA US,37.986,-122.11767
172326,GIN FLAT NEAR EL PORTAL 7N (GIN) HADS,37.7669,-119.775
174004,W6CDO Belmont CA US,37.53246,-122.26848
175013,FW2503 Oakland CA US,37.82133,-122.1955
175148,Reedley Municipal Airport,36.6663,-119.45
175224,FW2595 Santa Cruz CA US,36.95133,-122.04433
175656,Vasco Road CA US,37.77462,-121.733
175657,Cull Canyon Road CA US,37.76125,-122.06166
175659,Palomares Road CA US,37.68931,-122.02043
175660,Del Valle Rd CA US,37.61254,-121.69665
175661,Marciel Road CA US,37.77684,-121.81689
175662,Skyline Blvd CA US,37.78785,-122.14634
175666,Terrace Dr CA US,37.91936,-122.28637
175669,Alhambra Valley Rd CA US,37.96331,-122.2008
175676,Briones Rd CA US,37.95705,-122.13714
175717,Loma Prieta Ave,37.12293,-121.92852
175719,Empire Grade Rd CA US,37.14281,-122.19624
175725,Fitch Ranch Rd CA US,37.92265,-120.28293
180108,Bloomington Hills UT US CEMP,37.05,-113.56917
180139,DEER SPRINGS POINT (DEER) CA US,37.3232,-122.18423
180208,Oursan Trl CA US,37.911,-122.20455
180228,K2MRS Berkeley CA US,37.85638,-122.23579
180271,MTN HOME CA US,36.22402,-118.66545
180332,Mines Rd South CA US,37.53586,-121.5617
180333,Sky Oaks Rd CA US,37.96564,-122.60518
180479,Mines Rd #2 CA US,37.59813,-121.64328
180892,Ferretti Road CA US,37.8518,-120.1456
180894,Casa Loma CA US,37.81404,-120.1164
181088,FW3932 Clayton CA US,37.94017,-121.929
181339,Malones CA US,37.9975,-120.4548
181346,Tuolumne Overlook CA US,37.89669,-120.29199
181353,Shilling Road CA US,37.6975,-120.11625
181420,Alpine Road CA US,37.30245,-122.20147
182451,Martinez CA US,37.97116,-122.15826
182452,Morning Star Lane CA US,37.49633,-119.92202
182564,FW4266 Springville CA US,36.2807,-118.77718
182725,Martin Road CA US,37.04765,-122.14156
182727,Tollhouse Road CA US,37.0524,-119.37268
182728,Eshom Valley Drive CA US,36.60951,-118.94981
182729,Bald Mountain Road CA US,37.06054,-119.41238
183179,East Carmel Road CA US,36.43052,-121.62298
183180,El Caminito Road CA US,36.49167,-121.71185
183181,Priest Valley Road CA US,36.1834,-120.67938
183425,FW4473 Las Vegas NV US,36.2815,-115.29383
183427,FW4582 Atherton CA US,37.47417,-122.187
184258,FW4751 Palo Alto CA US,37.4315,-122.11083
184276,FW4734 Lemoore CA US,36.30083,-119.743
184278,Wiemiller Road CA US,37.03791,-119.43495
184279,Oak Tree Lane CA US,37.0087,-119.397
184280,Auberry Road CA US,37.0863,-119.4417
184281,Frazier Road CA US,37.0771,-119.5091
184282,Auberry and Jose Basin Roads CA US,37.0894,-119.472
184283,Middle Tollhouse CA US,37.04326,-119.38145
184284,Lower Tollhouse Road CA US,37.0179,-119.391
184435,Hopewell Rd CA US,36.77524,-119.17173
184503,Recter Lane CA US,36.76457,-119.23897
184514,Bay Lane CA US,36.7133,-119.17
184627,Indian Valley Road CA US,36.02475,-120.65433
184664,Creekside Road CA US,36.6938,-119.138
184814,Jamieson Road CA US,37.03553,-121.42647
184838,KF6CDD-1 Redwood City CA US,37.4515,-122.22167
184953,FW5276 Fresno CA US,36.766,-119.7945
185301,FW2692 Tracy CA US,37.69783,-121.4355
185306,FW3190 Oakland CA US,37.75067,-122.13267
185400,FW2761 Fresno CA US,36.78783,-119.98033
185420,FW3098 San Jose CA US,37.30017,-121.99367
185457,FW3725 Los Altos CA US,37.3555,-122.08183
185516,FW4238 La Honda CA US,37.28883,-122.22533
185546,FW4432 Oakland CA US,37.8415,-122.211
185551,FW4453 Carmel CA US,36.54983,-121.92467
185553,FW4463 Oakland CA US,37.83933,-122.25767
185572,FW4603 Walnut Creek CA US,37.9,-122.1
185630,James George Drive CA US,36.75234,-119.12852
185632,Glen Canyon Road CA US,37.0338,-122.01688
185633,Laguna Seca CA US,36.57738,-121.76199
185647,Signal Hill Trail CA US,37.91361,-120.61401
185783,FW1198 Campbell CA US,37.28883,-121.96633
185787,FW1215 Oakland CA US,37.83233,-122.2075
185788,FW1241 Exeter CA US,36.28367,-119.15217
185809,FW1589 El Cerrito CA US,37.91,-122.29
185838,FW1863 Alamo CA US,37.86333,-122.02267
186263,EW4769 Scotts Valley CA US,37.04967,-121.59
186296,FW0228 Sunol CA US,37.5,-121.9
186297,FW0247 Ross CA US,37.96133,-122.5475
186434,SCE Mehrten Dr CA US,36.34422,-119.05469
186437,SCE Rocky Creek CA US,36.05461,-118.74505
186439,SCE Putnam Ave CA US,36.07103,-118.97283
186450,New Idria Road CA US,36.51527,-120.8734
186460,Pax Place Court CA US,37.03995,-121.85181
186465,Pinnacles National Park CA US,36.50118,-121.13908
186466,Mt Madonna Road CA US,37.01586,-121.71973
186469,Ben Hur Road CA US,37.30965,-119.97009
186476,Summit Road CA US,37.05015,-121.76413
186479,SCE Lake Success CA US,36.08186,-118.89738
186512,Antelope Road CA US,36.70521,-119.26313
186514,Monroe Canyon Road CA US,36.24301,-121.23926
186519,Millerton Road CA US,36.96939,-119.58662
186520,Burma Road CA US,36.86773,-119.32605
186521,Blue Heron Road CA US,37.04611,-119.50135
186523,Carmel Valley Road CA US,36.32888,-121.49475
186526,Big Oak Flat Road CA US,37.8246,-120.01258
186533,Wish I Ah Road CA US,37.10259,-119.49783
186538,Drive 152 CA US,36.62448,-119.2025
186557,Millwood Drive CA US,36.56788,-119.12609
186559,Heritage Lane CA US,37.44911,-120.00473
186560,Grist Road CA US,37.4414,-119.92223
186561,Lakeside Road CA US,37.5436,-119.97763
186562,Willowood Road CA US,36.66547,-119.17637
186568,Indian Peak Road CA US,37.40326,-119.85008
186616,FW1136 South San Francisco CA US,37.665,-122.424
186622,SCE-2433 CA US,36.44991,-119.08086
186624,SCE-2138 CA US,36.45426,-118.88796
186649,Dry Creek Road CA US,36.6121,-119.0166
186650,O'Neals CA US,37.13972,-119.73317
186651,Ave 380 CA US,36.47903,-119.09951
186654,Corlew Mountain Road CA US,37.01178,-119.54539
186655,Best Way Road CA US,37.19771,-119.80015
186656,Anza Drive CA US,37.061,-119.66628
186659,SCE-2435 CA US,36.10119,-118.84525
186672,Road Runner Lane CA US,37.2676,-119.86305
186694,SCE N. Fork Dr CA US,36.46859,-118.92029
186696,SCE Horm Mountain CA US,36.38214,-118.84474
186703,FW5690 San Jose CA US,37.30883,-121.79533
186716,Whispering Spring Lane CA US,37.02851,-119.4807
186717,Eden Road CA US,37.26808,-122.07403
186720,Butterfield Stage Road CA US,37.14073,-119.67304
186722,Old Railroad CA US,37.0814,-119.35005
186732,SCE Frazier Valley CA US,36.14591,-118.95518
186734,Sycamore Road CA US,36.95768,-119.32217
186742,SCE Sutherland Dr CA US,36.1402,-118.6159
186743,Holtzel Road CA US,37.7383,-120.12892
186805,Old Highway Road CA US,37.40856,-120.07211
186812,Patterson Pass CA US,37.68682,-121.62988
186819,Graham Hill Road CA US,37.01214,-122.03526
186820,West Drive CA US,37.09861,-122.05923
186852,Seminole Road CA US,36.96197,-119.38994
186902,Road 628 CA US,37.39712,-119.70572
186904,Tiptop Road CA US,37.46735,-119.82411
186905,Devil Ranch CA US,36.35842,-121.52813
186906,Dunlap Substation CA US,36.70919,-119.02974
186907,Fine Gold CA US,37.19263,-119.61354
186913,SCE-2471 CA US,37.08622,-119.22013
186978,Don Pedro CA US,37.72721,-120.35535
187019,SCE Hot Creek CA US,37.76484,-119.11643
187027,FW5763 Santa Cruz CA US,37.00533,-121.97567
187040,3 Springs Road CA US,37.36394,-121.76211
187048,SCE San Joaquin River CA US,37.22483,-119.34066
187052,SCE Tamarack Mountain CA US,37.16074,-119.24859
187054,SCE Nelson Creek CA US,36.15605,-118.62377
187101,Watts Valley Road CA US,36.87189,-119.45844
187534,Bear Valley Sub Station CA US,37.60044,-120.12745
187536,Bootjack CA US,37.46335,-119.88278
187544,Triangle Road CA US,37.50102,-119.81082
187545,Oak Grove Road CA US,37.36438,-119.87048
187547,Powerhouse 225 Alt CA US,37.20604,-119.49851
187548,Morissey Road Towers CA US,37.5325,-120.0519
187551,San Pedro Tower CA US,37.99135,-122.50013
187555,North Powerhouse Road CA US,37.1088,-119.50245
187627,FW5911 Darwin CA US,36.26817,-117.59183
187628,FW5982 Kanab UT US,37.05167,-112.54633
187663,Mt. Hamilton Road CA US,37.32365,-121.70049
187815,SC Mountain Winery CA US,37.16561,-122.03026
187840,Erin Road CA US,37.52612,-122.42552
188283,Road 606 ALT CA US,37.21486,-119.87973
188315,Highway 198-1 CA US PGE,36.19384,-120.76292
188396,NR6G-15 Whiskey Ridge CA US,37.2605,-119.41617
188818,Parrot Ranch CA US PGE,36.38715,-121.60437
189049,SCE Hwy 190 CA US SC-EDISON,36.12382,-118.82379
189195,Route 99 @ Fresno River CA US CALTRANS,36.97049,-120.07244
189553,Lockwood San Lucas Road CA US PGE,36.01578,-121.06782
189554,Argyle Road CA US PGE,36.02381,-121.17082
189706,Redwood Drive CA US PGE,37.0309,-121.79164
189707,Paseo Vista Ave CA US PGE,37.11898,-121.56979
190342,Priest Station CA US PGE,37.8136,-120.27393
191199,SCE Sierra Park Rd CA US SC-EDISON,37.64476,-118.96384
191200,SCE Ski Back Trail CA US SC-EDISON,37.64996,-119.00728
191201,SCE Minaret Rd CA US SC-EDISON,37.646,-118.98274
191270,SCE Saw Mill Rd CA US SC-EDISON,37.64926,-118.93324
191272,SCE Old Shady Rest CA US SC-EDISON,37.65101,-118.96196
191273,SCE Mountain View Rd CA US SC-EDISON,37.36115,-118.44535
191277,SCE Dorrance Dr CA US SC-EDISON,37.64411,-118.97402
196205,Bridle Tempest,37.74195,-121.92577
196298,FW6899 San Carlos CA US,37.49617,-122.261
196313,SCE Mammoth Creek Rd CA US SC-EDISON,37.64679,-118.95266
196550,FW7005 Shaver Lake CA US,37.05783,-119.17233
196602,SCE Lynch Dr CA US SC-EDISON,36.10515,-119.00805
196606,SCE-2560 CA US SC-EDISON,36.60544,-118.72411
196610,SCE-2552 CA US SC-EDISON,36.00406,-118.90101
196616,SCE-2563 CA US SC-EDISON,36.07306,-118.98477
196774,SCE-2566 CA US SC-EDISON,36.40541,-119.02713
197109,SCE-2601 CA US SC-EDISON,37.1527,-119.49059
197112,SCE-2609 CA US SC-EDISON,37.20143,-119.25259
197599,FW7073 Visalia CA US,36.34133,-119.31083
197781,Mt Charleston NV US,36.25747,-115.64391
197963,Grub Gulch CA US PGE,37.33102,-119.77093
197966,Pittman Hill Road CA US PGE,36.94919,-119.44894
198223,Woodland Pond Trail CA US PGE,37.23515,-119.55431
198234,FW7258 St George UT US,37.12917,-113.62983
198243,SCE Tungsten Mine Rd CA US SC-EDISON,37.36031,-118.70153
198255,SCE-2711 CA US SC-EDISON,37.62868,-118.98874
198408,SCE Dowville East Ln CA US SC-EDISON,37.23162,-119.23562
198410,SCE Tanager Ln CA US SC-EDISON,37.24886,-119.19308
198430,SCE Crestview Radio CA US SC-EDISON,37.76191,-118.9805
198451,Horse Camp Trail CA US PGE,37.2879,-122.23697
198454,Orchard Hill CA US PGE,37.38215,-122.24825
198455,Viboras Road CA US PGE,36.95662,-121.34264
198457,Wards Ferry Road CA US PGE,37.93171,-120.32027
198459,Marshes Flat Road CA US PGE,37.78946,-120.30381
198508,PORTABLE 41 CA US,36.3138,-119.25956
198522,Mossy Rock Lane CA US PGE,37.01166,-119.57522
198551,SCE Gold Arrow CP CA US SC-EDISON,37.23442,-119.16191
198559,SCE Kokanee Rd CA US SC-EDISON,37.2063,-119.21361
198575,SCE Crest Line Rd CA US SC-EDISON,37.2482,-119.18862
198673,Anderson Ln,37.96382,-121.70491
198896,Campbell Ave,37.28708,-121.92139
199000,El Patio Dr,37.28963,-121.93907
199223,Dimaggio Way,37.98737,-121.83432
199350,Lincoln Ave,37.94582,-122.35521
199428,Poy Ah Now Road CA US PGE,37.21565,-119.48805
199432,Dublin Canyon Road CA US PGE,37.69233,-121.97618
199433,Calero County Park,37.18857,-121.80763
199438,Telegraph Road CA US PGE,37.58553,-120.00246
199439,Highway 190 CA US PGE,36.13583,-118.79294
199442,Forty Ranch Lane CA US PGE,36.98397,-119.37688
199460,Hudson Meadow CA US WWG-LLWC,36.52204,-121.9328
199461,Mound Meadows CA US WWG-LLWC,36.51372,-121.94209
199482,Lucca Cir,37.66569,-121.75605
199491,Bayview Way,37.4614,-122.2668
199604,La Monte Ln,37.70716,-121.42279
199618,Cinnabar Hills Rd,37.17058,-121.81767
199619,Bolton Ct,37.28782,-121.87981
199679,Redmond Ave,37.22904,-121.89539
200116,FW7585 San Carlos CA US,37.4765,-122.2805
200170,SCE Kaiser Ridge CA US SC-EDISON,37.26899,-119.12454
200219,S Escondido St,37.1158,-113.63287
200258,Toll Gate Rd,37.25609,-122.04949
200602,Boulder Ct,37.96407,-121.93889
200778,Newton Dr,37.57803,-122.3872
201002,Fraguero Rd,37.99821,-120.45005
201026,Brentwood St,36.19615,-116.01486
201379,Orange Ave,37.65056,-121.00452
201719,Dawn Dr,37.36093,-122.03295
201969,El Camino Real,37.3871,-122.08768
202375,High Sierra Dr,36.30628,-119.08474
202388,Holdridge Road CA US PGE,36.1091,-118.88981
202391,Highway 41 South CA US PGE,37.2697,-119.66173
516712,Curie Dr,37.2276,-121.81209
516725,Atlas Pl,37.88697,-122.24952
517115,San Gabriel Dr,37.94012,-122.01664
517153,Sycamore Grove,37.23975,-122.04234
517155,E Santa Clara St,36.01116,-120.13741
517225,Higgins Canyon Road CA US PGE,37.45172,-122.41409
517251,Bent Willow Ave,36.22,-115.32257
517267,Viognier Way,36.98807,-121.58269
517341,Walnut Shadows Ct,37.9365,-122.0307
517431,San Bruno Ave,37.52073,-122.28309
517546,Calero,37.24278,-121.84413
517592,Morning Star Dr,37.98405,-120.37726
518009,Sunrise Ln,37.92374,-122.53636
518189,Tapadero Ln,36.12484,-115.34327
518520,Copa Del Oro Dr,37.645,-122.1029
518606,River Falls Dr,37.28024,-121.81558
519069,San Jose Mines Road CA US PGE,37.39532,-121.49043
519070,Bear Mountain CA US PGE,36.74639,-119.28009
519587,FW8022 Pacifica CA US,37.63417,-122.4855
519600,Thistle CA US PGE,36.68335,-119.0866
519604,Hang Glider CA US PGE,36.76455,-119.09722
519609,Willow Spring Road CA US PGE,37.15235,-121.6839
519983,Wooded Lake Dr,37.20454,-121.87151
520169,Finley Road CA US PGE,37.80448,-121.8602
520185,SCE-2784 CA US SC-EDISON,37.19941,-119.30651
520188,SCE-2953 CA US SC-EDISON,36.18027,-118.63358
520190,SCE-2974 CA US SC-EDISON,37.16547,-119.28915
520850,Archer Way,37.26941,-121.97712
520906,Mill Creek CA US PGE,37.52297,-121.87272
521213,Vista Verde,37.34319,-122.20244
521245,Pine Canyon Road CA US PGE,36.15127,-121.19258
521246,Paris Valley Road CA US PGE,36.04868,-121.00329
521247,Parker Flats Cutoff CA US PGE,36.62987,-121.79182
521253,Millwood Road CA US PGE,36.73582,-119.04663
521418,San Jose Avenue,37.75138,-122.42183
521463,Iron Oak at Alamo Creek,37.78849,-121.8801
521602,Fresno Road 128 CA US PGE,36.64778,-119.28636
521604,Payne Creek Road CA US PGE,36.64978,-121.00339
521645,Cienega Road CA US PGE,36.71221,-121.33966
521703,San Juan Bautista CA US PGE,36.86574,-121.5544
521722,FW8291 Pacifica CA US,37.58083,-122.48167
521808,Jib Ct,37.48217,-122.43816
521825,Rancho View Rd,37.92306,-122.10153
521893,WASH-DOME E Silver Shadows Dr,37.09741,-113.48668
522376,Manzanita Dr,37.83747,-122.18702
522597,SV Glenwood Preserve,37.06674,-122.00097
522599,Bon Veu Dr,37.31081,-119.61731
522745,FW8356 Union City CA US,37.58983,-122.07817
522776,Southside Road CA US PGE,36.78912,-121.34991
522778,Roop Road CA US PGE,37.04963,-121.53001
522905,Inverness Dr,37.97975,-122.48848
522920,Poplar St,36.97848,-121.92016
523171,Loma Chiquita CA US PGE,37.1051,-121.82108
523231,Rosita Road CA US PGE,37.58674,-122.49567
523258,FW8380 Copperopolis CA US,37.90433,-120.5885
523410,Lakewood Cir,37.51712,-122.33085
523427,APX Weather,36.05531,-115.10057
523610,Grand Ave - North Bay CA US PGE,37.98082,-122.51514
523640,SCE Shaver Lake CA US SC-EDISON,37.11292,-119.29242
523646,FW8437 Richmond CA US,37.98117,-122.29967
523678,Cedar Rae Ave,36.29622,-115.25655
523818,Crespi Dr,37.5918,-122.48373
523880,Angus Rd,37.23978,-119.80187
523900,El Caminito Rd,36.48989,-121.7282
523944,Old Spanish Trail,37.34338,-122.2005
524008,Caballo Ranchero Drive CA US PGE,37.84305,-121.95419
524009,El Cerrito CA US PGE,37.91561,-122.30295
524401,Montebenito Ranch CA US PGE,36.6662,-121.38744
524455,Cromwell Pl,37.66238,-122.04543
524458,SCE Ski Trail CA US SC-EDISON,37.62854,-118.97843
524782,Saw Mill Flat CA US PGE,36.9447,-119.01525
524783,Guadalupe Mines CA US PGE,37.21457,-121.90192
524789,Panoramic CA US PGE,36.76019,-118.94571
525155,Reliez Valley Road CA US PGE,37.94623,-122.10792
525429,Calanus Cir,37.07173,-113.57102
525464,El Camino Real CA US PGE,36.86074,-121.59027
525467,PGE-1951 CA US PGE,36.96057,-119.16809
525468,Kincaid Road South CA US PGE,37.37979,-121.67244
525732,Pedro Ave,37.09082,-122.07081
525885,Stone Canyon CA US PGE,36.0183,-120.51692
525887,Shulte Road CA US PGE,36.51337,-121.83024
526277,W Ranch Rd,37.23933,-122.33031
526291,Garnet Ln,37.0857,-119.29784
526637,Kelly Canyon CA US PGE,37.71449,-121.98532
526676,V&iacute;a Los Tulares,36.46598,-121.7046
527286,San Antonio Road CA US PGE,37.35109,-121.6081
527291,Crawford Road CA US PGE,36.70621,-119.38093
527308,Descanso Ave,36.78613,-119.63563
527615,Fremont Ave S,36.12145,-115.06328
528087,Meade St,37.84221,-122.22087
528260,S 8th St,37.32614,-121.87272
528385,York St,37.81333,-122.24416
528554,Apogee Ridge Ct,36.0637,-115.31865
529023,Bourbon Dr,36.13622,-118.61873
529532,Corral Cir,36.08883,-115.12472
529829,Lockwood Dr,37.31662,-122.07203
529970,Skyline Blvd,37.39176,-122.28323
529972,Mamawland,36.35345,-121.57693
530334,Tavema Ave,36.17892,-115.35619
530397,N Durango Dr,36.27714,-115.28787
530455,N Crestview St,36.07437,-118.99593
530519,Tenth St,37.8552,-122.28904
530521,Silverlake Dr,37.39653,-121.99879
531077,Prospect Rd,37.29404,-122.01862
531552,Club House Dr,37.63393,-121.86141
531667,Cydonia Court,37.73332,-121.86503
532040,W Robindale Rd,36.04762,-115.26246
532100,De Haro St,37.76066,-122.40085
532503,Colma IDSM CA US PGE,37.68422,-122.4744
532956,Cowell Rd,37.21238,-121.96034
533112,Cutting St,37.86926,-122.03554
533204,KJ6WEG Berkeley CA US,37.86417,-122.2845
533413,Mission,37.75838,-122.43948
533582,Begonia Dr,37.23584,-121.91072
533725,Magellan Dr,37.82565,-122.20604
533743,Safe Haven Ln,37.15937,-113.68759
533779,Peninsula Road CA US PGE,37.79361,-122.12802
533825,FW9090 Walnut Creek CA US,37.91767,-122.0065
534156,Ord Ave,36.65041,-121.72712
534227,Carmel Valley,36.41181,-121.66312
534636,Reedley Municipal Airport CA US NWS/FAA,36.671,-119.45103
534826,Cambridge Dr,37.76551,-122.23088
534935,Paddock Dr,37.75963,-121.98678
534986,S Briar St,37.0974,-113.49237
535038,E Mt Diablo Ave,37.72949,-121.42316
535123,Kerner Blvd,37.94726,-122.48799
535269,Miramontes Point Road CA US PGE,37.43265,-122.4207
535314,CA-1,36.22264,-121.7472
535480,Lake Mary Rd,37.63803,-118.9972
535567,Sunny Acres Ave,37.47075,-120.75845
535951,Frandoras Cir,37.99123,-121.75329
535988,Quimby Road CA US PGE,37.34596,-121.73646
536893,Overlook Rd,37.89317,-122.25564
537068,FW9295 Cedar City UT US,37.57067,-113.226
537127,Kawich Peak Meadow NV US DRI,37.955,-116.45
537173,Chu Rd,37.87568,-122.25261
537893,Colton Blvd,37.83535,-122.20092
537970,Mountain Charlie Rd,37.12882,-121.98964
537977,S Pecos Rd,36.12535,-115.10064
538266,Bogert Rd,36.02935,-115.01518
538622,FW9422 Sunnyvale CA US,37.35533,-122.02167
538631,FW9456 Pebble Beach CA US,36.56717,-121.958
538758,Painted Shore Ct,37.98629,-121.62852
538818,Trade Zone Cir,37.40219,-121.88272
538902,Darrah Rd,37.49652,-119.86317
539190,Diamond Bay,36.19542,-115.27593
539325,Clements Road CA US PGE,37.87467,-120.16928
539533,Homestead Blvd,37.89259,-122.53417
539831,Moore St,37.0081,-122.10867
540067,Crescent Ave,37.73483,-122.41647
540736,Alberta St,37.05482,-120.86489
540845,Valley View Rd,37.49131,-119.84917
541508,Sycamore Springs Road CA US PGE,37.8851,-121.81426
541623,Greenwich Ct,37.29891,-121.92345
541698,Sterling Heights Dr,36.20518,-115.30465
542051,Coastal Stage Road CA US PGE,37.30415,-122.35644
542426,W St James St,37.3378,-121.89562
542446,W Cherokee Ave,36.12466,-115.31017
542716,DW3153 Mill Valley CA US,37.90317,-122.51967
542742,FW5365 Emerald Hills CA US,37.47133,-122.26967
542800,FW7514 Concord CA US,37.9555,-121.99733
542830,FW9287 Pahrump NV US,36.18817,-115.95417
542869,Tassajara Road CA US PGE,36.3672,-121.57495
544091,Marina-Divisadero Street,37.80151,-122.44359
544390,North Dublin CA US PGE,37.74523,-121.85695
544957,Crestview Dr,36.26381,-115.65376
545013,Camellia Ave,37.45955,-122.22337
545085,Los Gatos Blvd,37.2426,-121.96092
545321,Sherwood Dr,37.50414,-120.81925
545358,Phelan Morgan Road CA US PGE,37.86735,-120.22938
545365,Gulch Road CA US PGE,37.22807,-119.73755
546454,Mariposa Hills CA US PGE,37.49575,-120.13462
546456,Bridgeport CA US PGE,37.41438,-120.02737
546459,Bass Lake Road - Madera CA US PGE,37.3382,-119.58447
546781,Louisburg St,37.71874,-122.45126
547084,Limeridge Dr,37.94646,-121.99975
547203,GW0049 Hayward CA US,37.61624,-122.03694
547294,SNF02 PORTABLE CA US,37.46247,-119.78622
547685,SCE Camp Wishon CA US SC-EDISON,36.16323,-118.70796
547687,SCE Success Valley Dr CA US SC-EDISON,36.03785,-118.85838
547916,Almenar Dr,37.95062,-122.53168
548071,Hillmont Dr,37.7702,-122.16645
548184,SCE Stevenson Creek CA US SC-EDISON,37.13442,-119.28497
548192,McCall EMS CA US PGE,36.61259,-119.64026
548193,Chowchila Mountain CA US PGE,37.48413,-119.71952
548195,Carr Ranch Road CA US PGE,37.81322,-122.10419
548217,SCE-3152 CA US SC-EDISON,37.60404,-119.01266
548232,Quartz Trail CA US PGE,37.17483,-119.68358
548697,GW0187 Prather CA US,36.98717,-119.53867
548706,Old Mount Road CA US PGE,37.13041,-122.02234
548707,Harris Road - Mariposa CA US PGE,37.4543,-119.73501
548892,Milpitas,37.4382,-121.8727
548919,Gravitation Dr,36.15585,-115.34109
549045,GW0246 Monterey CA US,36.57217,-121.7975
549046,Rifle Range Road CA US PGE,37.75906,-122.08113
549047,Crow Canyon Rd CA US PGE,37.76543,-122.02337
549050,Newark EMS CA US PGE,37.506,-121.9869
549101,SCE Million Dollar Rd CA US SC-EDISON,37.15473,-119.37342
549260,Boulder Canyon St,36.28518,-115.14863
549330,South San Francisco,37.66048,-122.41461
549362,Basque Coast St,36.18137,-115.36378
549483,Grand Canyon Dr,37.03858,-112.55608
549575,Bagby CA US PGE,37.63347,-120.15378
549975,SCE Portal Forebay CA US SC-EDISON,37.31856,-119.06621
550001,GW0319 Fairfax CA US,37.97567,-122.60367
550006,Peckham Road CA US PGE,36.95146,-121.70182
550462,Lakewood Meadow CA US PGE,37.92866,-121.99701
550463,Purisima Road CA US PGE,37.44704,-122.4042
550473,GW0353 Crowley Lake CA US,37.566,-118.73717
550477,West Portal CA US CW3E,37.81327,-120.28744
550545,Henness Ridge Drive CA US CW3E,37.6455,-119.70376
550886,SCE-3342 CA US SC-EDISON,37.56228,-118.68125
551063,Buckeye Ct,37.96534,-121.70879
551719,Llagas Creek CA US PGE,37.14904,-121.74234
551735,Silverwood Dr,37.03386,-122.02673
551869,Kings Mountain North,37.46254,-122.34682
552037,Monte Vista EMS CA US PGE,37.32486,-122.07382
552213,SCE-3409 CA US SC-EDISON,36.24018,-118.74334
552215,SCE-3413 CA US SC-EDISON,36.0808,-118.77372
552218,SCE-3408 CA US SC-EDISON,36.2874,-118.83711
552507,SCE-3422 CA US SC-EDISON,36.2521,-118.90566
552508,SCE-3447 CA US SC-EDISON,36.13027,-118.55853
552518,Slickrock Hills CA US PGE,36.66724,-119.11896
552527,SCE-3394 CA US SC-EDISON,36.12973,-118.86044
552529,Tule Powerhouse CA US PGE,36.16001,-118.7175
552636,Windsor Ave,37.98381,-122.54638
552759,Trinity Rd,37.68245,-122.40771
552813,Williamson Melones CA US PGE,37.97103,-120.47371
552814,Piney Creek Road CA US PGE,37.70026,-120.29621
552816,Porto Fino Rd CA US PGE,37.97163,-120.24352
552872,Redinger Way CA US PGE,37.16576,-119.4349
554050,Cressman Road CA US PGE,37.04577,-119.35153
554205,Skyline Blvd,37.44556,-122.32948
554405,Barn Hollow Way,37.98894,-121.86003
554526,ORESTIMBA CREEK CA US,37.17698,-121.39659
554528,Spring Willow Ct,36.12218,-115.26448
554908,SCE Dinkey Meadow Rd CA US SC-EDISON,37.04562,-119.16418
554911,SCE-3416 CA US SC-EDISON,37.09701,-119.27186
555614,N0JKR-13 Visalia CA US,36.35133,-119.32567
555667,Patio Ct,37.28859,-121.92761
555669,Heather Hue Rd,37.76821,-113.01445
555672,Manzanita Ave,37.51949,-122.28909
555813,Alvina Dr,37.95346,-122.07085
555985,Springfield Dr,37.29184,-121.96293
556102,Emory Ln,37.30056,-119.53925
556137,Willow Canyon Drive CA US PGE,37.26429,-119.50756
556236,Pradera Rd,36.53194,-121.92448
556398,Montclair Ln,36.71196,-121.64721
556462,Fairview Pl,36.9667,-122.00414
556463,16th Ave,36.97929,-121.98283
556518,Villa Glen Way,37.27055,-121.87399
556549,Yard 49 CA US PGE,37.58673,-120.12581
556860,Col Santa Fe,37.96209,-121.95451
557077,Morgan Hill,37.09987,-121.72707
557082,Portsmouth Dr,37.94966,-121.68492
557450,SCE Ponderosa Dr CA US SC-EDISON,36.1047,-118.52719
557503,Traina Ct,37.70022,-121.40695
557914,Staten Ave,37.81025,-122.25389
559057,Lewis Ave,36.536,-114.41687
559089,Crestmoor Dr,37.60936,-122.4323
559161,San Ramon IDSM CA US PGE,37.78273,-121.9663
559303,BrandtAgVentures,36.69821,-119.30682
559531,Lon Rd,37.11992,-122.00339
559613,School St,37.6693,-121.86963
559771,456 Mitchell Avenue,37.73748,-122.14487
559776,Weather Cat,36.9804,-122.01306
559787,Pioneer Rd,36.96963,-121.78251
559877,Glenbrook Way,37.34745,-118.42629
560226,Bagshotte Dr,37.82392,-122.19962
560230,Tenaya Dr,37.17085,-113.69109
560303,Aztec Ridge Dr,37.20872,-121.96214
560348,Corbett Ave,37.75332,-122.44357
560525,Grassyrock Ct,36.23802,-115.32052
560551,Shrader and 17th,37.76196,-122.45094
560638,Larchmont Dr,37.6924,-122.48632
560640,E Crestview Cir,37.17457,-113.66859
560938,Stanton Ave,37.80183,-122.17444
561125,Glistening Rush St,36.31192,-115.27362
561270,Lunger Dr,37.95667,-121.70967
561374,Drake Ave,37.32482,-120.52346
561864,Porterville CA,36.08283,-119.03169
561909,GW0983 Oakland CA US,37.851,-122.21217
561920,GW1011 Las Vegas NV US,36.30533,-115.31967
562254,Pacific Coast Hwy,37.86659,-120.18394
562261,E Juana Ave,37.72923,-122.13479
562978,Cardinal Rd,37.23656,-118.59829
563257,W Rocky Way,37.45929,-122.27854
563331,Old Page Mill Rd,37.39412,-122.16567
563338,Altamont Cir,37.36536,-122.17059
563696,Adams Rd,37.10657,-121.9184
563791,Woodland Ridge,37.19609,-122.04475
563956,Laverne Way,37.95951,-121.97389
564043,Woodcrest Dr,37.97286,-121.98539
565897,9 1/2 Ave,36.31828,-119.62501
565904,15th Ave,36.96239,-121.99116
566093,Travaille Way,37.73626,-121.13793
566147,Hunt Dr,37.58211,-122.40015
566437,Colvin St,36.98575,-112.97138
566793,Quail Ct,37.15115,-121.60263
566796,Hampshire St,37.76338,-122.40809
566870,Herndon Ave,36.837,-119.59229
567102,GW1393 RIPON CA US,37.73,-121.145
567157,Shattuck Ave Roof,37.88712,-122.27073
567326,Dewey Cir,37.09201,-121.63531
567458,Rockville UT US PACIFICORP,37.15272,-113.03411
567465,Artesian Sub NV US NV-ENERGY,36.17441,-115.11434
567547,Iron Hills Ln,36.18769,-115.29127
567645,Mayhews Landing Rd,37.52838,-122.05133
568256,Granite Portal CA US CW3E,37.90866,-119.95139
568294,Las Vegas Horse Ranch at Eldorado,36.05333,-115.12392
568604,Drunken Gulch Towers CA US PGE,37.55029,-120.09966
568795,E 335 N St,37.89145,-112.7732
569580,SCE-3415 CA US SC-EDISON,36.18273,-118.97412
569701,Skyline Blvd,37.78983,-122.15159
570106,Morcom Ave,37.77762,-122.19278
570288,CORDOZA RIDGE CA US,37.16834,-121.52845
570356,SCE-3548 CA US SC-EDISON,36.20484,-118.81555
570395,Blue Diamond,36.05651,-115.44318
570671,Woodland Rd,37.9511,-122.55042
570805,Belmont IDSM CA US PGE,37.51545,-122.26181
570912,Cascade Way,36.91867,-119.79894
571232,Lower Angel Peak NV US NV-ENERGY,36.32866,-115.53901
571426,Lower Fence Meadow CA US PGE,36.9613,-119.20421
571951,GW1835 CASTRO VALLEY CA US,37.69383,-122.066
572239,Plum St,36.98075,-121.9474
572277,Wren Ave,37.98062,-122.00667
572298,V&iacute;a Bellaggio,36.98708,-119.69797
572942,Viewmont Dr,36.02683,-114.99101
573014,Whispering Pine Ct,37.72269,-122.0622
573692,Browning Dr,37.95488,-122.00931
573837,Big Rock Rd,37.86572,-122.18788
573883,E Wigwam Ave,36.03478,-115.15932
574073,Jones Ct,37.48362,-122.1939
574487,Emaron Dr,37.63113,-122.45742
574502,Mar Vista Dr,36.59083,-121.91163
574541,Tahos Rd,37.88172,-122.16332
574551,Clemens Rd,37.81033,-122.2107
574605,Magnolia Dr,36.05288,-115.06921
574663,Tankerland Ct,37.30915,-121.789
574902,"Mt Dialo  - Clayton, CA",37.92412,-121.92841
574976,Black Mountain Lookout CA US PGE,37.01303,-119.45203
575765,Holly Ave,36.80267,-119.67067
575900,Bradbury St,36.71087,-121.61242
576026,Pasatiempo St,37.72318,-121.72693
576044,Karameos Dr,37.3368,-122.05434
576100,GW2040 FREMONT CA US,37.56517,-121.9835
576175,Guerrero St,37.75016,-122.42236
576189,Grayson St,36.82071,-121.36839
576244,W Fish Rock Rd,37.19231,-113.61676
576577,20th St,37.75826,-122.4217
576616,Oasis Sky Watch,36.83397,-114.07605
576775,KK6LVQ-13 BOULDER CREEK CA US,37.16083,-122.132
577066,Chestnut St,37.80458,-122.40899
577141,Cresta Vista,37.13982,-122.12614
577581,Besame Ct,36.17935,-115.36891
577650,Grand View Dr,37.85832,-122.23325
577701,SCE Shell Station CA US SC-EDISON,37.81159,-119.05246
577703,SCE Frazier Dike CA US SC-EDISON,36.10532,-118.93785
578505,Withrow Pl,37.33718,-121.98198
579058,Deer Park Ave,37.97524,-122.50839
579277,Stanton St,37.75726,-122.44189
579377,Hillstone Ave,36.0007,-115.08845
579402,Santander Dr,37.76186,-121.9732
579483,Cal @ Divis,37.78761,-122.4408
579622,Stockton IDSM CA US PGE,37.94669,-121.28892
579815,W Fisher Ave,36.25672,-115.2919
580056,North Beach-Union Street,37.7999,-122.41263
580178,Leigh Ave,37.25135,-121.92202
580255,Vista Linda Dr,37.91452,-122.53479
580334,Encina Dr,36.5126,-121.75706
580524,Saddle Rd,36.55178,-121.76531
580649,Marsten Ave,37.51683,-122.32314
580702,El Alamo Ct,37.84179,-122.01033
580736,Mountain Links Dr,36.00401,-115.07182
580803,Church St,37.11744,-121.64331
581089,Oliver Ct,36.16212,-115.28009
581266,E Silver Hill Cir,37.15711,-113.46539
581903,San Antonio Dr,37.91378,-122.02784
581910,Kite,37.92784,-121.94121
581976,Tinkers Trail,37.11351,-122.10635
582066,Keller Ridge Dr,37.949,-121.91714
582172,Briceburg CA US PGE,37.56645,-119.93896
582180,Bailey Flats Road CA US PGE,37.34672,-119.82266
582181,Cedar Valley Drive CA US PGE,37.40417,-119.61927
582491,Brookdale Ave,37.38044,-122.09038
582574,SCE-3559 CA US SC-EDISON,37.1492,-119.45385
582575,SCE Wildcat Creek CA US SC-EDISON,36.87803,-119.45784
582580,Bass Lake CA US PGE,37.29316,-119.53283
582802,Old Wards Ferry Rd,37.9492,-120.34501
583036,Helms-Gregg CA US PGE,36.99264,-119.06523
583390,Milpitas IDSM CA US PGE,37.42576,-121.92121
583606,Becado Dr,37.52691,-121.92268
583679,W La Mancha Ave,36.26417,-115.31171
583831,Las Vegas,36.23645,-115.22058
584017,Old Toms Ct,36.99838,-121.61025
584052,Near Beyer High,37.68943,-120.96758
584209,Mackie Ranch - UT91,37.52848,-113.74903
584313,Canyon Lodge CA US MAMMOTH,37.64475,-119.00272
584319,Gilroy IDSM CA US PGE,37.0075,-121.55698
584320,June Base Tx Office CA US,37.76777,-119.09073
584450,Emerald Pool Bluff,36.82339,-114.1144
584458,El Paraiso Ct,37.85033,-122.12611
584564,Miracle Mile Stockton,37.97243,-121.30305
584882,Ellis Ct,37.98024,-121.75733
585043,Pine Flat Rd,37.07167,-122.14428
585173,George Washington Ct,37.34374,-120.6207
585209,AE6EO MOUNTAIN VIEW CA US,37.4015,-122.10517
585281,DWR POST FIRE GAGE X04 - EL PORT CA US CADWR,37.66833,-119.8125
585302,CAMP MATHER WEATHER STATION CA US,37.87806,-119.85944
585303,SONORA WEATHER STATION CA US,37.96139,-120.32389
585331,PANTHER MEADOW NEAR LODGE POLE 2 CA US,36.58806,-118.71694
585365,MERCED RIVER AT BRICEBURG CA US,37.60472,-119.96778
585567,Helena Ave,36.23973,-115.26907
585578,McHenry Ave,37.69634,-120.99268
585716,Englewood Dr,37.76328,-122.12738
585738,Family Ct,36.13847,-115.26235
585804,Cambrian Park,37.23806,-121.9055
585814,Sunstar Dr,37.02883,-113.62296
585884,Logan Ct,37.33922,-122.04739
586015,SCE Rock Hill Lane CA US SC-EDISON,37.05083,-119.49346
586132,Alhambra Ct,37.38461,-122.20387
586223,Central Ave,37.46044,-122.4356
586519,Pine Hollow,37.93647,-121.95402
586545,Villa Liguria Ct,36.11135,-114.93921
586671,St Martin Dr,37.54111,-122.23882
586699,Lucia,37.66658,-121.78689
586734,Reinhardt Dr,37.78975,-122.18337
586753,Georgetown Ct,37.64557,-122.4626
586773,Marigold Ct,37.3597,-121.86167
586797,Potrero IDSM PGE,37.75562,-122.38344
586974,Camaritas Way,37.80161,-121.96527
587208,Vista Del Orinda,37.88517,-122.2128
587344,GW2755 Soledad CA US,36.442,-121.327
587353,Cupertino IDSM PGE,37.33709,-122.0216
587835,Patriot St,36.33553,-119.40697
587917,Elverton Dr,37.84678,-122.202
587958,Concord IDSM CA US PGE,37.9628,-122.05133
588023,La Fonda Ave,36.9863,-121.99602
588150,Hillbrook Dr,37.37717,-122.2043
588207,Chris Ct,37.00046,-121.95841
588209,Amanda Ct,37.85935,-121.97253
588263,CC Horse and Dog Park,36.10789,-115.04574
588292,SF Ferry Building,37.79538,-122.39323
588382,V&iacute;a Flores,36.9939,-121.95127
588595,Wellsford Rd,37.65295,-120.86765
588608,Clover St,37.57861,-122.01868
588662,Taylor Valley Ave,36.19017,-116.04346
588838,Galen Dr,37.23023,-121.8218
588857,Park Way,37.66167,-122.41885
589169,CA-1,36.25952,-121.79224
589171,Parkfield Junction,36.12212,-120.58379
589449,W Carmel Valley Rd,36.51591,-121.78255
589567,Blue Ridge Rd,37.93908,-122.5554
589577,Erin Way,37.27119,-121.94309
589612,Paseo Grande,37.86924,-122.13506
589704,Camino de Jugar,37.76516,-121.98972
589775,Hidden Meadow Ln,37.06841,-122.03745
589883,American Dipper St,36.17154,-115.37607
589962,Nicholas Rd,36.96316,-119.50232
590230,Hudson Ave,37.72955,-122.36937
590291,Greenridge Pl,37.79237,-121.90925
590386,Ave 16,36.98164,-119.88513
590437,GW2732 Pleasant Hill CA US,37.97567,-122.09
590440,GW2805 Redwood City CA US,37.45317,-122.22233
590537,Morning Flower Ln,36.22194,-115.26595
590930,Flood Ave,37.72976,-122.44479
591122,Marina SF-Beach Street,37.80371,-122.44129
591195,Sequoia Way,37.51863,-122.30952
591199,McLaughlin St,37.94538,-122.32825
591211,GW2930 East Garrison CA US,36.6576,-121.7382
591230,GW2871 Livermore CA US,37.71867,-121.72217
591236,GW2962 Santa Cruz CA US,37.069,-121.95917
591237,GW2969 Mill Valley,37.908,-122.53483
591265,Von Doolen Ct,37.98993,-122.26228
591318,Toyon Pl,37.79559,-122.18365
591408,62nd St,37.84866,-122.25784
591443,Hazelnut Dr,37.99041,-121.70168
591509,Western Dr,37.92634,-122.39159
591514,Auberry Rd,37.07705,-119.45641
591908,Buena Vista Ave,37.67494,-121.73557
591936,GW3010 San Francisco CA US,37.7225,-122.41
591942,GW2973 San Carlos CA US,37.49783,-122.27883
591947,GW2994 Merced CA US,37.30183,-120.50783
592048,Grove St,37.36436,-118.40459
592086,Britta Ct,37.99431,-120.43804
592088,Chadbourne Ln,37.24382,-121.99139
592384,Coalmine View,37.36542,-122.20943
592440,Jasmine Ct,37.71073,-121.74342
592651,Kenny Ave,37.00148,-121.97318
592681,Borica St,37.72247,-122.46812
592821,Azalea Way,37.23925,-121.95464
592876,KCAPLEAS322,37.62346,-121.8837
593082,GW1235 MERCED CA US,37.325,-120.541
593451,Hayden Rd,37.98956,-120.23661
593470,Reeve St,37.35583,-121.94877
593876,Fruit Ave,37.52861,-121.11806
593891,Ballico,37.46508,-120.7054
593898,Chambers Dr,37.26685,-121.89948
593961,Rocky Cut Rd,37.40231,-119.73735
593977,Wakefield Ave,37.79298,-122.22942
594058,Middleton Dr,37.13145,-122.12065
594431,Skyline Blvd,37.46385,-122.35279
594466,Valerie Meadows,36.97845,-119.60313
594484,S Madsen Ave,36.54939,-119.53968
594712,Juniper Dr,37.56665,-118.75205
594883,Via Canale Dr,36.08176,-114.96105
595115,Sheila Ln,37.58729,-122.48446
595146,Wonder Ln,37.25063,-113.34556
595161,Rio Vista Dr,37.58438,-122.49351
595245,Redding Way,37.95853,-122.51712
595766,Carmel Ave,36.6788,-121.79141
595835,Tempestad Ave,36.18059,-115.36694
596174,Cathedral Park Dr,37.04687,-122.16056
596222,GW3201 Clayton CA US,37.929,-121.929
596264,Frank Derek Ave,36.0208,-115.18786
596378,Doc Holliday Ln,37.52997,-112.65431
596439,Harrison St,37.76279,-122.41338
596564,Magnolia Way,37.88367,-122.07016
596720,Bolero Dr,37.80195,-121.96906
596833,Jackson Mill Dr,37.85923,-120.22585
596892,Ave 272,36.28212,-119.45361
596923,Wawona Ln,37.95004,-121.92932
596934,John St,36.95273,-122.04713
597036,Coronado Ave,37.49766,-122.45947
597117,Palo Colorado Rd,36.3843,-121.86551
597149,Vista Del Sol Ave,36.05796,-115.11328
597335,States St,37.76356,-122.43652
597460,Baywood Ave,37.96907,-122.55282
597623,St Andrews Dr,37.91438,-121.75198
597704,Koch Ln,37.27618,-121.89953
597735,Bel Roma Rd,37.74283,-121.76294
597748,E Feemster Ave,36.31683,-119.27596
597760,Pleasantview Dr,37.85484,-120.2056
597761,Kingsley Ave,37.38731,-122.13542
597862,Hibbard St,37.77544,-122.25419
597934,Tisdale Way,37.27511,-121.99158
597996,Karolina Dr,36.36213,-119.28418
598006,Rockford Ave,37.66499,-122.49173
598061,Pahuma Way,37.22646,-119.54234
598207,Las Cumbres Rd,37.20743,-122.06705
598434,Santa Rosa Dr,37.2234,-121.92068
598450,Palomino St,37.80551,-121.20285
598627,Back Plains Dr,36.21572,-115.32195
598650,Chinatown St,36.28112,-115.33141
598841,Saddle Rd,36.55294,-121.78735
599010,Grove Way,37.68579,-122.0853
599026,Bay Landing,37.57933,-122.31215
599192,15th St,37.76608,-122.43731
599244,Kings Ln,37.51895,-122.33402
599460,Cottonwood Dr,37.27444,-118.3821
599464,Via Del Milagro,36.57422,-121.77982
599710,SCE Generals Hwy CA US SC-EDISON,36.48595,-118.8367
599712,Foothill Farms CA US PGE,37.59697,-121.89608
599714,White Deer Tower CA US PGE,36.82871,-119.30368
599871,N 200 W,37.53843,-113.1865
600002,Decanter Cir,37.89796,-121.72684
600156,Foxmeadow Way,37.0647,-120.8309
600338,Oak Grove Road CA US PGE,37.33683,-119.8841
600430,W Vomac Rd,37.71763,-121.94569
600515,Fern Rock Way,37.1444,-122.15945
600537,Petersburg Way,37.65899,-120.93815
600554,Huntleigh Dr,37.86934,-122.09255
600635,Via Del Sol,37.14981,-113.51733
600646,Darrell Rd,37.55226,-122.37502
600712,Central Airport,37.42321,-113.61131
601049,Sinclair Ave,37.97637,-122.02521
601119,Sommerset Ct,36.12592,-115.92784
601294,MOFD PORTABLE CA US,37.89961,-122.21582
601325,Margarita Dr,37.98069,-122.49822
602144,Webster St,37.77552,-122.4297
602377,Florence Ave,37.84085,-122.23121
602622,SW Hollister,36.84301,-121.41158
603495,Avenida Arboles,37.25613,-121.83286
603727,East Bear Lake Drive,37.64567,-118.98118
603889,McDaniel Ave,37.3287,-121.93558
603912,London Dr,37.46035,-121.89932
604122,Lodgepole Cir,37.529,-112.6483
604262,Oak Springs Dr,37.99968,-122.58365
604377,Auberry,37.0494,-119.57814
604395,Tillman Ave,37.32634,-121.91268
604476,Talus Way,37.07355,-113.54882
604501,Spencer Ct,37.71067,-121.92348
604534,GW3580 FRESNO CA US,36.84183,-119.86417
604556,CALERO CA US,37.18884,-121.77136
604560,Upper Ellen Rd,37.14245,-122.01496
604647,E 3rd Ave,37.56965,-122.27534
604845,Sand Harbor,37.73956,-122.24101
604847,Ridgeway Dr,37.02354,-121.60842
604862,Union-SF,37.79627,-122.44202
605200,GW3585 IVINS UT US,37.16967,-113.68633
605292,Portola Valley,37.41785,-122.20631
605403,Beckham Dr,37.226,-121.80433
608013,Domaine Dr,37.13634,-121.61922
608570,Verde Park Cir,36.24452,-115.28291
609033,Dover St,37.23804,-121.9426
609227,Chenery St,37.73475,-122.43612
609236,Lyle Dr,37.29498,-121.99976
609501,WA6GRA DINUBA CA US,36.55217,-119.38633
609504,SCE-3754 CA US SC-EDISON,36.99444,-119.33071
609526,Mesa Road PGE,37.92486,-122.71201
609721,Broken Willow Cir,36.13859,-115.31386
609798,Zacate Ave,37.56442,-121.95751
610000,Grizzly Peak Blvd,37.90325,-122.26865
610153,Dammeron Valley,37.30532,-113.67046
610354,Deep River Ct,37.72596,-120.94447
610462,Sanger CA US PGE,36.68872,-119.5551
610475,Ano Nuevo Natural Reserve DRI,37.12622,-122.33375
610562,Los Padres Dr,37.74929,-121.51892
610565,Springer Way,37.23492,-121.80923
610600,Embarcadero Dr,37.99609,-121.36505
610650,Yosemite Park Way,37.65067,-119.72118
611120,Reliz Canyon Road CA US PGE,36.20868,-121.27433
611287,Tulare Ave,37.93723,-122.31449
611387,Villa Ridge Dr,36.21798,-115.31129
611473,Gold Ct,37.87071,-122.09422
611555,Carr Dr,37.83209,-122.12415
611759,S Wall Cir,37.1712,-113.66493
612263,S Savannah St,36.31045,-119.36262
612304,Greenfield Ave,37.97493,-122.54789
612319,Balboa Way,37.59658,-122.50156
612328,Jesolo Ct,36.31541,-115.22572
612336,Blackbark Ct,36.31513,-115.31239
612408,Mockingbird Hill Ln,37.19554,-121.83533
612579,Holmes CA US PGE,37.67299,-121.78057
612580,Palo Alto CA US PGE,37.45088,-122.12007
612603,Almaden Lake CA US PGE,37.23965,-121.87439
612726,EPA - Purdue Ave,37.47924,-122.13853
613137,Darby Ave,37.38168,-118.41545
613286,N6XE MANTECA CA US,37.81,-121.2405
613822,Atwater CA US PGE,37.36036,-120.62302
613825,San Clemente Road CA US PGE,36.44171,-121.71877
613939,Carmel Canyon Cir,37.66556,-113.09653
614123,Elaine Dr,37.94373,-122.05308
614237,Creek Water Ln,36.0407,-115.14172
614290,Danville CA US PGE,37.82689,-122.01083
614456,El Granada Blvd,37.50762,-122.46442
614465,Camino Robles Way,37.22407,-121.89153
614687,Michael Ln,37.8712,-122.09162
614714,Silvia Ct,37.58735,-122.49691
614772,Laurel Ave,36.20876,-119.07537
614848,Calado Ave,37.28831,-121.97717
614860,Martinez,37.99207,-122.15396
614957,SCE-3505 CA US SC-EDISON,36.53404,-119.09543
615009,Ventana Way,36.95866,-121.86904
615167,S Tenaya Way,36.14242,-115.25228
615172,Old Hwy N,37.49157,-119.96676
615218,Fawn Lilly Ln,37.06839,-119.33799
615305,21st St,37.75568,-122.43724
615316,Meadowood Dr,37.93606,-122.52947
615395,Gran Paradiso Dr,36.30957,-115.25206
615422,Kram Dr,37.79944,-121.17737
615487,SCE Chawanakee Flats CA US SC-EDISON,37.20399,-119.32415
615650,Thurston Ave,37.34853,-122.07886
615654,Lyon St,37.77882,-122.44351
615722,Pinehaven Rd,37.84691,-122.21058
615772,Flying Cloud Crse,37.92074,-122.50493
615805,Eastwood Pl,37.36611,-122.0842
616056,West Panoche Road CA US PGE,36.63425,-120.63708
616079,Rio Sion Dr,37.20218,-113.1814
616084,Garden Ave,37.9972,-122.52565
616461,Montana Del Oro Dr,37.50065,-119.83613
616483,June Ct,37.9991,-122.60033
616562,TUOLUMNE MEADOWS TUOLUMNE CA,37.8817,-119.3123
616805,Willow St,37.36311,-118.39078
616834,Ryan,36.32256,-116.67105
617035,E Mule Deer Rd,37.42472,-113.6172
617092,Ocean View Blvd,36.62658,-121.91869
617251,COASTLINE@2Kft,37.65669,-122.48714
617318,Light Springs Rd,37.00716,-121.83665
617378,Little England,37.10021,-122.14501
617473,Barhill Ave,36.28719,-115.17234
617544,Browning Ave,36.82,-119.65342
617839,Valerian St,36.03792,-114.9566
617946,Tulane Dr,37.94578,-122.54375
618015,Rio Camuy Ave,36.28613,-115.22926
618049,Syracuse Dr,37.3563,-122.05647
618106,Niantic Dr,37.56383,-122.26314
618120,Estates Dr,37.869,-122.17142
618121,Burns Ct,37.6195,-122.48337
618732,GW4019 HALF MOON BAY CA US,37.45917,-122.43667
619242,GW4062 ATHERTON CA US,37.46533,-122.176
619281,Pico Ave,36.62381,-121.93304
619380,Serenity Point Dr,36.00874,-115.03741
619417,Grissom Ct,37.99866,-122.24289
619424,Hermosa Way,37.92755,-122.1069
619446,Cambridge Pk St,36.02925,-115.29623
619857,St Francis Wood,37.73308,-122.465
619864,Arbor Ln,37.52694,-122.51552
619987,Wards Ferry Rd,37.93531,-120.32948
620185,GW4110 SUNNYVALE CA US,37.37667,-122.04767
620206,White Rock CA US PGE,36.41799,-121.80727
620310,Laurel Dr,37.96254,-121.95831
620415,E Lake Way,37.46192,-122.26057
620482,Prospect Dr,37.98565,-122.52787
620787,Acton St,37.859,-122.28222
621074,Topaz Ct,37.04581,-120.87358
621201,S Ponderosa Way,37.82126,-120.18296
621626,Salinas,36.63147,-121.55558
621842,Montevina Rd,37.21152,-122.02164
622021,Ridgeway Rd,37.55255,-122.34137
622110,Rodney Dr,37.73036,-122.14597
622250,N 11th Ave,36.37748,-119.65463
622533,Coeur D Alene Way,37.34581,-122.05179
622875,Bird Ave.,37.29742,-121.88251
622973,Corniglia Ln,37.9377,-121.73586
623025,Panoramic Hwy,37.90039,-122.5648
623065,Lambert Rd,37.98931,-121.16508
623076,Ridgeway Rd,37.44368,-122.25231
623245,George St,36.99473,-120.62946
623246,Montford Ave,37.89664,-122.5405
623267,Roland Canyon Rd,36.55593,-121.7179
623476,Twin Oaks Dr,36.5841,-121.86366
623509,Warner Ct,37.96732,-122.52837
623609,Lagiss Dr,37.64632,-121.77611
623640,Mitchell Rd,37.47184,-120.93967
623792,Barouni Ct,37.65046,-121.76282
623918,Slo,37.66831,-122.13286
624082,Belden St,36.61293,-121.90523
624106,AC3T BEN LOMOND CA US,37.0735,-122.087
624193,Golden Oak Dr,37.38346,-122.19505
624234,Shaftesbury Ct,37.68308,-120.9792
624240,Abbott St,36.66779,-121.64624
624355,Orange Ct,37.56338,-122.3689
624414,N Tioga Way,36.23854,-115.25791
624917,Hill Ave,36.92546,-121.75417
624935,Cabrillo St,37.77494,-122.48034
624937,Buena Vista St,37.53057,-122.51077
625043,Cortez Ln,37.36678,-122.15782
625053,Spring Ave,37.11634,-121.65836
625054,Celestial Cliffs Ave,36.312,-115.31075
625084,Corte Dorado,37.95701,-122.53095
625105,Page Mill Rd,37.36077,-122.17197
625139,Goldenstar Ct,36.83865,-121.3558
625379,Copper Meadow Ave,36.31246,-115.2299
625427,Cajon Ct,37.99099,-121.83109
625483,W Cliff Dr,36.94966,-122.0541
625548,Marks Dr,36.81214,-121.37202
625569,Middle Rd,37.03557,-120.84214
625854,Tierra Grande Dr,36.54345,-121.79662
625864,Gabilan Acres,36.75712,-121.61243
626035,Coronet Dr,37.23999,-121.93911
626209,Rd 415,37.26477,-119.70534
626357,W Red Cloud Dr,37.19848,-113.62226
626383,Villa Montara St,36.04731,-115.15121
626472,Quince Ct,37.71673,-121.7346
626661,El Salto Dr,36.97543,-121.94505
626740,Heritage Ave,36.85818,-119.65546
626776,CA-35,37.19258,-122.03367
626832,W Hayward St,36.33816,-119.67793
626934,E Middleton Dr,37.12469,-113.54135
626942,Golden Gate Ave,36.98423,-120.62809
627037,Potbelly Beach Rd,36.97796,-121.93046
627069,Alta Vista Way,37.8057,-121.93582
627140,N 470 W,37.20457,-113.28072
627303,Marin Ave,37.89063,-122.27188
627390,Ramona Ave,37.96861,-121.30179
627402,Archstone Oral and Facial Surgery,37.70738,-122.456
627451,"Carleton &amp; Delaware, Turlock",37.50941,-120.83263
627498,Post St,37.7527,-122.23724
627676,Vista Del Valle,37.39574,-121.83282
627813,Westward Dr,37.91882,-122.4955
627816,Ward Rd,37.02918,-120.82005
627907,Kauai Ct,37.78228,-121.96168
627928,Vereda del valle,36.56505,-121.72305
628264,Knoll Way,37.68389,-122.08571
628267,Durian Ct,37.70734,-117.2395
628275,Lewis Ln,37.64812,-122.48093
628430,Crompton Rd,37.45982,-122.24306
628657,Gonzales,36.4928,-121.51805
628842,Finley Ridge Rd,37.15278,-121.55916
628850,Bryant Ave,36.96008,-120.60687
628919,Monarch Ridge Dr,37.91632,-122.0987
628944,Crystal Ship Ct,36.00175,-115.09689
628961,Bay Tree Dr,36.19694,-115.33321
629179,Vista Las Vegas,36.17703,-115.35246
629277,Bayport Ave,37.50978,-122.25853
629379,Palm Ct,37.86001,-122.25024
629473,NORTH FORK MERCED RIVER NEAR DOG CA US,37.65278,-120.05278
630110,Bernal Ave,37.51551,-122.50832
630160,Adair Ct,37.13789,-121.67299
630183,Gladiolus Ct,37.71307,-121.74363
630270,Junction Ave,37.92799,-122.3181
630326,Cuneo Rd,37.77688,-120.18863
630362,Eagle Ridge,36.41,-121.25878
630372,Oakridge Ave,36.17905,-115.96737
630511,Cornelia Ave,37.90781,-122.55409
630565,Silver View Ct,37.29039,-121.78098
630767,Walnut St,37.162,-118.2918
630817,Vista De Almaden,37.22567,-121.8457
630820,Stetson Way,37.69747,-121.79225
630833,Milvia St,37.88105,-122.27139
630960,Overland Trail,36.82454,-114.12455
631213,Crescent Ct,37.32411,-122.06259
631392,Oak Ridge Dr,37.32284,-119.59956
631521,Usona Rd,37.3804,-119.83402
631617,White Clay Dr,36.09633,-115.33202
631879,Davis St,37.71542,-122.18248
631976,Miller Ave,37.52443,-122.29593
631985,11th St,37.79959,-122.26611
631992,Buena Vista Dr,36.92421,-121.81192
632386,Skyline-Swett,37.41891,-122.32276
632573,Alserio Ln,37.09818,-113.6449
632799,Fairway Cir,37.62511,-118.97537
632922,Lyon Rd,36.54005,-114.45367
633047,Dragon Ridge Dr,36.00041,-115.04333
633116,Hanford CA US PGE,36.37212,-119.63733
633435,Quartz Ridge Ct,37.19073,-119.67584
633545,SF,37.72783,-122.36346
633629,S El Dorado St,37.89747,-121.27531
633817,Paiute Ln,37.24471,-121.8326
634052,Soledad PSD,36.46,-121.38
634131,Lone Oak Rd,37.94809,-121.70305
634240,N Greenfield Ave,36.86508,-119.65887
634328,Fillmore Way,37.97143,-121.973
634479,WxSG-1,37.75035,-121.51809
634661,Bay Meadows Ct,37.64899,-121.76038
634836,Porterville,36.08556,-118.96594
634877,Chester St,37.46504,-122.15273
634957,Day Valley,36.42856,-121.67596
635091,Kettleman City CA US PGE,36.00725,-119.95553
635092,Comsat Road CA US PGE,36.39794,-121.64902
635831,Temple Bar Marina,36.03318,-114.32289
636061,Corbett St,36.26809,-115.27762
636170,Waterline Pl,37.90906,-122.37469
636211,Millrock Dr,37.71715,-122.18307
636246,Kerman CA US PGE,36.7164,-120.06022
636280,Precita Ave,37.5154,-122.50998
636374,Kahler Ct,37.43139,-121.80624
636494,Dartmouth Ave,37.50955,-122.27491
636768,Constitution Dr,37.56015,-122.25849
637407,Golden Gate Park PGE,37.77137,-122.50785
637746,Vallejo St,37.83865,-122.28545
638171,Grant St,37.2888,-121.93525
638514,Sherlock Rd,37.35681,-122.15982
638649,Wakefield Drive CA US PGE,37.75459,-120.84074
639340,GW4969 SAN JOSE CA US,37.32383,-121.91433
639659,Mojave Dr,37.2268,-121.87576
640185,GW5021 MORGAN HILL CA US,37.14067,-121.60667
640187,GW4975 LAFAYETTE CA US,37.86383,-122.10233
640352,Sandy Creek Way,37.94118,-122.53709
640371,Oldenburg St,36.29929,-115.27065
640649,Durant Way,37.87109,-122.53098
641049,Devils Are Here,37.3809,-122.14094
641170,Lodge Dr,37.5124,-122.31638
641315,Tiny St,37.46142,-121.90788
641505,Felicidad Dr CA US PGE,37.01122,-121.97566
641577,Oak Wood Ct,37.92378,-120.64921
641667,Hafen Ranch Rd,36.12292,-115.90413
641904,Millbrae Meadows,37.60737,-122.41904
642434,Nellis AFB,36.25065,-115.06671
643974,CAL FIRE PORTABLE 17B CA US,37.27205,-122.3658
644066,Late Harvest Ave,36.24519,-116.01025
644313,GW5187 CARMEL CA US,36.533,-121.78233
644368,Wonder Valley CA US PGE,36.79995,-119.29841
644469,Sylvania,37.41947,-117.66882
645178,Columbia Way,37.65429,-122.04014
645327,Sunnyhill Way,37.999,-121.90401
645612,GW5235 MODESTO CA US,37.67817,-121.02533
646039,Troy Ave,37.53868,-122.00568
646707,SCE Davis Ranch CA US SC-EDISON,36.45158,-119.08086
646708,SCE Vanderhoof Ranch CA US SC-EDISON,36.46955,-119.10717
646709,SCE Wutchumna Ditch CA US SC-EDISON,36.40907,-119.05642
646814,Skyline Blvd,37.2856,-122.15077
648638,SCE-3809 CA US SC-EDISON,36.84615,-119.35897
648667,Del Valle CA US PGE,37.55821,-121.67812
648744,Allred Rd,37.47225,-119.92565
649063,Betty Ln,37.92353,-122.29356
649951,Creedon Cir,37.74147,-122.26088
650001,Walker Gardens Pl,36.31326,-115.30259
650005,E Kolob Pines Cir,37.40949,-113.00832
650013,El Solyo Heights Dr,37.07045,-122.09408
650069,McBryde Ave,37.95076,-122.31939
650112,W Willow Springs Dr,37.99871,-120.25665
650144,1620 W St,37.04744,-113.61876
650181,G St,37.49705,-122.24212
650316,E Vino Ave,36.65904,-119.44272
650322,Ohio Ave,37.93107,-122.35764
650328,Corral Ave,37.3816,-122.05261
650423,Del Loma Dr,37.26891,-121.983
650436,Colgate Ave,37.90807,-122.2731
650438,Bonefish Ct,36.97899,-121.91475
650449,Cheshire Dr,37.27432,-121.882
650480,Vera Ave,37.4691,-122.24205
650493,N Cedar Blvd,37.70081,-113.0742
650513,Rose Ave,37.90483,-122.56124
650555,Belgrossa Bnd St,36.2788,-115.33376
650558,Bennit Ave,37.99002,-122.57961
650586,Oak Valley Rd,37.33657,-122.08786
650596,University St,37.73028,-122.41531
650680,Vero Ln,36.19534,-115.28701
650682,Via Largo,37.10321,-121.6399
650694,Davenport Landing Rd,37.02476,-122.2132
650756,Willet Cir,36.85986,-121.81551
650775,Driftwood Ct,37.5986,-122.48534
650855,Ashbury St,37.76527,-122.44637
650875,23rd Ave,37.54445,-122.31038
650910,Three Peaks UT US PACIFICORP,37.79983,-113.15754
650911,Urie hollow UT US PACIFICORP,37.79358,-113.4463
650912,Beaver Dam Wash UT US PACIFICORP,37.09156,-114.02721
650913,Purgatory Flat UT US PACIFICORP,37.1501,-113.42521
650967,Lee Vining CA US CW3E,37.9396,-119.1284
650970,Sunset Inn CA US CW3E,37.8064,-119.8965
651031,Ashbourne Cir,37.74444,-121.99227
651060,San Lorenzo Park,37.21565,-122.17088
651062,Lockewood Ln,37.04147,-122.03735
651134,Triangle Rd,37.49348,-119.8149
651207,Truckee,37.50422,-119.81818
651247,Meadowlark Ave,37.3358,-121.94892
651396,Las Vegas,36.33711,-115.21143
651404,Cathedral Dr,36.98232,-121.90125
651444,W Gamebird Rd,36.16163,-116.05354
651629,Bayharbor Wy,37.97411,-122.48112
651657,Mission Blvd,37.64339,-122.06095
651749,Alamo Springs Ct,37.84454,-122.01363
651795,Holly Ave,37.66613,-122.43417
651909,Skyline Cir,37.77351,-122.13363
651998,Dos Palos CA US PGE,36.97466,-120.63433
652010,Arroyo Seco Campground CA US PGE,36.23525,-121.48049
652079,Ave Portola,37.50813,-122.46825
652149,E Gordon Ln,37.06692,-113.48747
652169,Stetson St,37.52887,-122.51213
652192,Ocean St,37.01195,-122.19463
426,Natural Bridges,36.94795,-122.06023
508,Ocean Beach,37.7573,-122.5637
1536,Alcatraz,37.8281,-122.4256
1584,Stinson Beach,37.87923,-122.6704
1709,Waddell Nearshore,37.0778,-122.3181
1933,Avenal,36.00022,-120.12204
2145,Pacifica,37.6263,-122.5534
33303,Bethany Reservoir,37.78286,-121.61992
33315,Flying Tigers,37.64418,-122.3801
33317,Foster City Lagoon,37.55486,-122.27239
33318,Gazos Creek,37.161,-122.4186
33330,Lake Mead,36.07708,-114.76641
33335,Moss Landing,36.80412,-121.79066
33338,Oyster Point,37.65962,-122.3736
33340,Point Emery,37.84552,-122.3039
33344,Rush Lake,37.86368,-113.04826
33346,Scott Creek,37.0424,-122.2669
33348,Shoreline Lake,37.43273,-122.09022
82848,Crissy Field_offshore,37.81411,-122.45318
82849,Berkeley nearshore,37.87008,-122.34726
82850,Alameda nearshore,37.75303,-122.3092
83153,Richmond YC,37.90706,-122.38221
84268,Huntington Lake,37.24718,-119.1761
84488,Lake Mead  Marina,36.0314,-114.76435
89180,Lake Del Valle,37.58372,-121.70248
97961,Woodward Reservoir,37.854,-120.869
97962,Modesto Reservoir,37.668,-120.661
97963,Turlock Lake,37.611,-120.574
166756,Brickyard/Peacock Gap,37.975,-122.464
171177,Albany,37.8856,-122.3364
173818,Point Bonita,37.81429,-122.53271
173952,Dumbarten Bridge,37.50504,-122.11835
173953,Estuary Park,37.78869,-122.27013
173954,Lake Merritt,37.80292,-122.25759
174654,Alviso Marina,37.42915,-121.9823
174843,San Ramon,37.76009,-121.96538
175053,Briones Reservoir,37.92346,-122.20458
571707,Half Moon Bay YC,37.494,-122.483
592585,San Gregorio State Beach,37.323,-122.409
