Spot ID,Name,Latitude,Longitude
1785,REAL Slick,35.56664,-75.48852
399,Avon Sound,35.37067,-75.50684
393,Frisco Woods,35.24732,-75.62896
395,Waves,35.57395,-75.46872
392,Avon Ocean,35.34732,-75.49998
45959,KHK Resort,35.58355,-75.46838
1564,Pamlico Sound,35.425,-75.8333
172096,Jockey's Ridge Sound,35.94044,-75.6581
164006,North River ,34.7747,-76.6176
188266,Oriental - Neuse River L7,35.00889,-76.6606
35767,Buxton,35.25759,-75.5237
676,Oregon Inlet CG,35.77388,-75.52501
175109,Croatan Sound,35.8694,-75.66337
531224,White Point - Atlantic Channel DB1,34.87691,-76.33808
542951,Crab Point,34.75614,-76.71477
94797,Jennettes Pier,35.91108,-75.59289
89646,Buxton-Hatteras High,35.26463,-75.5538
1153,Ocracoke,35.1467,-76.00665
48097,Oregon Inlet,35.79979,-75.54533
49092,Fort Macon,34.70049,-76.68824
583334,New Hanover County Tower,34.2431,-77.86815
674,Alligator Bridge,35.90065,-76.00918
102068,Stumpy Point Tower,35.7084,-75.7674
10266,Mercer Pier,34.21334,-77.78645
100766,Hatteras Landing,35.20866,-75.70409
544573,Rodanthe Pier,35.58504,-75.46135
679,Diamond Shoals Light,35.006,-75.402
17788,Hatteras Airport,35.2324,-75.6222
681,Cape Lookout,34.61068,-76.52837
569670,Sail Away Buxton,35.27008,-75.54274
569771,First Flight Park,35.91725,-75.60654
157710,Onslow Bay Outer Buoy,34.207,-76.949
522266,Frisco NC-12,35.22704,-75.63594
615561,Figure 8 Island North,34.28499,-77.72616
644609,Figure 8 Island South,34.25771,-77.75478
542075,Salvo-Dory,35.54501,-75.47341
571091,Carolina Yacht Club,34.20082,-77.80048
10214,OR Inlet Marina,35.79568,-75.54822
522542,Morehead City 7th St,34.71949,-76.7254
19758,Bogue Field,34.684,-77.03
534850,Blackbeard Sailing Club,35.06246,-76.94891
675,Manteo,35.9189,-75.699
17950,Gainesville,34.2721,-83.8305
49740,Wrightsville Buoy,34.142,-77.721
10669,Beaufort,34.71731,-76.67062
17828,Raleigh-Durham,35.8777,-78.7997
158237,Corbina,35.602,-75.46833
163354,Atlantic Beach,34.69611,-76.70911
18261,Anderson,34.498,-82.7092
168320,Cedar Island Ferry Terminal,35.01833,-76.31444
525392,Masonboro Island-MBIN7 ,34.091,-77.868
1420,Neuse River,35.037,-76.986
180633,Brigadoon,35.477,-80.942
187619,Nags Head South,35.87433,-75.57783
573310,Askins Creek,35.32554,-75.50914
680,MC Airport,34.7326,-76.6566
36013,Piney Island,35.02222,-76.4625
1027,Wilmington,34.2668,-77.8999
18098,Asheville,35.4318,-82.5379
1617,New Bern,35.0684,-77.0478
16226,Tangier,35.73,-5.9
190682,Kill Devil Hills-Colington Island,35.998,-75.703
1618,Washington,35.5703,-77.05
17719,Greenville Downtown Airport,34.8487,-82.35
17774,"KCHA chattanooga/love, tn",35.03,-85.2
17813,Charlotte,35.2226,-80.9543
17847,Clemson,34.6722,-82.8814
18047,"KTYS knoxville munici, tn",35.82,-83.98
18191,Cherry Point,34.9,-76.88
170240,Manteo Maritime,35.90911,-75.67011
569731,Ballast Point,35.90599,-75.64529
605188,Reef Dr,35.3486,-75.51369
618509,E Front St,35.11068,-77.03452
619840,Hull Cir,34.72717,-76.86604
1026,New River,34.70622,-77.44067
17848,"KFBG fort bragg/simmo, nc",35.13134,-78.93473
17880,Fayetteville,34.9896,-78.8801
17896,Hickory,35.742,-81.3822
18077,Rock Hill,34.9836,-81.0562
18119,Rocky Mount,35.8502,-77.8951
18639,Pope Air Force Base,35.17,-79.02
19344,Martil,35.60206,-5.30648
86850,Ellington Airport,35.50697,-86.80389
162554,"Whispering PinesSE, NC",35.2455,-79.3535
163358,Frisco Runboat,35.23111,-75.62911
174391,Jackson County Airport GA US NWS/FAA,34.17586,-83.5616
187255,Clemson University SC US,34.67866,-82.84316
187352,NC State Carter-Finley Stadium NC US,35.80081,-78.71938
187363,Smithfield-Clinton NC US,34.99323,-78.31199
188482,BRASSTOWN BALD GA US,34.8742,-83.8106
530102,North End Ft Hugar Way,35.93683,-75.7229
555799,Off Sr,35.50101,-76.80829
565613,GW1238 Chattanooga TN US,35.1225,-85.19117
567055,E Fort Macon Rd,34.69545,-76.70211
581969,Land&#39;s End Way,35.23986,-75.62414
582527,Moonrakers Sky Deck,34.71712,-76.66657
596019,Island Rd,34.69835,-76.57763
610151,Hatteras Harbor Ct,35.21763,-75.69807
611890,Pier Pointe Dr,34.67564,-76.95798
615932,Sound Dr,34.67171,-77.02915
615942,Bearwallow Mountain,35.46135,-82.35822
618302,S Virginia Dare Trail,35.98306,-75.6379
621746,Shepard St,34.71965,-76.71259
633532,Sea Vista Dr,35.56216,-75.47228
640972,Cattle Ridge Rd,35.32235,-75.51363
5262,WA4BPS Huntsville,34.74333,-86.53217
16482,Melilla,35.28,-2.95
16800,Tlemcen Zenata,35.02,-1.47
17317,Oujda,34.78,-1.93
17320,Nador-Aaroui,34.99,-3.03
17322,Al Hoceima,35.18,-3.85
17741,"KRYY mccollum fld, ga",34.0146,-84.5963
17768,Florence Regional Airport,34.1877,-79.7308
17799,"KGYH greenville, sc",34.7528,-82.384
17826,Maxton,34.7913,-79.3683
17861,"KMKL mckellar/jackson, tn",35.6,-88.92
17865,Muscle Shoals,34.7439,-87.5997
17878,Monroe,35.0147,-80.6242
17894,"KHKA blytheville arpt, ar",35.93,-89.83
17926,"KCSV crossville, tn",35.95,-85.08
17928,Decatur,34.658,-86.9434
17943,Memphis International Airport,35.05,-90.0
17949,Greer /Greenville-Spartenburg Int'l,34.8842,-82.2209
18037,Lumberton,34.6081,-79.059
18043,Tupelo,34.2622,-88.7713
18045,Rome,34.3483,-85.1616
18051,Huntsville,34.6441,-86.7861
18068,"KDYR dyersburg, tn",36.0,-89.4
18173,Concord,35.3932,-80.707
18174,Ellis Airport,34.8251,-77.6189
18176,"KSOP southern pines a, nc",35.2371,-79.3921
18177,Darlington,34.4474,-79.8902
18220,Greenwood,34.254,-82.1526
18345,"KOLV olive branch apt, ms",34.98,-89.79
18370,Kinston,35.3238,-77.6189
18403,Elizabethtown Airport,34.6,-78.58333
18406,"KGWW goldsboro-wayne, nc",35.4638,-77.9602
18425,"KMDQ madison cty arpt, al",34.86,-86.56
18431,Seymour-Johnson Air Force Base,35.3446,-77.9458
18445,"K4A9 fort payne, al",34.47,-85.72
18462,Kenansville,34.9994,-77.9799
18468,Pitt-Greenville,35.6406,-77.3844
18469,"KHRJ harnet cty arpt, nc",35.38,-78.7355
18894,"KHFF mackall aaf, nc",35.03333,-79.5
19993,"K1M4 haleyville/posey fi, al",34.28,-87.6
36294,USCRN SITE AT LAWRENCE COUNTY AIRPORT NEAR COURTLAND 2WSW,34.66028,-87.34611
48067,Marion Airport KMAO,34.1852,-79.3341
53443,Beni-saf  ,35.3,-1.35
53444,Oran-Port  ,35.7,-0.65
53445,Arzew  ,35.8167,-0.2667
53847,Sidi Bel Abbes,35.2,-0.6167
64694,Al Hoceima,35.1771,-3.83953
65577,Oran-Es Senia,35.63333,-0.6
85897,Oran-tafaraoui,35.48333,-0.51667
86830,Tullahoma Regional Wm Northern Field,35.38009,-86.24636
86832,Fayetteville Municipal Airport,35.0597,-86.56401
86834,Murfreesboro Municipal Airport,35.8775,-86.3775
86835,Bomar Field Shelbyville Municipal Airport,35.5601,-86.44249
87329,Lawrence County Airport,34.65939,-87.34883
90209,Roscoe Turner Airport,34.91497,-88.60348
97482,Mitchell Creek,34.89683,-76.77767
97518,Dare Gunnery,35.66667,-75.9
98804,I-385 @ US-221 SC US,34.55355,-82.00555
148171,Beech River Regional Airport,35.65636,-88.19535
149432,KSNH,35.17,-88.22
150401,KPVE,35.66,-88.2
153934,Habersham County Airport,34.49989,-83.55669
153987,EW7058 Advance NC US,35.98892,-80.43602
162563,"Wesser, NC",35.31833,-83.5645
162606,"Concord, NC",35.4135,-80.564
163095,"RoperE, NC",35.89831,-76.5822
163102,"Aurora, NC",35.28719,-76.7674
168964,"Six MileW, SC",34.85229,-82.8717
168999,"ShelbyNW, NC",35.31207,-81.5514
170465,Covington Municipal Airport,35.58336,-89.58722
170469,KM04,35.58,-89.58
175046,FW2491 Long Creek SC US,34.76667,-83.26917
187283,University of North Georgia Dahl GA US,34.52804,-83.99017
187284,University of North Georgia Cumm GA US,34.2239,-84.10846
187311,Alliance Academy GA US,34.21864,-84.11564
187353,UNC Pembroke NC US,34.6867,-79.20227
542158,Raven Crest Trail W,35.39197,-85.29862
544721,Old Walland Hwy,35.73812,-83.82358
551425,Creek Point Rd,35.06588,-76.93628
551775,Ceuta Heliport,35.8928,-5.30639
551967,Bernie&rsquo;s Station,34.72646,-76.52084
554342,Barnhill Orchard Rd,35.65362,-81.66093
559764,Bear Creek,34.65027,-77.16976
564371,Minnesott Beach,34.9665,-76.80597
570704,Lee St,35.3749,-76.71965
571442,Stewart Dr,34.72645,-76.55822
575163,UNC Charlotte NC US WEATHERSTEM,35.3104,-80.74005
583362,Big Level Dr,35.64643,-82.49342
583455,Blue Ridge Energy Lenoir,35.93554,-81.52955
584249,Mt Olive Municipal Airport,35.22251,-78.03753
585227,Mount Olive Municipal Airport NWS/FAA,35.22145,-78.03862
587499,Airport Rd,35.57142,-77.04501
588560,Deepwater Dr,34.76364,-77.12788
593192,I 55 And Hwy 150 Overpass AR US,35.9864,-89.87534
593974,Hickory Forest Rd,35.57262,-82.39967
594912,Martin County Airport,35.86219,-77.1782
595021,Wallace,34.71789,-78.00362
596236,Henderson Field Airport NC US NWS/FAA,34.71786,-78.00389
596767,Huntsville,34.71848,-86.53903
598612,GW3382 Harkers Island NC US,34.68567,-76.52617
600143,Island View Dr,35.2897,-85.07214
603029,CUETA TG,35.8833,-5.3
603087,DURHAM/DUKE NC TG,36.0,-78.9333
603723,Shoreline Dr,34.74126,-77.4336
604289,Neuse Dr,35.03024,-76.68317
605189,Bayview Dr,34.69283,-76.53288
607550,Horticultural Crops Res Stn,34.32107,-77.91611
607552,Horticultural Crops Research Stn,35.02218,-78.28195
607554,Cherry Research Station,35.37935,-78.0448
607555,Hamlet Tower,34.84207,-79.7384
607556,Sandhills Research Station,35.18782,-79.68437
607557,Lake Wheeler Rd Field Lab,35.72816,-78.67981
607562,Tidewater Research Station,35.84887,-76.65058
607565,Upper Coastal Plain Res Stn,35.89295,-77.67996
607567,Siler City Airport,35.7043,-79.50419
607568,Williamsdale Field Lab,34.7658,-78.10117
610485,Forte Shores Dr,35.52042,-77.03805
610736,S Virginia Dare Trail,35.99857,-75.64831
611720,dittolanding,34.56853,-86.55398
611843,test102,34.73348,-86.72856
613405,Albemarle Beach Rd,35.93608,-76.63857
614268,Winding Creek Golf Course NC US WEATHERSTEM,35.90182,-80.10096
614374,test105,34.79658,-86.64028
614380,test106,34.66491,-86.39348
614390,Bill Waters Rd,35.16779,-78.20438
615936,Frying Pan Mountain,35.39357,-82.77427
615938,Mount Mitchell State Park,35.7585,-82.2712
615944,Sassafras Mountain,35.06523,-82.77655
617077,North Carolina Hwy 12,35.71674,-75.49382
618261,Hickory Forest Rd,35.57323,-82.4029
619004,Empire Gem Ln,35.20917,-75.69645
620028,Darlington Speedway,34.29715,-79.90921
620420,Sunset Ave W,35.93607,-76.64194
620903,test116,34.12774,-87.96277
621819,Jon Frank Dr,35.43285,-87.27078
622254,Charles W Baker Airport,35.27898,-89.93147
622662,HQ SC US CCU,34.00815,-81.02184
622666,Decker Center SC US CCU,34.05982,-80.9491
622668,Richland Library Southeast SC US CCU,34.96789,-80.94678
622669,Sandhills Fire Station SC US CCU,34.10978,-80.87966
623081,Ridgepole Dr,34.98723,-83.34361
623475,Sound Dr,34.6754,-77.01915
623693,Atkinson Rd,34.41488,-77.57043
626326,Dory Rd W,35.54501,-75.47308
626766,Long Point Estates Boat Dock,34.33624,-77.70527
626935,Wallace Channel Dr,34.70002,-76.55743
626949,Masonboro Harbour,34.13518,-77.86679
627168,Allens,35.66724,-89.19012
628795,Lowery Rd NE,34.34256,-86.47675
629760,Meekins Dr,35.9209,-75.68567
629981,GW4466 FLORENCE AL US,34.8095,-87.68233
630231,Chadwick Shores Dr,34.53288,-77.37435
631148,Paso Trl Wy,35.84179,-83.74892
633941,41082,36.0,-75.1
633947,Springwater Rd,35.16249,-83.06615
633971,41083,35.7,-74.9
634804,Emerald Dr,34.68307,-76.91731
635447,W Barracuda Dr,35.94707,-75.62669
641229,Burland Cres,35.94618,-86.72476
642679,Sunstede Dr,35.50365,-80.96008
644331,WB4PCM MANTEO NC US,35.90717,-75.64817
645065,Blair Pointe Rd,34.73722,-76.70827
647133,Ocean Blvd Ext,34.69637,-76.70869
647258,Enola Rd,35.67249,-89.98115
649001,Lake Waccamaw,34.29314,-78.54662
198849,Broad Creek,34.71558,-76.93986
168280,Lake Lanier South,34.1625,-84.07556
18296,Badin Lake,35.4199,-80.1479
158345,WB Park,34.21511,-77.80511
16223,Rabat,34.05,-6.77
168928,"Anderson, SC",34.42947,-82.8132
87944,Tarboro Edgecombe Airport,35.93622,-77.5416
149431,Savannah Hardin County Airport,35.17036,-88.21587
151394,Lake Murray North,34.10739,-81.27063
519448,Chestnut Tree Rd,35.50907,-80.94287
610912,1st St,34.70896,-76.74376
619448,Wimble Shores N,35.57238,-75.4629
18178,"KNQA memphis nas, tn",35.35,-89.87
18380,"K8A0 albertville/albertv, al",34.23,-86.26
18391,"KDNN dalton, ga",34.72,-84.87
18401,"KEHO shelby, nc",35.2525,-81.5995
18715,"KHUA redstone arsenal, al",34.68,-86.68
31656,Univrsity-Oxford Airport,34.39,-89.55
36320,MUSCLE SHOALS HCN AL US,34.77111,-87.64972
48053,Newberry,34.3062,-81.6413
48056,KCDN,34.2815,-80.5636
49386,KBBP,34.6228,-79.7354
66038,Memphis(wfo),35.061,-89.985
66046,Knoxville Municipal,35.81806,-83.98583
84098,ESTLAW East Lawrence AL US,34.567,-87.17333
86831,Warren Co Memorial Airport,35.69871,-85.84382
86848,Columbia/maury Co,35.55414,-87.17892
95061,KCNI,34.31,-84.42
99573,Toccoa Rg Letourneau Field,34.59281,-83.29637
100589,KTOC,34.58797,-83.29741
153442,KG4AGD Dunn NC US,35.35317,-78.55817
158008,KAJR,34.5,-83.56
161223,Monroe County Airport,35.54537,-84.38024
162522,"AshevilleNE, NC",35.58895,-82.5428
162557,"Arden, NC",35.46548,-82.4876
162641,"Salem, SC",34.88918,-82.9102
162986,Hwy515 at Bill Hasty Blvd GA US,34.44617,-84.44548
164990,Abernathy Field,35.15371,-87.05683
169186,Fayette County Airport,35.20771,-89.39446
169187,KFYE,35.21,-89.39
180156,Lawrenceburg Lawrence County Airport,35.2343,-87.25794
182661,COVINGTON TN US,35.58917,-89.58691
201327,Blackbeards View,35.46146,-76.82168
519980,Kimball Point Ct,35.06279,-85.67289
559832,Leslie Ct,34.6654,-77.15524
568330,NC-403,35.15876,-78.03056
574332,Butler Nursery Rd,34.89021,-78.84288
584783,Satulah Mountain,35.04207,-83.19433
585381,SOULES SWAMP NEAR WHITEVILLE 2S NC US,34.31694,-78.70611
585720,Sandy Shore Dr,35.54021,-80.90697
587498,Washington,35.57842,-77.04678
600136,NC-24,34.73292,-76.83876
603965,TX-16,34.44096,-88.14639
607563,Reedy Creek Field Laboratory,35.80712,-78.74412
607566,Piedmont Research Station,35.69744,-80.62186
614608,Macasa Trail,34.45672,-82.11427
615941,Wayah Bald Mountain,35.1731,-83.58097
615945,Mountain Research Station,35.48752,-82.96768
628306,GW4377 FLORENCE AL US,34.79233,-87.71533
629450,Millington/Baker Arpt TG,35.276,-89.931
629887,Ocean Dr,34.68068,-76.92848
630627,Griffith Pkwy,34.82214,-84.32851
631732,Meeting St,34.73862,-76.63993
632415,Sarah Ellen Dr,35.11345,-75.9678
633659,W Sunset Greens Dr,35.92945,-75.61646
647002,Brigantine Blvd,35.02468,-76.71609
54112,Chadwick Shores,34.536,-77.373
114910,Buxton Woods,35.26111,-75.53311
520890,FW8132 Atlantic Beach NC US,34.699,-76.73283
18396,"KRCZ rockingham, nc",34.8955,-79.7575
18446,Sanford-Lee Airport,35.57642,-79.10342
18461,Sampson,34.9752,-78.3628
44019,JACKSON COUNTY NC US SUPERAWOS,35.31743,-83.20991
88116,Scottsboro Municipal Word Field,34.68871,-86.00593
534704,Masonboro Island-MBNN7 ,34.171,-77.824
549904,Tram Rd,34.41902,-77.55521
562160,Airport Rd,34.99963,-77.98308
11894,TISHOMINGO RAWS NEAR IUKA 3SSW,34.7775,-88.16528
12097,Dare Bomb Range,35.76083,-75.85222
18094,Gastonia,35.1968,-81.1555
18118,Cartersville,34.1159,-84.8507
18384,Columbus County Airport,34.2753,-78.7146
18419,"KJNX smithfield, nc",35.5369,-78.3935
18457,Asheboro Airport,35.6527,-79.8942
18458,Lincolnton,35.4861,-81.1564
18463,"KFQD rutherfordton, nc",35.43,-81.9373
18471,Salisbury,35.6442,-80.5236
18472,Statesville,35.7635,-80.9472
18695,"KRHP andrews-mur arpt, nc",35.2,-83.87
48051,KLUX,34.50825,-81.94938
48057,KLKR,34.7258,-80.8434
48059,KCQW,34.7128,-79.9622
49525,KSPA,34.9115,-81.9598
49526,Winnsboro,34.315,-81.109
65578,Tlemcen Zenata,35.01667,-1.46667
66032,Greenville Spartanburg Intl Airport,34.89567,-82.21886
67657,Melilla,35.27982,-2.95626
68885,Maghnia,34.81667,-1.78333
85848,Pickens County Airport,34.8069,-82.7047
118698,KCMD,34.27,-86.86
119362,McMinn County Airport,35.3973,-84.56257
146325,K01M,34.49,-88.2
146330,KMMI,35.4,-84.56
147922,KRZR,35.21,-84.8
150000,Gatlinburg Pigeon Forge Airport,35.85776,-83.52871
150514,KGKT,35.86,-83.53
153936,Gilmer County Airport,34.62786,-84.52493
153944,Tom B David Field,34.45545,-84.93916
157995,KCZL,34.46,-84.94
158006,K49A,34.63,-84.53
159834,Panola County Airport,34.36347,-89.89256
162564,"Charlotte, NC",35.2365,-80.7197
162979,I-75 at SR 2 GA US,34.92786,-85.15253
162981,I-59 at SR 136 GA US,34.86942,-85.51561
162987,I-75 at SR140 GA US,34.37611,-84.91093
165061,Mark Anton Airport,35.48625,-84.9311
167470,SR 11 at Neel's Gap GA US,34.7354,-83.91812
168325,ORIENTAL TOWN PIER NC US,35.02444,-76.69194
170467,Robert Sibley Airport,35.20295,-88.49836
170468,KSZY,35.2,-88.5
174382,Dayton TN US NWS/FAA,35.4817,-84.9322
183891,MS Delta 4 MS US,34.16466,-88.72394
184053,FW4380 Newport NC US,34.77733,-76.72883
187285,University of North Georgia Gain GA US,34.23295,-83.86685
187306,Barkley Bridge Elementary School AL US,34.41873,-86.94885
187342,NC State NC US,35.77173,-78.67365
187350,East Carolina University NC US,35.59634,-77.36522
199073,Garner Lake NE,35.24185,-89.73265
201449,Lexington Dr,35.53809,-77.05255
517912,MS Delta 2023 MS US MS-DELTA,34.13822,-88.99828
519354,Frick Ct,34.1199,-81.34298
519658,Harrietts Trail,35.45908,-82.95158
522075,Mhoontown,34.81217,-87.96215
522082,Mooresville Pike,35.53381,-87.01588
522105,Fox Ln,35.66737,-85.56139
523263,K5OLV Trenton GA US,34.87217,-85.46433
523401,Shoreline Loop,35.53935,-80.8963
532061,3NR3 Transylvania Community Airport,35.27009,-82.64576
532138,Union County Troy Shelton Field,34.68695,-81.64117
543814,FW8254 Saluda SC US,34.116,-81.59517
547365,Main St,35.3015,-77.15328
552544,Rolling Meadows Dr,34.57955,-83.74866
553924,Grand Highlands,35.46138,-82.37967
561074,Bobo Section Rd,34.96149,-86.60139
561415,Gragg Ave,35.96816,-81.87654
563067,GW1106 Bostic NC US,35.37267,-81.808
563766,Bobbitt Dr,35.84809,-80.71971
567336,Blackburn Rd,35.57762,-85.14803
570006,Dr Williams Rd,35.01655,-77.95656
570111,Hackney,35.45084,-77.17283
570615,St Andrews Dr,34.75056,-87.16549
573356,Pee Dee REC,34.29336,-79.73986
575040,WCCB Charlotte NC US WEATHERSTEM,35.20432,-80.79838
575164,ABC Columbia SC US WEATHERSTEM,34.00202,-81.03341
576274,Bold Dune Dr,35.56866,-75.46464
577394,Cane Creek-Cummingsville Rd,35.80544,-85.45373
578782,Mountain View,35.65679,-81.38217
579087,GW2239 LELAND NC US,34.24483,-77.99167
579403,Mowbray Mountain,35.29552,-85.22878
580688,Final Approach Dr,35.08344,-78.77298
581142,John Gamble Rd,35.50348,-80.8904
582291,State Rd 1121,34.72084,-76.94486
583378,GW2512 Plymouth NC US,35.7135,-76.64533
589646,Bay Hill Dr,34.77784,-87.22197
593629,Franklin,35.89063,-86.91951
595117,Rift Ln,35.77401,-86.35355
596850,KM4RT-13 Mason TN US,35.44733,-89.62967
600130,Down Shore Rd,35.42398,-76.84773
600912,NHCFR 16,34.27685,-77.81569
603640,GA-60,34.67482,-84.0059
605038,montesano,34.74292,-86.53242
607551,Chapel Hill Station,35.93,-79.06
607560,North Stanly Middle School,35.40981,-80.23748
607569,Highway Patrol Comm Station,35.83903,-77.09349
609467,Farmhouse Dr,34.75747,-86.76236
609886,Little Hendricks Peak,34.48489,-84.34689
615281,Old Cswy Rd,35.07677,-77.1098
615296,greenmountain,34.60123,-86.52789
615754,Cullen Pl Ln,35.63022,-80.91648
615939,Spindale Tower,35.3348,-81.9125
615943,Mtn Horticultural Crops Res Stn,35.42721,-82.55888
616088,Blue Springs Rd,35.96975,-85.3968
617660,N Dyson St,34.49626,-77.55057
618581,test113,34.24315,-86.27462
622663,Riverbanks Zoo SC US CCU,34.01171,-81.07313
623605,Long Run Farm Rd,35.35972,-80.42183
624022,Main St SW,34.2958,-83.82539
625630,Beach Rd N,34.27431,-77.74043
628933,Alice Kelley Ct,34.99964,-82.42513
629449,GW4445 LAWRENCEBURG TN US,35.10417,-87.41317
629575,Lake,34.35693,-83.99714
629631,Galloway Farm,34.22713,-79.89388
629634,Critter Springs Way,35.78977,-83.27608
632272,Foothills Pkwy,35.63348,-83.9415
632403,Peaceful Pointe,34.19997,-77.82565
632606,Horry C. - Church Landing at San SC US CCU,34.14058,-79.20588
642224,Ft Hugar Way,35.93526,-75.72536
644944,Timberlake Dr,35.01338,-78.28016
645180,Bogue,34.68058,-77.02892
646161,Pinnacle Point Ln,35.08294,-82.77787
648655,GW5228 CHEROKEE AL US,34.7425,-87.95967
54095,Nags South Ridge,35.949,-75.627
588573,Topsail Beach North,34.38623,-77.60252
186103,EW7222 Emerald Isle NC US,34.6525,-77.07883
11892,Sunny Point,34.00389,-77.96444
71946,Pine Knoll Shores,34.7,-76.8
558099,Colony Dr,35.55861,-75.46415
576527,Azure Point,34.85952,-84.27386
11673,Croatan,34.76056,-76.89556
53441,Larache  ,35.1833,-6.1333
96445,Brasstown Bald Mountain,34.903,-83.856
150890,Jacksonville,34.77083,-77.43617
167833,HARTWELL LAKE NEAR ANDERSON 10W SC US USARMY-COE,34.50833,-82.85528
170234,Oyster Bay,34.43811,-77.54911
174424,Knoxville Downtown Airport TN US NWS/FAA,35.96581,-83.87169
187472,Oakland VFD,34.839,-87.798
520854,"Hatteras Island - Rodanthe, NC",35.58361,-75.46339
5268,W4HSV Huntsville,34.75617,-86.678
8274,CW4427 Arlington,35.2674,-89.83714
11599,DYERSBURG,35.99,-89.4058
11857,Carolina Sandhills NWR,34.66194,-80.27417
18371,"K1A5 franklin, nc",35.22,-83.42
18381,"KAFP wadesboro/anson cou, nc",35.0163,-80.0736
18466,"KMRN morganton-lenoir, nc",35.8192,-81.6097
18625,Lexington-Airport,35.78041,-80.30839
36290,USCRN SITE AT NORTH ALABAMA HORTICULTURAL RESEARCH CENTER NEAR CULLMAN 3ENE,34.17861,-86.79639
46085,KDZJ,34.85,-84.0
47576,High Shoals,35.42679,-81.21742
47951,D1971,35.163,-82.45833
48052,KDCM,34.79039,-81.2007
49384,KHVS,34.40474,-80.12026
54436,K7A8,35.94457,-81.99566
66990,Chattanooga/lovell,35.03528,-85.20381
85503,Creswell,35.83783,-76.41983
86856,Rockwood Municipal Airport,35.92229,-84.68966
92053,KT4FD Dahlonega GA US,34.54,-84.168
93432,DW7755 Boiling Springs NC US,35.245,-81.67167
98797,I-85 @ SC-8 SC US,34.67359,-82.53684
98798,US-123 @ SC-93 SC US,34.82807,-82.49322
98801,I-85 @ I-26 SC US,34.97881,-82.01118
98809,I-85 @ SC-198 SC US,35.14173,-81.50791
99413,Chattanooga Prep School,35.06095,-85.29775
100498,EW0871 Fletcher NC US,35.44117,-82.45967
101028,EW1340 Lawrenceburg TN US,35.25467,-87.32533
150755,EW5834 Rossville TN US,35.03,-89.53233
153726,KSCR,35.7,-79.5
153933,Franklin County Airport,34.34011,-83.13348
153942,Barwick Lafayette Airport,34.68856,-85.29045
157994,K18A,34.34,-83.13
157996,K9A5,34.69,-85.29
157998,KEBA,34.1,-82.82
162556,"Keowee KeyNW, SC",34.83971,-82.9369
162619,"EtowahNW, NC",35.32169,-82.6126
162982,US 76 at SR11/US19 GA US,34.87278,-83.96519
162984,US441 at Furniture Drive GA US,34.53496,-83.53483
162988,US 76 at US 23/US 441 GA US,34.87669,-83.39828
163023,SR515 at SR5/Blue Ridge Dr. GA US,34.8732,-84.3233
163250,NUCOR Trinity AL US,34.63483,-87.08033
163975,Knoxville Downtown Island Airport,35.96389,-83.87389
168263,WOLF RIVER NEAR COLLIERVILLE 3N TN US USGS,35.08139,-89.65056
168281,CARTERS LAKE AT POWERHOUSE NEAR GA US USGS,34.61389,-84.67111
168307,LUMBER RIVER AT STATE HIGHWAY 71 NC US,34.68,-79.23583
175402,FW2794 Surf City NC US,34.44417,-77.57898
180658,FW3843 Kenly NC US,35.56283,-78.09
184481,FW4683 Nebo NC US,35.684,-82.007
184788,FW5188 Rainsville AL US,34.48283,-85.8225
185153,FW2651 Crossville TN US,35.95333,-85.02883
185206,FW5271 Hendersonville NC US,35.24,-82.55683
185275,FW4678 Havelock NC US,34.8875,-76.91
185926,FW1225 Madison AL US,34.7495,-86.71083
186796,FW5769 Mooresville NC US,35.579,-80.94617
187263,Buford Academy GA US,34.12945,-83.99152
187305,Emory Yerkes FS GA US,34.02332,-84.0217
187371,NC State Doak Field NC US,35.78763,-78.67984
187401,ETV Rock Hill SC US,34.93866,-80.99723
196581,FW7058 Braselton GA US,34.16683,-83.80383
197296,FW7036 Jonas Ridge NC US,35.97417,-81.895
200387,Roberta St,34.84843,-89.79682
200534,Orion Weather,35.96903,-84.18504
200605,Sparkling Cove Dr,34.11142,-83.94117
200905,Goodbar Rd,35.75908,-85.62271
201674,Taylor&#39;s Mill Rd,35.78223,-78.24145
202012,Carole Ct,35.61073,-81.77012
202340,Woodpark Ln NW,35.99439,-84.10586
518116,Sawyer Cemetery Rd,35.21012,-85.27237
518121,Meadow Lake Dr,35.65531,-78.75043
518932,Pine Trail,34.47219,-83.98476
522084,Weston Ct,35.99693,-86.76421
525218,Basham Rd,35.52368,-85.84845
525869,FW8649 Greenhill AL US,34.96667,-87.50383
527975,Bagwell Rd SW,34.14289,-85.30081
529311,Squirrel Ln,35.1213,-81.03992
531502,Cabana Rd,35.45223,-76.60735
534535,Holly Forest Ct,35.13387,-83.02817
536379,Thomas Cattle Company,35.08333,-87.32814
539784,Cummings Ridge Trail,35.32062,-82.55383
541405,N Old Laurens Rd,34.64586,-82.15907
541533,FW9704 Florence AL US,34.92117,-87.65
542642,FW9021 Roswell GA US,34.04267,-84.40617
543019,Hobbs Island Rd SE,34.54176,-86.47804
543826,FW8634 Nebo NC US,35.631,-81.8865
544026,6th St,34.58273,-86.7393
544380,FW9901 Loris SC US,34.03233,-78.935
545204,Old Monrovia Rd NW,34.75528,-86.67834
548157,GW0151 Spruce Pine NC US,35.8935,-82.067
550916,E Wellesley Dr,35.56309,-78.53101
555321,Sipsey Pines Rd,34.01437,-87.19025
555326,Danner Rd,35.96218,-80.59769
555644,Sardis Dr,34.175,-86.11964
556409,Saddleview Ln,34.95417,-84.17548
556541,Torri Dr,35.79864,-83.48592
559148,K1KOF Cross Hill SC US,34.21667,-81.94533
560728,Cheatham Springs Rd,35.71749,-86.67706
560777,S Colony South Dr,35.8536,-75.56865
562998,Trader 4 Christ,35.61616,-81.77843
563186,Natchez Ln,35.60145,-85.80727
563226,Scotts Store Rd,35.11332,-77.88301
564486,Bullet Mountain Dr,35.40489,-84.25066
565961,Ninety Six Agriculture Department,34.15755,-82.02806
566036,GW1200 Tuscumbia AL US,34.73676,-87.82993
566659,Black Mountain,35.56323,-82.2603
566892,Sherwood Shores Dr,35.69191,-84.77448
567359,Leaping Cat Ln,35.57487,-83.05112
568316,SKYLARANNA Hotel &amp;amp; Resort,35.39471,-82.52158
569167,NC-55,35.14406,-76.79252
570061,GW1714 WALLAND TN US,35.74467,-83.85283
570415,W Main Ave,35.92236,-81.17593
570657,Green Willow Trail,34.46268,-82.53297
571835,Wolpert Home TN,35.83175,-83.49072
573059,Lakeshore Dr,34.31409,-78.51151
573972,Catawba,35.65067,-81.09168
577794,US27-01318-N-01 GA US GADOT,34.26076,-85.17
577971,Bush River Rd,34.35828,-81.80432
578924,Arlington Oaks Trail,35.59652,-78.6235
579291,S Deer Run,34.95238,-85.513
582113,Wood Creek Dr,34.4439,-85.70246
583299,Wilson Mountain Rd,34.39877,-86.79798
584377,Talona Mountain Rd,34.62847,-84.49152
585379,NEW RIVER AT JACKSONVILLE NC US,34.75111,-77.43417
585409,NORTH FORK ALLIGATOR RIVER AT NC NC US,35.72139,-76.19237
585411,FAR CREEK AT ENGLEHARD NC US,35.50889,-75.99694
586559,Willow Valley Way,34.69156,-82.2798
586732,College Heights,34.47311,-83.02407
586783,GW2712 Weaverville NC US,35.70767,-82.45917
586853,Barnes Hill,35.90604,-77.9151
587612,Goinbroke Chestnut Oak Farm,35.33867,-85.16952
588363,Mallory Creek,34.18976,-78.00218
588536,"Renner at Milford Dr, Tollgate",35.83503,-86.89223
589061,Deer Cove Rd,34.36892,-77.6756
589750,Summit Tower Cir,35.65028,-82.56918
590194,Mirror Lake Dr,34.99083,-79.35932
590908,High Trail Vista Cir,34.48674,-84.34914
591114,Porch Rock Rd,35.61256,-85.12059
594086,GW3138 Rome GA US,34.232,-85.24017
594405,Timber Ridge Dr,35.09275,-83.10293
594676,Monroe St,35.64649,-88.39848
596217,GW3196 Kenansville NC US,34.96267,-77.96333
596495,Able Ln,35.67531,-84.72108
596971,Rocky Top Farms,34.52163,-83.03905
596990,Howards Landing Rd,34.36485,-77.68176
597558,Willbrook Cir,34.57164,-77.40497
597954,Elijah Sykes Rd,35.20688,-77.5547
597961,Stanford Rd,35.02291,-82.30451
598311,Stoney Brook Dr,34.47984,-86.61062
599149,GW3396 Henagar AL US,34.65083,-85.66167
600318,GW3421 FRANKLIN NC US,35.16367,-83.32167
600735,State Rd 1425,34.77887,-77.22698
601894,E Stewart Cir,34.25033,-77.90966
602364,Pepper Rd,34.99852,-86.70804
602391,Tennessee Ave,35.3169,-84.52864
602493,TN-188,35.85107,-89.16112
603285,Airport Dr,34.74662,-86.46059
603429,Cortner Rd,35.50424,-86.28955
603707,Pollard Rd,35.9047,-85.63482
604135,Jackson Dr,34.94594,-76.88798
604347,Richardson Ln,35.72087,-84.07384
604911,Bentley Ln,35.02081,-76.98395
605120,Touch Me not Trail,35.13972,-82.33929
607548,Pamlico Aquaculture Field Lab,35.36232,-76.7163
608275,Williamsburg Rd,35.96967,-80.83031
608440,Bond Rd,35.78742,-86.8278
608937,Foothills Cir,34.51632,-86.56618
609348,Co Rd 342,34.97538,-87.58932
609380,Willow Pond Ln,35.03073,-83.75774
610126,Howard School Rd,35.62304,-84.13445
610711,Rebels Rest Ln,35.12311,-83.07965
611537,Harmon St,34.0514,-81.35155
613738,Birch Dr,35.03881,-85.1219
614205,"Coker Creek, TN",35.28818,-84.24453
614265,GW3693 LAWRENCEBURG TN US,35.256,-87.3065
615509,GW3878 FARMVILLE NC US,35.59083,-77.5755
615649,Kirksey Knolls Rd,35.75725,-81.76138
615788,McDonald Ct,35.21464,-82.66228
616150,N Kinston Ave,34.70206,-76.73936
616193,Charlotte,35.24562,-80.82434
616264,Cove Landing,34.18523,-78.00378
616512,GW3943 MAPLE HILL NC US,34.70817,-77.65783
617770,Depriest Rd,35.45504,-81.82011
619300,Tom Neal Dr,35.11591,-75.97283
619896,Banks Ln,34.72366,-76.90695
620882,Tetterton Rd,35.71338,-77.34428
621187,Deer Crest Overlook,34.83012,-84.31909
621330,Painters Gap Rd,35.48093,-82.02654
621869,Able Ln,35.67491,-84.72289
621998,W US Hwy 19 E,35.91003,-82.37486
622032,Bockman Way,35.94115,-85.35631
622317,Andes Ridge,34.55179,-84.40129
622659,Denny Terrace SC US CCU,34.06966,-81.06052
622665,Blythewood Fire Station SC US CCU,34.21921,-80.9727
622667,RCSD HQ SC US CCU,34.05984,-80.98282
623447,test118,34.08191,-87.20924
623939,"Lake Hartwell, Northlake",34.58774,-82.66468
624470,Jonestown Rd,34.70886,-77.97586
624657,Thunder Vly Ct,35.42709,-78.77512
624712,Davis Rd,35.5742,-81.14787
625487,Broadway Dr,35.29184,-81.67942
625917,Sea Gate Dr,34.85231,-76.69088
626303,Sandpiper Ln,35.85813,-84.11923
626308,Wetherington Landing Rd,34.76778,-77.13906
626497,Hillwood Dr,35.98129,-81.5853
626880,St Joseph Dr,35.08478,-80.62603
627047,W Page Hager Rd,35.8287,-80.73074
627164,45th Ave NE,35.79552,-81.29338
627393,Crestmont Dr SE,35.40244,-80.54023
627601,Loves Farm Rd,35.12345,-81.48042
627799,Holly Hill Rd,34.71591,-83.99794
627899,Mills Rd,35.26652,-78.12035
628316,GW4359 TUSCUMBIA AL US,34.96567,-87.5
628555,Tom Walker Dr,35.61673,-86.25906
628570,Mamers,35.39984,-78.93262
628701,Lakeshore Dr,35.44567,-80.90711
628895,GW4391 ATHENS AL US,34.79983,-86.83783
629166,Tarboro Rd,35.99113,-78.4066
629640,Little Indian Lp,35.62264,-80.87183
629646,Vaughan Chapel Rd,35.88207,-77.98188
629916,Patton Mountain Rd,35.62971,-82.53592
629978,GW4439 LAURENS SC LA,34.49617,-81.9855
629980,GW4465 FRANKLIN NC US,35.24233,-83.43317
630308,Varnell Rd,35.12167,-84.92553
631689,Duchy Dr,35.97939,-79.27644
631698,Country Club Dr,34.885,-81.0449
632513,Floyd Farms,34.01773,-79.11352
632526,Squires Home Farm,34.08459,-78.82623
632590,FW5750 Knoxville TN US,35.92017,-84.21567
635106,Indigo Dr,34.66671,-77.01382
636272,Scott Dr,34.56596,-82.72272
637852,Canal Dr,34.67015,-77.00926
642360,Trawler Pl,34.71141,-76.97243
642561,Ocean Hwy E,34.09333,-78.13063
644257,Dow Rd S,34.03621,-77.9068
645324,Canal Dr,34.05837,-77.88208
647009,Otis Way,35.61822,-78.84636
648654,KB4UTZ TOWNSEND TN US,35.68,-83.81
90321,Loggerhead,35.25167,-75.53333
83676,Boryk-Topsail Beach South,34.3511,-77.6481
6220,Locust,35.26033,-80.4225
9483,Cary Park,35.81133,-78.915
11873,New Bern,35.09694,-77.11111
119101,EW3585 Seneca SC US,34.6,-82.9
519647,Pleasure Island-Bonito,34.01669,-77.90315
6422,CW0168 Florence,34.79481,-87.67477
8662,Fuquay Varina,35.5755,-78.79717
11596,CULLOWHEE 1W RAWS,35.31667,-83.2
11629,HIGHLANDS 3W RAWS,35.08611,-83.2175
11669,NORTH COVE PINNACLE RAWS NEAR NEBO 7NE,35.81667,-81.93722
11738,UWHARRIE NATIONAL FOREST RAWS NEAR TROY 1ENE,35.36667,-79.86667
11743,ANDREW PICKENS-SUMTER NATIONAL FOREST RAWS NEAR WALHALLA 5NW,34.81167,-83.125
11837,Bunyan,35.52056,-76.93139
11882,Phelps Lake,35.74694,-76.51083
11902,Lake Mattamuskeet,35.5417,-76.2231
12497,Tuscaloosa-Lakewood,35.98204,-78.93331
43887,Frying Pan,35.8264,-76.2006
83106,Crane Eater,34.522,-84.862
96451,Lexington West,34.008,-81.301
111047,EW1029 Hiawassee GA US,34.979,-83.757
119615,Mooresville,35.6,-80.79967
148096,EW4573 Holly Springs NC US,35.6525,-78.83383
153918,Bixby,35.929,-80.457
161966,"BrevardSW, NC",35.20739,-82.7428
164062,Sea Gate,34.851,-76.695
169161,FW0286 Ridgeway SC US,34.3745,-80.79
180448,Laurel Bluff Farm,35.78,-84.53
185956,FW2308 Hartwell GA US,34.35817,-82.87133
186600,FW5435 Raleigh NC US,35.666,-78.6725
187469,North Florence-Rose Park,34.86,-87.674
187470,North Florence,34.84,-87.67
526163,Green Maple Run,35.54027,-81.00679
550692,Hall Rd,35.0977,-85.54079
563686,Timberlake Point,34.07891,-81.37334
568664,Dogwood Ln,34.39419,-82.91077
570799,GW1763 JAMES CITY NC US,35.06367,-77.0125
5137,Wexford East,35.9685,-78.6885
5152,WD4LSS Winston-Salem,35.993,-80.31077
5308,KC5ZJO-1 Madison,34.72691,-86.74546
5325,K4BS Dahlonega,34.557,-84.29217
5338,N4ZOI Cheraw,34.70417,-79.8995
5745,WB5CON Corinth,34.9325,-88.5098
5815,N4DRV Hixson,35.13325,-85.20032
5896,KA4YMY Gastonia,35.21567,-81.08033
5944,NO4D Lyman,34.957,-82.127
5948,KG4GJX Harrison,35.12367,-85.1155
7022,Highland Creek,35.35626,-80.78406
7150,CW2449 Sherman,34.3445,-88.79717
7510,CW3232 Spring Hill,35.77599,-86.92464
7525,CW3306 Culleoka,35.46404,-87.04144
7690,CW3639 Duncan,34.8945,-82.13217
7813,Fuquay-Varina North,35.61667,-78.80133
8528,CW5244 Bartlett,35.2105,-89.823
8599,CW5363 Brevard,35.25533,-82.73533
8745,CW5602 Waynesville,35.4451,-83.03355
9307,CW7077 Mount Pleasant,35.42753,-80.45174
9495,CW7412 Whitter,35.41028,-83.36258
9750,CW7890 Parsons,35.64967,-88.127
9931,CW8285 Fairview,35.54583,-82.34283
9959,KS4XQ Easley,34.76667,-82.59083
10744,K4DNM Clayton,35.62533,-78.32883
10788,KN4CI-1 Moulton,34.50689,-87.24147
10804,K4XP Spartanburg,34.95383,-82.00967
10903,CW1203 Saluda,35.2,-82.36617
10949,CW2401 Chapel Hill,35.99783,-79.05283
10963,CW3151 Flat Rock,35.2674,-82.4456
10993,CW4199 Jackson,35.71044,-88.8227
11032,CW5757 Royston,34.16717,-83.11417
11571,BLEDSOE SF,35.6819,-85.2733
11577,USFS RAWS MET STATION BRASSTOWN #1 NEAR HELEN 7N,34.80278,-83.71
11578,BUSICK 1S RAWS,35.76833,-82.19361
11586,CHICKASAW SF,35.3725,-88.8292
11587,USFS RAWS MET STATION NEAR CHATTOOGA NEAR CLARKSVILLE 2N,34.64028,-83.52194
11588,CHEOAH RAWS NEAR ROBBINSVILLE 1N,35.33667,-83.825
11595,CROSSVILLE AREA OFFICE,35.9178,-84.9972
11600,CRADLE OF FORESTRY RAWS NEAR DAVIDSON RIVER 8NNW,35.35056,-82.77861
11607,Dawson Forest,34.37639,-84.06
11609,GEORGIA DEPARTMENT OF FORESTRY RAWS AT CHATSWORTH NEAR ELLIJAY 1E,34.75889,-84.76639
11620,GRANDFATHER RAWS NEAR WOODLAWN 1S,35.7675,-82.04
11625,GUION FARM RAWS NEAR BREVARD 7E,35.21278,-82.58972
11628,Hofmann State Forest,34.825,-77.32306
11640,LENOIR CITY,35.8442,-84.3317
11651,LEWISBURG TOWER,35.3817,-86.7658
11652,7 MILE RIDGE RAWS NEAR MARSHALL 2E,35.80306,-82.65028
11664,Mount Island Lake,35.37917,-80.9925
11667,ARMUCHEE #1 RAWS NEAR NAOMI 2E,34.69528,-85.17361
11677,PRENTICE COOPER SF,35.1303,-85.4278
11687,ROCKINGHAM 3ENE RAWS,34.96028,-79.68972
11691,RUTHERFORDTON 3N RAWS,35.42861,-81.93944
11698,SHILOH NMP,35.155,-88.3217
11711,TAYLORSVILLE 2ESE RAWS,35.91167,-81.1375
11712,TOCCOA#1 RAWS NEAR SUCHES 6NW,34.765,-84.07444
11714,WAYAH RAWS NEAR TOPTON 3NE,35.16917,-83.40778
11736,TUSQUITEE RAWS NEAR MURPHY 6W,35.07472,-84.12667
11737,USFS RAWS MET STATION TALLULAH #1 NEAR CLAYTON 4NE,34.90583,-83.33444
11739,Sumter National Forest,34.63306,-81.59972
11741,WINBORN 3NW RAWS,34.62028,-89.31417
11816,Broad Creek,34.72717,-76.94374
11835,BANKHEAD NATIONAL FOREST RAWS NEAR WREN 7SW,34.34417,-87.3375
11836,Back Island,34.53278,-77.72194
11842,Sandy Run RAWS,34.61222,-77.48722
11846,DUKE RAWS NEAR CHAPEL HILL 3NW,35.97111,-79.09333
11849,FORT BRAGG RAWS NEAR FAYETTEVILLE 11WNW,35.13972,-79.06444
11853,Claridge Nursery,35.42806,-78.02278
11864,Lexington,35.79222,-80.31167
11865,MERIWETHER LEWIS,35.5025,-87.4581
11867,Camp Mackall,35.03083,-79.505
11909,Turnbull Creek,34.68306,-78.58167
11911,Whiteville,34.33583,-78.72861
12084,COW MOUNTAIN RAWS NEAR CHEROKEE 1NW,35.47417,-83.32278
12089,KINGS MOUNTAIN STATE PARK RAWS NEAR BLACKSBURG 7NE,35.14556,-81.40222
12098,NATCHEZ TRACE PARKWAY HEADQUARTERS RAWS NEAR TUPELO 4N,34.33056,-88.70694
12099,TOE STRING RAWS NEAR CHEROKEE 4NNE,35.54972,-83.29222
12102,HIGHWAY 41 RAWS NEAR TROY 2SE,34.09028,-88.86472
12168,COKER CREEK,35.28,-84.275
12169,ROUND BOTTOM CAMP GROUND RAWS NEAR CHEROKEE 12NE,35.61972,-83.20722
12171,INDIAN GRAVE,35.6236,-83.8083
12211,LITTLE RIVER WILDLIFE MANAGEMENT AREA RAWS NEAR FORT PAYNE 6NE,34.49778,-85.62917
12842,CW2972 Spring Hill,35.78,-86.92
12951,KI4RPM Granite Falls,35.80667,-81.50617
12992,CW7566 Montreat,35.63946,-82.30878
13123,CW8322 Rainbow Springs,35.083,-83.58833
13225,CW7847 Como,34.5255,-89.94133
13331,CW4358 Raleigh,35.86247,-78.49295
13409,GOODWIN CK PASTURE MS US SCAN,34.25,-89.87
13410,GOODWIN CK TIMBER MS US SCAN,34.23,-89.9
13414,Pee Dee,34.3,-79.73
13523,AAMU/JTG AL US SCAN,34.78,-86.55
13524,BRAGG FARM AL US SCAN,34.89,-86.6
13525,CULLMAN-NAHRC AL US SCAN,34.19,-86.8
13527,HODGES AL US SCAN,34.45,-86.15
13530,STANLEY FARM AL US SCAN,34.43,-86.68
13531,WTARS AL US SCAN,34.9,-86.53
13782,NC FIRE RAWS #4,34.6172,-79.0569
13922,Loris,34.06739,-78.86906
14212,CW3066 Charlotte,35.28617,-80.74333
14500,COHUTTA #1 RAWS NEAR CISCO 5SE,34.9225,-84.65944
14511,N8WJE Madison,34.76083,-86.777
19516,Roper,35.87,-76.65
20424,CW9127 Fayetteville,35.02625,-86.55418
27378,K4BHH New Market,34.9475,-86.47333
28590,Holly Springs West,35.63883,-78.863
30265,CW1744 Simpsonville,34.70017,-82.30017
31457,CW9773 Celo,35.86083,-82.19117
31754,CW9900 Humboldt,35.78049,-88.85887
31916,CW9921 Manchester,35.54784,-86.05536
32281,KF4KFQ Smyrna,35.9474,-86.54141
34013,DW0148 Euchee TN US,35.68393,-84.70676
36295,Russellville Municipal Airport,34.4534,-87.7102
36500,DW0639 Shelbyville TN US,35.45294,-86.44412
44044,DW0777 Savannah TN US,35.26011,-88.22123
45689,D0987,35.02433,-80.853
45946,D1057,35.13608,-85.15349
46065,D1121,35.09117,-84.047
49333,Knoxville - SW,35.87917,-84.04867
49440,D2659,34.81154,-85.00136
49501,D2685,34.96425,-80.79634
49543,D2741,34.43466,-86.53304
49916,ALFT1,35.07,-86.89
49917,Belvidere,35.14,-86.19
49918,MCAT1,35.06,-86.59
52647,AT257,35.89579,-83.36349
53442,Ghazaouet  ,35.1,-1.8667
53561,D3420,34.675,-86.38167
55454,D3738,35.093,-80.8255
55662,AT326,35.76488,-83.75865
64693,Chefchaouen,35.06667,-5.3
67814,Richard B Russell Airport,34.3506,-85.15801
69328,AT342,34.1625,-85.18033
70667,D4183,35.81983,-81.18817
70668,D4184,34.75467,-83.6495
71462,Ceuta,35.9007,-5.3249
71899,Newport Town,34.78583,-76.86333
83040,KG4WIV Woodstock GA US,34.10624,-84.46039
83180,DW4909 Edgemoor SC US,34.752,-80.98017
85376,ISBELL FARMS AL US SCAN,34.82,-87.99
85606,DW5364 Statesville NC US,35.84517,-80.799
86156,DW5595 Vale NC US,35.6205,-81.41467
86477,WJ4X-10 Donalds SC US,34.338,-82.32233
86483,DW5686 Belmont NC US,35.24883,-81.03283
87125,SUDDUTH FARMS AL US SCAN,34.18,-87.46
87510,DW6083 Greenwood SC US,34.15,-82.08217
88054,DW6197 Brasstown NC US,35.0,-83.9
88340,DW6386 Kingston TN US,35.86517,-84.66467
89696,DW6610 Arlington TN US,35.27433,-89.68867
90825,DW7002 Pleasant Garden NC US,35.92867,-79.77367
91381,DW7199 Gilt Edge TN US,35.53417,-89.81217
91458,DW7110 Sylva NC US,35.29,-83.3
92190,DW7472 Hartford TN US,35.8095,-83.145
92270,Millbrook,34.17817,-77.88183
93108,Cashiers - North,35.12873,-83.11023
93806,DW8032 Black Mountain NC US,35.58683,-82.26883
94433,DW8354 Demorest GA US,34.34,-83.36
95534,DW8879 Olive Branch MS US,34.9495,-89.8795
95548,IP STATION RAWS,35.64944,-82.91306
95715,DW8953 Monrovia AL US,34.78583,-86.71183
96360,DW9162 Acworth GA US,34.11417,-84.68033
96868,DW9289 Fairview TN US,35.987,-87.14533
97051,DW9408 Columbus NC US,35.22,-82.09217
97328,DW9447 Florence AL US,34.79517,-87.67283
98237,KI4OOG Ooltewah TN US,35.026,-85.088
98796,SC-11 @ SC-28 SC US,34.75415,-83.04794
98800,US-25 @ SC-11 SC US,35.08945,-82.44779
98802,I-26 @ SC-14 SC US,35.18253,-82.1573
98803,Church Street Bridge SC US,34.84391,-82.3969
98805,I-26 @ I-126 SC US,34.02895,-81.10117
98806,I-20 @ I-77 SC US,34.06709,-80.92278
98811,I-77 @ SC-34 SC US,34.30865,-81.00098
99034,W4ZZK-1 Leighton AL US,34.66983,-87.565
99721,KZ1X Chapel Hill NC US,35.88583,-79.08583
99780,Weir Tower,34.02167,-80.86778
100106,W4TFW-1 Decatur AL US,34.53967,-86.98217
100112,EW0643 Sardis City AL US,34.17433,-86.11017
100500,KQ5S-13 Columbia SC US,34.00333,-80.91817
100696,EW1057 Hendersonville NC US,35.24083,-82.5045
100747,EW1186 Misenheimer NC US,35.47069,-80.29034
102465,KE4DSI Arab AL US,34.34,-86.49283
103162,EW1719 Rome GA US,34.3645,-85.12933
103192,EW1728 Garner NC US,35.645,-78.5445
103563,EW1836 Dallas GA US,34.06603,-84.82441
111021,EW1942 Tuscumbia AL US,34.7,-87.7
111023,EW0235 Woodstock GA US,34.1185,-84.582
111383,EW2016 Chapel Hill NC US,35.82617,-79.10817
112010,EW2246 Lake Toxaway NC US,35.146,-82.954
112011,EW2263 Greenville SC US,34.90933,-82.3485
112119,EW2280 Frankewing TN US,35.2045,-86.78367
112126,Bell Creek,34.79467,-76.662
112370,EW2279 Leicester NC US,35.61783,-82.75767
112803,EW2309 Trenton GA US,34.97833,-85.50833
113279,KD5NDU-1 Water Valley MS US,34.0695,-89.53833
113287,EW2458 Woodbury TN US,35.82267,-86.058
113290,EW2456 Fuquay Varina NC US,35.62683,-78.79883
113697,EW2611 Arab AL US,34.32233,-86.49083
114279,EW2724 Spartanburg SC US,34.97217,-81.89033
114415,EW2748 Madison AL US,34.703,-86.7555
114502,EW2790 Dawnville GA US,34.81283,-84.92867
115084,EW2918 Greenville SC US,34.86667,-82.36667
116350,EW3188 Morganton NC US,35.706,-81.66033
116461,EW3259 Leoma TN US,35.14167,-87.34383
116943,EW3456 Hickory Tavern SC US,34.48767,-82.1445
119150,DW6848 Olive Branch MS US,34.95317,-89.82967
119500,EW3692 Aquone NC US,35.206,-83.62917
119507,EW3780 Dacula GA US,34.05467,-83.9295
119894,N4JEX-1 Kannapolis NC US,35.5075,-80.673
120044,EW3897 Kingston TN US,35.80917,-84.59683
122675,EW3857 Guntersville AL US,34.35633,-86.35267
146587,EW3360 Brevard NC US,35.22767,-82.813
146705,EW4282 Athens AL US,34.868,-86.95467
146893,EW4349 Raeford NC US,34.9745,-79.22167
147818,EW4547 Clayton NC US,35.623,-78.39233
148035,EW4649 Forest City NC US,35.34667,-81.8745
148212,KD4UYR Culberson NC US,35.04967,-84.22467
148353,MARION 01 SC US,34.18333,-79.33334
148407,EW4785 Liberty NC US,35.896,-79.5935
149010,EW4966 Blythewood SC US,34.23133,-80.988
149543,EW5165 Flat Rock NC US,35.2585,-82.45
149640,EW5259 Chattanooga TN US,35.043,-85.2525
150081,MCCRADY TRAINING CENTER SC US,34.03964,-80.73943
150098,EW5380 Fairview NC US,35.512,-82.39867
150101,EW5406 Lascassas TN US,35.94817,-86.21383
150107,EW5460 Alpharetta GA US,34.12467,-84.20467
150306,EW5593 Hayesville NC US,35.05383,-83.728
150566,EW5713 Asheville NC US,35.60867,-82.53967
150620,Powell,34.7825,-76.90417
150892,EW5944 Franklin NC US,35.225,-83.50033
152477,EW6329 Lakeland TN US,35.25933,-89.721
152637,EW6390 Simpsonville SC US,34.77867,-82.21833
152951,EW6709 Apex NC US,35.71317,-78.8985
153060,KD8PH Lake Guntersville AL US,34.41367,-86.265
153579,EW6902 Mooresville NC US,35.51633,-80.76917
153670,EW6934 Cornelia GA US,34.51833,-83.52967
153974,EW7107 Cumming GA US,34.20467,-84.213
153986,EW7049 Kingston TN US,35.85567,-84.493
153989,EW7067 Taylorsville NC US,35.93417,-81.17867
154954,EW7218 Hazel Green AL US,34.9315,-86.53267
155093,EW7271 Pine Level NC US,35.50367,-78.20517
155137,KK4MOR Franklin TN US,35.86417,-86.89183
155145,WB4E-13 Maryville TN US,35.75767,-83.94867
157685,EW7342 Simpsonville SC US,34.72483,-82.29933
157700,K4JJE Hayesville NC US,35.02367,-83.68917
157854,EW7422 Franklin NC US,35.24133,-83.38083
157909,EW7486 Seneca SC US,34.73567,-82.96333
158133,EW7598 Greensboro NC US,35.92717,-79.8095
158177,KK4PTE Culleoka TN US,35.49133,-86.925
158178,KK4WAQ Spring Hill TN US,35.77967,-86.90583
158182,EW7638 Fuquay Varina NC US,35.615,-78.76167
159510,EW7844 Woodstock GA US,34.092,-84.49583
159522,AF1E Conover NC US,35.73183,-81.17733
159566,OCOEE TN US,35.15583,-84.59472
159856,EW8041 Huntsville AL US,34.719,-86.586
161208,EW8277 Chapel Hill NC US,35.92733,-79.006
161911,EW8444 Alexander NC US,35.69667,-82.63417
162761,EW8580 Taylors SC US,35.00133,-82.31633
162965,EW8633 Drummonds TN US,35.46667,-89.9
162967,I-75 at SR 92 GA US,34.07883,-84.64645
162968,GA 400 at SR 140/ Holcomb Bridge GA US,34.01361,-84.33058
162969,GA 400 at SR 20 GA US,34.18367,-84.13908
162980,SR20 at East SR 100 S GA US,34.25555,-85.34959
162983,US19/GA 400 at SR60 GA US,34.46901,-83.96704
163021,I-85 at Old Peachtree Rd GA US,34.00672,-84.07066
163400,EW8822 Lyles TN US,35.8545,-87.34333
163469,EW8842 Mamers NC US,35.41217,-78.949
163648,EW8657 Alpharetta GA US,34.19917,-84.296
163899,EW9008 Charlotte NC US,35.13233,-80.79933
163953,EW9053 Charlotte NC US,35.0505,-80.81833
163954,EW9054 Kings Mountain NC US,35.2,-81.3
164875,EW9267 Hendersonville NC US,35.26167,-82.47433
164970,EW9363 Florence SC US,34.1625,-79.818
165005,Cape Carteret,34.6895,-77.053
165133,KI4CGS Jasper TN US,35.07783,-85.63067
165319,EW9555 Durham NC US,35.9805,-78.97333
166147,BROWNSBORO AL US,34.74067,-86.43503
166383,EW9479 Bolivar TN US,35.22817,-89.02417
166667,EW9912 Cary NC US,35.80217,-78.876
166759,EW9959 Forney AL US,34.092,-85.4845
167469,I-85 at Franklin Weigh Station S GA US,34.42112,-83.16549
167471,I-75 at SR 3 GA US,34.69166,-85.00341
167472,I-75 at SR 20 GA US,34.20609,-84.76129
167484,I-985 at SR 53/SR 60/SR 365 GA US,34.26971,-83.81749
167485,I-85 at SR 11 GA US,34.15259,-83.64544
167486,I-85 at SR15/US 441 GA US,34.25438,-83.46326
167487,I-85 at Lake Hartwell GA US,34.48019,-83.03142
167835,RUSSEL LAKE ABOVE CALHOUN FALLS SC US USARMY-COE,34.10111,-82.61806
167840,CHATTAHOOCHEE RIVER AT HELEN GA US USGS,34.70083,-83.72944
168308,TAR RIVER AT US 301 BYPASS AT RO NC US,35.92611,-77.83056
168310,TRENT RIVER AT HWY 1 IN TRENTON NC US,35.065,-77.35139
168311,CASHIE RIVER AT KING STREET AT W NC US,35.99389,-76.9425
168312,BELHAVEN NC US,35.53722,-76.62278
168531,FW0121 Centerville TN US,35.77967,-87.47083
168532,FW0158 Florence AL US,34.89754,-87.79696
169164,EW6942 Florence SC US,34.15483,-79.88533
169171,FW0352 Apex NC US,35.67033,-78.749
169288,FW0416 Nesbit MS US,34.89867,-89.90417
169553,FW0554 Cary NC US,35.79883,-78.84083
170093,FW0730 Charlotte NC US,35.329,-80.70317
170298,FW0839 Black Mountain NC US,35.65117,-82.33417
170598,FW0959 Brevard NC US,35.18483,-82.7205
171066,TRANTERS CREEK AT SR 1567 NEAR WASHINGT HADS,35.5631,-77.0861
171317,FW1358 Murfreesboro TN US,35.9,-86.3
173314,FW1908 Charlotte NC US,35.112,-80.825
174807,N4WIB Knoxville KY US,35.90483,-84.00117
175018,FW2502 Greenville NC US,35.5555,-77.37217
175233,FW2588 Candler NC US,35.55317,-82.7065
175311,FW2584 Clio SC US,34.58867,-79.57167
175312,FW2596 Bennettsville SC US,34.61833,-79.6845
175394,FW2775 Charlotte NC US,35.184,-80.836
175396,FW2849 Homer GA US,34.41533,-83.46533
175426,FW2887 Raleigh NC US,35.97717,-78.70867
175520,FW2510 Shelby NC US,35.276,-81.48833
175521,FW2511 Kings Mountain NC US,35.239,-81.36917
175523,FW2518 Polkville NC US,35.41417,-81.64417
175524,FW2519 Boiling Springs NC US,35.24133,-81.609
175525,FW2521 Earl NC US,35.22183,-81.53
180276,FW2512 Casar NC US,35.512,-81.61967
180277,FW2514 Fallston NC US,35.425,-81.5005
180278,FW2516 Lawndale NC US,35.41317,-81.5645
180279,FW2520 Shelby NC US,35.28967,-81.538
180280,FW2522 Waco NC US,35.35933,-81.42333
180281,FW2523 Oak Grove NC US,35.27833,-81.4115
180282,FW2524 Boiling Springs NC US,35.18633,-81.71517
180514,FW3683 Marion NC US,35.585,-82.04133
180515,FW3684 Ashford NC US,35.86233,-81.957
180521,FW3682 Dysartsville NC US,35.55767,-81.87817
181092,KN4MGS Mount Holly NC US,35.33,-81.01
182046,TABLE ROCK SC US,35.02912,-82.69328
182306,"SenecaNW, SC",34.71128,-82.9716
182663,FW4286 Four Oaks NC US,35.48933,-78.5115
183538,DURBIN CREEK SC US,34.72237,-82.097
184043,FW4541 York SC US,34.9835,-81.28083
184044,FW4543 Canton NC US,35.422,-82.918
184046,Culleoka - Buck Daniels Rd.,35.519,-86.99517
184480,FW4682 Nebo NC US,35.6505,-81.97
184482,FW4684 Nebo NC US,35.78733,-82.03883
184610,FW2517 Kings Mountain NC US,35.2145,-81.40533
184869,N4YH Soddy Daisy TN US,35.33583,-85.17033
184982,FW2439 Medon TN US,35.51433,-88.8305
184991,FW4263 Burlison TN US,35.552,-89.78317
184999,FW3054 Asheville NC US,35.53833,-82.64183
185000,FW3210 Clayton GA US,34.88983,-83.40333
185002,FW3345 Waxhaw NC US,34.89983,-80.7
185008,FW4212 Hudson NC US,35.841,-81.47
185010,FW4313 Lake Toxaway NC US,35.17883,-82.94733
185012,FW4460 Belvidere TN US,35.13417,-86.30717
185014,FW4581 Peak SC US,34.22067,-81.32417
185137,FW4614 Florence AL US,34.84067,-87.79817
185138,FW4702 Athens AL US,34.737,-87.0635
185149,FW2533 Summerville GA US,34.48383,-85.262
185157,FW2907 Flintville TN US,35.02,-86.46683
185160,FW2998 Columbia SC US,34.02933,-80.96733
185165,FW3241 Waynesville NC US,35.4605,-82.97083
185179,FW3938 Harrisburg NC US,35.33067,-80.6555
185194,FW4687 Morrison TN US,35.573,-85.89633
185195,FW4690 Woodbury TN US,35.78433,-86.0205
185200,FW5172 Nebo NC US,35.61183,-81.98133
185201,FW5173 Nebo NC US,35.73083,-81.99583
185202,FW5174 Nebo NC US,35.69017,-82.07367
185263,FW4381 Oriental NC US,35.04717,-76.67333
185274,FW4639 Apex NC US,35.72183,-78.8675
185936,FW1574 Ooltewah TN US,35.15467,-85.05033
185954,FW2301 Salisbury NC US,35.669,-80.61333
186094,EW7570 Rosemark TN US,35.38433,-89.771
186169,EW7541 Cumming GA US,34.48367,-84.34117
186171,EW9660 Lincolnton NC US,35.39783,-81.25767
186175,FW0137 Etowah NC US,35.31583,-82.59217
186178,FW0248 Fort Mill SC US,35.01217,-80.88217
186184,FW0414 Dahlonega GA US,34.52183,-84.15633
186205,Pea Ridge Barber,35.9525,-76.4665
186211,FW0461 Hope Mills NC US,34.975,-78.94167
186686,FW5704 Hayesville NC US,35.09133,-83.73633
186764,FW5468 Trenton TN US,35.96883,-88.93917
186858,ARNOLD AIR FORCE BASE TN US,35.32133,-86.03384
186973,FW3001 Anderson SC US,34.52167,-82.703
187282,University of North Georgia Blue GA US,34.85208,-84.33808
187417,NC State Dail Softball Stadium NC US,35.78263,-78.67072
187580,FW5931 Bradyville TN US,35.66517,-86.06333
188376,FW6113 Greenville SC US,34.92667,-82.35717
188552,DW9033 Greenville SC US,35.0,-82.3
188760,FW6214 Jasper GA US,34.52,-84.35
188923,FW6266 Cedar Mountain NC US,35.14833,-82.6465
189030,KJ4HF Salisbury NC US,35.66,-80.41117
189032,FW6322 Blairsville GA US,34.85783,-83.936
189034,FW6343 Westminster SC US,34.65583,-83.09117
189230,CW4217 Tucker GA US,34.97983,-84.241
189248,FW5697 Locust Grove GA US,34.4,-84.4
189253,FW6345 Mt. Rest SC US,34.843,-83.13467
189303,DW7787 Hunterville NC US,35.43533,-80.82417
189413,FW6370 Topton NC US,35.24117,-83.70717
189792,FW6496 Fayetteville NC US,35.0625,-78.94067
189828,DELANO TN US,35.24778,-84.58139
190388,FW6400 Holly Ridge NC US,34.5075,-77.47117
190390,FW6592 Raeford NC US,35.00233,-79.08383
190449,FW6629 Rossville GA US,34.9595,-85.26933
190489,FW6558 Menlo GA US,34.74117,-85.4745
190694,K5BWX-2 Short Mountain TN US,35.86567,-85.975
190973,FW6767 Seneca SC US,34.69967,-82.89517
190981,FW6766 Alpharetta GA US,34.09683,-84.3285
191064,US-25 SB @ NC Line SC US SCDOT,35.17386,-82.45639
191101,FW6809 Jasper GA US,34.45233,-84.52883
196022,Keys Beta,35.36145,-80.9317
196544,FW6982 Sunet SC US,34.95733,-82.7505
196567,FW6956 Chesterfield NC US,35.813,-81.6575
196569,FW6979 Holly Springs SC US,34.70033,-83.18767
196570,FW6980 Landrum SC US,35.15517,-82.221
196571,FW6981 Mountain Rest SC US,34.84583,-83.12917
196572,FW6983 Cleveland SC US,35.07817,-82.46933
197290,N1DDC Maiden NC US,35.5385,-81.16267
197295,FW7007 Lenoir City TN US,35.84467,-84.30167
197301,FW7111 Raleigh NC US,35.84267,-78.61933
197803,FW7255 Raleigh NC US,35.81283,-78.64717
197986,FW7302 Gray Court SC US,34.61,-82.1945
198210,FW7317 Tryon NC US,35.213,-82.23533
198393,K4MDI Seneca SC US,34.654,-82.994
198397,FW7402 Mooresville NC US,35.572,-80.79083
198538,FW7434 Winder GA US,34.02233,-83.61683
198543,FW3724 Raleigh NC US,35.795,-78.67517
198659,Waverly Dr,34.19906,-77.91726
198745,Winding River Dr,34.53593,-82.79399
199059,Walnut Trace Dr,35.1302,-89.78291
199135,Rolling Meadows Ln,35.71052,-82.58984
199543,Fanny Brown Rd,35.61343,-78.68166
199575,Cashes Valley Rd,34.8789,-84.42169
199773,Childers St,35.82753,-78.67016
200187,Notchey Creek,35.46649,-84.37115
200347,Leland-BF-PL1,34.18708,-78.04453
200431,Moultrie Ct,35.93652,-78.50099
200501,Mountain Range Rd,35.06878,-81.95141
200620,Serenity Dr,35.6692,-81.31627
200814,River Rock Blvd,35.83566,-86.43501
201093,FW7629 Clover SC US,35.148,-81.24467
201168,Game Trail Dr,34.99592,-84.00247
201292,Co Rd 71,34.81073,-86.87638
201523,FW7421 Drexel NC US,35.745,-81.61667
201524,FW7442 Morganton NC US,35.66217,-81.65
201525,FW7447 Morganton NC US,35.68933,-81.83567
201527,FW7449 Valdese NC US,35.743,-81.56383
201528,FW7455 Connelly Springs NC US,35.65067,-81.50417
201529,FW7456 Connelly Springs NC US,35.583,-81.56283
201532,FW7659 Jasper GA US,34.45867,-84.28133
201749,Mountain creek,34.91896,-82.36214
201848,Yon Side Dr,35.98098,-85.20655
201899,Kendall Hill Rd,35.58013,-78.68984
202366,N Dobson Rd,34.95928,-82.20228
202459,Irish Ln,35.48058,-77.36617
216454,Fox,35.84209,-78.56128
516491,Herndon Heritage,34.92276,-81.11254
516528,"Red Jonathan Ct, Gilder Creek",34.7984,-82.20325
516554,LNYC,35.519,-80.916
516601,Ashley Green Subdivision,34.74377,-86.75811
516719,Morway Dr,35.64714,-80.41641
516784,Amandas Dove Rd,35.71428,-84.70765
516859,S Germantown Rd,35.01881,-85.24895
516890,KJ4RDP-13 Fairview NC US,35.50783,-82.37683
516891,FW7812 Blue Ridge GA US,34.7895,-84.26767
516987,Meadow Pointe Dr,34.93557,-89.92196
517046,Windflower Ct,34.19759,-84.38786
517083,Fairway Mist Ct,35.16787,-80.60391
517103,Alan Ln,35.61845,-78.54485
517193,Spring Creek Rd,35.2601,-89.84826
517358,Clearwater Rd,35.18058,-85.1842
517480,Buckhurst Rd,35.18134,-89.77774
517992,Big Bear Rd,35.25159,-80.28123
518100,Cross Timbers Cir,35.20367,-85.19374
518134,Blanche Rd,35.05171,-86.75126
518147,Rushmore Dr,34.00691,-84.39959
518273,Central Arizona Project Canal Service Rd,35.05183,-81.03394
518565,Blue Bird Ln,35.9972,-78.47983
518710,Parkview,35.50025,-82.97875
518808,SURFARI,34.6547,-77.07337
518843,W River Run,35.72976,-79.87596
518856,W Ridge Rd,35.72133,-80.50231
519002,Moon Dabbs Rd,35.83228,-79.4273
519030,FW7994 Mountville SC US,34.42317,-81.9845
519038,FW7454 Morganton NC US,35.696,-81.70033
519047,FW7972 Darlington SC US,34.202,-79.91967
519180,Jeff&#39;s Weather,35.69982,-81.21003
519265,Plainview Rd,34.20819,-83.59661
519786,SCFC PORTABLE SC US,34.08144,-81.1314
520142,FW8040 Raleigh NC US,35.87133,-78.63867
520143,FW8057 Fuquay Varina NC US,35.62117,-78.784
520146,FW8074 Society Hill SC US,34.54833,-79.89583
520319,W Old Camden Rd,34.375,-80.27127
520371,English Mhp Ln,34.78375,-77.90655
520887,FW8116 Wake Forest NC US,35.94133,-78.52933
520947,Cerrisse Ct,35.96798,-86.70816
520954,Selma-US-301,35.56155,-78.24348
520958,Hetebrink St,35.80552,-86.86198
521458,Pheasant run S/D,34.26554,-84.20317
521692,CW3718 Nashville NC US,35.968,-77.95667
522214,Mortie Dr,34.23234,-78.76562
522459,Turnersburg Hwy,35.85874,-80.84591
522564,Dunhagan Rd,35.56161,-77.37945
522731,W5UGD Simpsonville SC US,34.78565,-82.25022
522790,Pleasant Hill Rd,35.94229,-86.7286
522962,Pretoria Run,35.86614,-86.47341
523193,Co Rd 214,34.56457,-87.18314
523265,FW5933 Flowery Branch GA US,34.14083,-83.90517
523267,N4JJS-7 Fuquay-Varina NC US,35.55783,-78.80967
523270,FW8394 Jacksonville NC US,34.8605,-77.4985
523629,FW8431 Canton NC US,35.5805,-82.79167
524302,Richlands Library,34.8978,-77.54774
525050,Inlet View,35.27694,-79.04762
525107,FW8597 Ellenboro NC US,35.38017,-81.77083
525406,Whitesburg Dr,34.52556,-86.16356
525446,FW8612 Fletcher NC US,35.469,-82.47583
525448,FW8624 Morehead City NC US,34.73083,-76.80767
525871,FW8637 Ten Mile TN US,35.69117,-84.6965
526965,W Wilson Creek Dr,35.08542,-77.10482
527049,Reinsch Dr,35.45982,-80.78504
527318,Dogwood Ln,35.90523,-79.93741
527457,Worster Ct,35.12635,-85.10571
527595,Putnam Grove,35.72006,-86.93239
527637,McGavock St,34.96561,-80.90002
527739,W Debby Dr,35.28762,-81.62958
527777,Efird Farm (St Martin Rd),35.30255,-80.23979
527831,Currituck Dr,35.16742,-80.86627
528065,Horace Taylor Rd,35.66326,-83.94415
528145,W7ZP Maryville TN US,35.74183,-83.98283
528146,KT4ATL Thompson's Station TN US,35.778,-86.88833
528147,FW7281 Swannanoa NC US,35.61733,-82.41483
528149,FW8759 Dawsonville GA US,34.38717,-84.09183
528188,Overlook Mountain Dr,35.34356,-80.95104
528288,Bellflower Dr,34.2952,-77.77711
528747,Carter Ln,34.96602,-84.01496
528842,County Rd 524,34.48083,-87.86494
529436,Lakemont Cir,35.91168,-86.7958
529542,Pike Dr,34.89151,-85.58373
529794,Coalyard Dr,35.67043,-78.59112
529842,Eversley Ct,35.71904,-78.85937
529919,Springtime Trail,35.85907,-83.79824
530230,Sanderlin Mountain Dr,34.48232,-84.30297
530240,Coronet Ct,35.26937,-80.64337
530271,E Watson Dr,34.92496,-80.77791
530471,Broadwell Ct,35.4322,-80.81585
530534,W Phillips St,35.90343,-77.53997
530684,N CR-863,35.94972,-89.81801
530687,Lena Ln,35.91177,-86.80022
531639,Hammock Pointe Cir,35.08718,-80.61646
532096,WxPatrick,35.14231,-81.10806
532135,CP_tenniscourt,35.34786,-82.51347
532371,Harmon Creek Ct,34.01675,-81.30977
532660,FW8985 Lake Lure NC US,35.41783,-82.15367
532671,FW8888 Raleigh NC US,35.87533,-78.60867
532681,FW8979 Laurinburg NC US,34.7475,-79.47283
532950,N Anderson Blvd,34.37563,-77.61744
532996,SC-11,35.12981,-82.26769
533083,Turkey Creek Rd,35.72921,-87.17404
533197,FW9022 Biltmore Lake Or Candler NC US,35.5236,-82.6623
533200,FW9066 Bryson City NC US,35.19,-83.34
533327,Belltown Rd SW,34.60573,-86.58098
533348,Champion Way,35.85299,-86.36372
533437,Shimmer Pond Ct,34.79333,-86.72839
533800,FW9076 Mortimer NC US,35.99617,-81.7515
533803,FW9105 Clermont GA US,34.51083,-83.79417
534301,FW9115 Rome GA US,34.2825,-85.12467
534581,AI4Y Cary NC US,35.80433,-78.83933
535217,Wiggins St,35.53608,-82.84949
535316,Battleship View Rd,35.85352,-84.08321
535356,Old Graysville Rd,35.45257,-85.06255
535378,Frances Dr,34.59333,-83.78517
535980,FW9231 York SC US,35.0015,-81.2415
536078,Lower Mill Rd,35.15357,-85.24052
536208,Boylston Hwy,35.32785,-82.63783
537088,W8BUG Knoxville TN US,35.94783,-84.1405
537094,FW6817 Asheboro NC US,35.73217,-79.83433
537359,Nassau Trace,35.54929,-78.76348
537510,Jim Wilson Rd,34.93848,-80.80829
537602,FW9374 Charlotte NC US,35.08533,-80.854
537759,Canonero Dr,35.53963,-82.42891
537796,Sunset Dr,35.87245,-84.54665
537954,Legend Ct,35.56046,-77.37856
538313,Pumprock Dr,34.79274,-86.71187
538580,W4ZHA Hixson TN US,35.14467,-85.19267
538646,FW9444 Madison AL US,34.732,-86.76117
538650,FW9490 Knoxville TN US,35.96897,-84.04361
539358,Mercury Blvd,35.83682,-86.36505
539377,Allenridge Dr,35.86464,-83.48477
539438,Hillsgate Dr,34.79648,-86.73531
539559,Crossroads Store Dr,34.75236,-77.30297
539668,Macedonia Church Rd,35.25804,-82.36701
539718,Joe Johnson Rd,35.64881,-81.03816
539735,Plum Ln,34.7063,-83.44662
539892,FW9555 Huntersville NC US,35.4155,-80.9385
539904,FW9562 Siler City NC US,35.66267,-79.34683
540203,Eagle Ridge Rd,34.52618,-84.29872
540376,FW9627 Falkner MS US,34.84217,-88.96567
540532,Gentry Ln SE,35.09283,-84.90827
540533,Walker Rd,35.10474,-82.10499
540555,Bridgewood Ln,35.28034,-81.1648
540710,Johnson Rd,35.97179,-80.12043
540818,Tutor Stephens Rd,35.57638,-78.88111
540819,W Fire Tower Rd,35.5515,-77.39357
541028,Jacobs Way,35.9648,-87.20957
541165,Village Ln,35.27932,-76.65237
541235,Sourwood Ct,35.58765,-81.30426
541385,Knops Nob Dr,35.58657,-80.79473
541532,FW9659 Tuscumbia AL US,34.678,-87.72083
541997,Turkey Creek Rd,35.36533,-84.14931
542031,FW9468 Dacusville SC US,34.95833,-82.57017
542032,FW9469 Westminster SC US,34.6675,-83.0425
542033,FW9470 Piercetown SC US,34.6435,-82.60733
542034,FW9471 Fair Play SC US,34.53417,-83.05217
542035,FW9472 Powdersville SC US,34.80967,-82.516
542036,FW9473 Anderson SC US,34.46183,-82.78517
542037,FW9474 Salem SC US,34.88617,-82.97367
542257,Lancelot Ln,35.93597,-86.89458
542259,Dicks Rd,34.93849,-79.83372
542264,Powell School Rd,35.07407,-87.18083
542296,Mossy Oaks Trail,35.42533,-89.77331
542618,FW6597 Salem SC US,34.89017,-82.97633
542619,FW6856 Highlands NC US,35.0305,-83.29217
542623,FW7198 Jefferson GA US,34.10883,-83.64717
542629,FW7422 Connelly Springs NC US,35.59617,-81.6
542631,FW7504 Chattanooga TN US,35.02517,-85.13267
542646,FW9446 Ringgold GA US,34.96617,-85.14067
542648,FW9840 Eagleville TN US,35.71933,-86.72133
543014,Crystal Falls Dr,35.51049,-82.33991
543806,FW8050 Huntsville AL US,34.74,-86.56
543812,FW8189 Hayesville NC US,35.02817,-83.73917
543868,FW8293 Old Fort NC US,35.57433,-82.1865
543869,FW8600 Marion NC US,35.63567,-82.06433
543871,WA4OPQ-3 Pleasantville TN US,35.67883,-87.603
544381,FW9903 Durham NC US,35.9845,-78.91233
544612,Flat Creek Church Rd,35.74532,-82.57153
544620,Alanby Ln,35.22357,-80.81213
545562,Bearwallow Subdivision Rd,35.47573,-82.35289
545596,Home,34.17793,-80.99651
545659,3100 Rd,35.90922,-79.88709
545739,Mill St,34.96018,-89.82424
545795,Stonehenge Farm Ln,35.8858,-78.68755
545958,W Sea View Dr,34.66262,-77.03891
546033,SC-11,35.10624,-82.36153
546145,Pine Grove Rd,34.7453,-76.75124
546403,Rays Bridge Rd,35.25093,-79.40412
546511,FW9976 Kodak TN US,35.9695,-83.65917
546595,Talley Store Rd,35.41005,-88.59061
546626,Toney Rd,34.89415,-86.74207
546705,Graycliff Ln,35.992,-80.3511
546708,Pebble Creek Cir,35.08986,-80.97468
547173,GW0075 Liberty SC US,34.79083,-82.68667
547176,GW0061 Smithfield NC US,35.53267,-78.31933
547441,Cherokee Hills,34.23906,-82.16695
547675,GW0114 Asheville NC US,35.60983,-82.54183
548012,Rose Valley Woods Dr,35.81223,-78.80202
548154,GW0101 Buford GA US,34.09467,-83.93083
548322,Langston Blvd,35.56161,-77.42047
548858,Kahite Trail,35.55929,-84.23159
549065,GW0212 Franklin NC US,35.21033,-83.32567
549069,GW0207 Wake Forest NC US,35.99333,-78.4955
549243,S Orchard Rd,35.30483,-82.39506
549425,Ocean Blvd,34.01989,-77.90243
549536,GW0263 Clayton GA US,34.83917,-83.34367
549628,E Griswold St,35.54041,-78.2751
549837,Roscoe Freeman Ave,34.06144,-77.89771
549913,Poplar Lane Rd,35.37378,-80.29272
549948,Stroud Hill Rd,35.08677,-77.73602
549971,GW0290 Apex NC US,35.67267,-78.769
550259,Office Park Dr,34.76728,-77.37717
550416,AI4G Drexel NC US,35.75717,-81.61967
550419,GW0349 Newton NC US,35.64817,-81.2025
550482,Snead Ct,35.73862,-81.16229
550824,GW0392 Chattanooga TN US,35.05817,-85.34767
550827,GW0368 Clayton,35.61667,-78.38333
551752,Heirloom Blvd,35.81361,-86.72285
551767,Cranbrook Rd,35.85012,-78.65
551836,Vintage Club Dr,34.02855,-84.1797
551877,7 Oaks Blvd,35.94602,-86.5415
552232,KE4AMH Lavonia GA US,34.43317,-83.096
552235,GW0501 Brentwood TN US,35.95917,-86.765
552240,GW0457 Beaufort NC US,34.715,-76.66017
552458,Clemson Rd,34.13036,-80.86731
552618,BUXTON NC US,35.24611,-75.53402
552733,RisingSun,35.25247,-79.60062
554017,GW0587 Bartlett TN US,35.216,-89.87367
554430,Old Lead Mine Valley Rd SW,34.99521,-84.96196
554464,GW0603 Morganton NC US,35.751,-81.68733
554530,Brighton Park Way,34.6961,-86.79735
554867,GW0671 Glen MS,34.81433,-88.38267
554870,GW0648 Mills River NC US,35.35033,-82.55883
555188,University Dr NW,34.48116,-87.43171
555363,Garys Pl,35.43527,-81.35619
555550,Campground Rd,34.80316,-82.7188
555974,Clifton Ct,34.75172,-82.93585
556190,Comblain Rd,35.88535,-84.21238
556200,Cliff Top Rd,34.60561,-86.1695
556283,Ingram Rd,35.4783,-80.21743
556305,Carly Dr,35.26637,-89.72575
556340,Glassy Mountain Way,35.13814,-82.34927
556402,Valley View Ln,34.59197,-85.41085
556921,East Ellijay,34.7052,-84.38036
557034,GW0781 Sylva NC US,35.45817,-83.11317
557079,Keowee Lakeshore Dr,34.7248,-82.92274
557274,Sunset Dr,34.77944,-82.31535
557411,Mountain Stream Way,34.67483,-86.47977
557489,Siler Rd,35.9669,-79.8336
557948,Martin Rd,35.34142,-84.31167
558110,Pace Rd,35.04743,-87.46816
558251,Squire Ln,34.2983,-77.7693
558433,Feldspar Ct,34.20881,-78.0578
558479,Abby Ct,35.29848,-77.69213
558599,GW0870 Kannapolis NC US,35.5055,-80.64267
558602,GW0842 Durham NC US,35.9715,-78.83283
558910,Magnolia Farms Dr,35.61834,-82.61448
559022,North Alabama Sailing Marina,34.36307,-86.34527
559042,Carolina Eastern Chesterfield,34.73483,-80.15747
559072,Fayetteville,35.21939,-86.56178
559121,Pinecrest Ct,35.98616,-87.1569
559185,Gail St,35.70728,-84.36764
559255,K4VA,35.79687,-86.69154
559297,Canter Rd,35.88808,-79.88439
559373,Riverwood Dr,35.65665,-78.41339
559482,Dillon Industrial Dr,35.99526,-80.38653
559504,FoxPipe Farm,34.45814,-82.02348
559892,N Nolan Park Dr,35.53286,-78.19354
559982,Harbor Dr,35.13102,-77.05182
560035,Felkel Ln,34.00919,-81.78896
560045,Faulkner Rd,35.31353,-77.49442
560256,Bethlehem Dr,35.9909,-80.47049
560294,William&#39;s Weather,35.23249,-80.79435
560418,Hamilton Dr SE,34.60963,-86.5574
560507,King Fredrick Ln SW,35.35535,-80.64812
560593,Bordeaux Ct,35.97979,-86.49344
560789,Trail Ridge Dr,35.89628,-86.7992
560812,Piney Point WX,35.22287,-80.08578
560837,Lee Rd,35.81428,-80.08943
560896,Gurley,34.72585,-86.38814
561134,Appalachee Dr SE,34.70859,-86.55429
561326,Lawrence Dr,35.91686,-79.99341
561361,Sunrise Cir,35.06952,-85.66124
561378,Rock Creek Dr,34.24952,-84.22644
561483,Primrose Pl,34.76481,-76.85156
561495,Burke St,35.95655,-83.19844
561612,Old Oak Ln,35.17334,-80.68706
561834,Wilkie Rd,34.19079,-84.28764
561946,Innisbrook Dr,35.72347,-84.01034
562036,Frost Ridge Dr,35.00168,-85.08775
562044,Cedar Run Ln,34.7607,-86.4855
562049,Wilhoite Rd,35.77502,-86.8364
562163,Harrison Cir,34.93535,-83.75043
562843,Poorhouse Rd,35.0688,-86.68379
562971,Edgewater Dr,34.51962,-82.78373
562997,Dewitt Dr,35.84274,-84.24593
563043,Robins Nest Drive,35.74218,-79.78503
563062,W4KAB Arden NC US,35.45133,-82.49183
563063,GW1007 Unionville TN US,35.6565,-86.58333
563072,GW1072 Raleigh NC US,35.60133,-78.64483
563112,N Evans St,35.48911,-86.45092
563172,Conley St,35.48406,-82.98628
563272,Harbor Walk Drive,35.46618,-80.88109
563607,N4RCT Rome GA US,34.286,-85.07917
563608,GW1049 Wilmington NC US,34.17583,-77.85867
563610,GW1127 Raleigh NC US,35.92,-78.76
563693,Bluff Dr,34.76813,-87.27869
563712,Pointe Verde Cir,34.70938,-86.78051
563774,Co Rd 673,35.39634,-84.63651
563875,Golden Cove Ln,35.96213,-85.49191
563977,Baton School Rd,35.80689,-81.53703
564195,Shull Ave,34.0568,-81.34416
564261,Highland Trl,35.45633,-82.3728
564311,Browns Ferry Road,34.89468,-86.74986
564325,Baylor Dr SE,34.67621,-86.56168
564327,Data Way,35.99624,-83.00262
564408,Jackson Pl,34.40824,-86.42383
564455,Willow Dr,34.37473,-80.72144
564483,Cooper Hill Rd,34.45834,-86.32241
564498,Marilyn Ave,34.96582,-79.79356
565612,GW1236 Ider AL US,34.72017,-85.7025
565614,GW1241 Athens AL US,34.8185,-86.93183
565880,Windy Oaks Ct,35.84302,-81.54462
565898,Gray Rock View,35.59244,-85.24874
565905,Autumn Dr,34.87257,-87.53721
566097,Oakland Trce,34.74,-86.73933
566326,Beaver Creek Rd,35.37544,-89.60128
566465,EW1062 Jackson TN US,35.67717,-88.85883
566488,Alabama St,34.86127,-87.53651
566524,Star Hill North,34.7115,-77.04316
566551,Lowell,35.25158,-81.09991
566643,Dalya Rd,35.58103,-82.43909
566761,KM4USQ MEMPHIS TN US,35.02883,-89.7995
566979,Trickle Creek Rd,35.55671,-83.08137
567001,Clifton Rd,35.24712,-88.20947
567004,Norris Creek Farm,35.92417,-78.27446
567210,Riddle St,35.91964,-82.30884
567248,N New River Dr,34.42891,-77.54422
567402,Hobbitt Trail,34.52208,-84.33846
567425,GW1454 HIGH POINT NC US,35.99267,-80.10183
567790,Berry Patch Ln,35.79233,-79.21243
567807,Co Rd 3135,34.08961,-87.25393
567911,Meadowdale Dr,35.64059,-80.12158
568043,Halcyon Drive,35.41282,-80.90304
568083,Pheasant Run,35.00069,-86.85141
568086,Hardison Rd.,35.79058,-76.97366
568625,Michie,35.07269,-88.42852
568696,Ben Cove,34.34824,-88.74265
569071,W Hills Ct,35.92433,-84.56822
569123,Wood Creek Dr,34.49748,-85.82055
569175,KC4YVV-22 VONORE TN US,35.53067,-84.199
569303,Brh farms weather,34.23412,-80.01795
569374,Cal Bost Rd,35.28809,-80.52214
569484,Mile Creek Farm,34.83363,-82.83514
569566,GW1679 APEX NC US,35.65483,-78.75517
569677,Conover Blvd E,35.705,-81.1747
569914,Dana Dr,35.17739,-87.01923
569934,State Hwy 20,35.45039,-87.32182
570404,Trautz Lane,35.61477,-78.87746
570408,Hodges St,35.72903,-81.45229
570519,N0IV,34.00999,-86.28322
570577,River Rd,35.88436,-76.73164
570667,Gault Ave S,34.41613,-85.74503
570801,GW1774 PITTSBORO NC US,35.81,-79.16
570900,Allendale Ln,35.87714,-81.11449
570989,Antioch Church Rd,35.68634,-78.30675
571000,W Timber Creek Path,35.82014,-79.06039
571141,Peachtree Ln,34.60316,-82.87807
571171,Cherry Rd,34.6708,-82.83666
571212,GW1686 GULFPORT FL US,35.702,-84.25733
571289,Milltrace Run,35.88873,-78.59462
571365,Wall Rd,35.35913,-77.25948
571530,Peacock Rd,34.42483,-78.74027
571634,GW1824 CLEVELAND TN US,35.26833,-84.81433
571850,Iuka Airport,34.77231,-88.16587
571893,Old Pageland Marshville Rd,34.96627,-80.3884
572208,Moyton Ave,35.61164,-77.81805
572321,Iuka Airport MS US NWS/FAA,34.77333,-88.16608
572484,Little John Dr,35.77539,-77.92348
572497,Furnace Rd,35.51053,-81.13142
572633,Abattoir Rd,35.41177,-78.66756
572637,Little Rock CT,35.32899,-79.41216
572758,Windtree Ridge,34.94169,-82.67857
572802,Intracoastal Dr,34.73947,-86.71748
572880,Wyatt Field,34.57935,-85.38406
572944,Main St,35.43121,-85.72293
573082,Hizzil,35.07105,-89.66276
573129,Corriher Grange Rd,35.58111,-80.69617
573143,Stuart Mountain Rd,34.98475,-84.29547
573228,Pinelands Vista,35.15625,-79.5672
573319,Rothmore Dr SW,34.629,-86.57052
573363,KJ4YLO WEST UNION SC US,34.81717,-83.015
573442,Asbury Church Rd,34.38166,-86.13757
573637,Bynum Rd,35.5856,-77.76448
573707,Brandywine Dr,35.86908,-84.23846
573795,Allans Mill Dr,34.07963,-80.89094
574008,Stonehaven Dr,34.40023,-83.99093
574036,Crestview Rd,35.85173,-78.6385
574048,Green Hill Dr,34.57391,-82.67285
574069,Greenway Cir,34.73717,-79.50586
574172,Andrea Brook Ct,35.87627,-86.55968
574282,Pleasant Hill Loop Rd,35.34389,-82.03039
574288,Cresswind1311,34.27438,-83.88963
574382,Gunnery Ct E,34.20832,-81.97334
574471,Knobcone Ln,34.64692,-86.73312
574583,Rarity Bay Pkwy,35.6371,-84.25109
574724,Sweetbriar Ln,34.92165,-81.10943
575001,WBBJ TN US WEATHERSTEM,35.64203,-88.80806
575034,Mabry Middle School GA US WEATHERSTEM,34.06016,-84.47028
575175,GW2010 RALEIGH NC US,35.80317,-78.72883
575490,Abattoir Rd,35.45531,-78.64932
575590,Lawson Ln,35.94066,-86.70081
575648,Holly Springs,35.67661,-78.90826
575777,Badger Dr,34.78611,-86.77659
575792,Tennessee Ave,35.0056,-85.32763
575895,Honey Tree Farm,35.74681,-81.2313
575906,Conservatory Drive,35.93012,-86.79147
576082,GW1999 CHESNEE SC US,35.1035,-81.90517
576260,Uptown W Dr,35.23826,-80.86061
576261,Brk Pne Trl,35.76355,-78.89207
576273,Hoyle Farm Rd,35.16666,-77.02808
576285,Helen Benson Blvd,35.44781,-80.77316
576358,Old Field Loop,35.34656,-79.07079
576386,Kevin Ct,34.75544,-76.65313
576416,Mt Carmel Rd,34.32199,-86.8115
576434,Kings Glen Way,35.97557,-78.47079
576799,Mill Rd,35.62046,-77.04922
576927,Weather View Trail,34.20501,-84.73553
577067,Granite Recreation Center,35.81067,-81.43918
577147,Oak Grove Rd,35.10407,-87.11552
577274,Ridgeline Dr,35.95438,-85.09864
577303,Pond Rd,35.53356,-82.62133
577348,Red Oak Dr,35.53825,-86.07292
577395,Haralson Ave,34.00714,-86.01598
577402,Thompson Falls Rd,34.30685,-86.39578
577596,Nathan Dudley Rd,35.03631,-78.33849
577854,Woodleigh Oaks Dr,35.08563,-80.82785
577855,Banning Ln,35.34819,-82.63632
577915,Blaisdell Rd,34.10914,-83.9456
577996,De Armond Rd,35.83432,-84.5821
578048,Windsor Dr,34.32207,-83.95651
578249,Cleermont Dr SE,34.73515,-86.55672
578822,Minthill Ct,35.24086,-82.45463
578827,Barbee Chapel Rd,35.56815,-82.53561
578989,Reid Rd,35.88329,-81.35417
579165,Belle Grove Rd,35.88821,-84.20026
579344,Plott Valley Rd,35.47453,-83.03867
579410,Nautical Point   Cabin,34.05685,-87.01578
579633,MS Delta 2038 MS US MS-DELTA,34.97525,-89.25625
579643,Wintergreen Ct,34.04684,-84.43925
579841,Widgeon Way,34.25642,-84.22791
580396,Blythewood,34.24407,-80.94154
580402,King Wilkinson Rd,35.51981,-81.13663
580431,GW2130 MOUNT PLEASANT TN US,35.53433,-87.20783
580454,GW2341 LEAWOOD KS US,34.5795,-82.61817
580513,Molly Harper Dr,35.46778,-80.82098
580514,Welton Dr,34.81624,-86.72283
580569,Prairie Range Ln,35.006,-85.04038
580687,Ewell Farm Dr,35.74073,-86.97489
580757,Yorkshire Garden Cir,35.94167,-86.78024
580811,White St,35.73196,-81.78493
580854,Sanderlin Mountain Dr N,34.48692,-84.31628
581763,Middle Mt Rd,35.2324,-82.70512
581904,Long Mountain Trail,35.66551,-85.62791
582042,Saw Mill Rd,35.15492,-81.00575
582064,Executive Point,35.02568,-81.03146
582142,Lake Forest Trail,34.07716,-81.36771
582202,Mt Gilead,35.20281,-79.96254
582387,Pinehurst Cir,35.47539,-82.49905
582391,"Joshie&#39;s Cove Hartwell, GA",34.34441,-82.8525
582416,Lazy Schnauzer  Ranch,35.90934,-80.46361
582480,Deer Field Dr,34.7566,-77.94189
582610,Industrial Dr,35.14313,-77.15897
582642,Seven Glens Dr,35.80195,-82.48352
583000,GW2427 Castle Hayne NC US,34.3455,-77.8685
583326,Swan Ave,35.55647,-87.54093
583550,Bunbury Dr,35.77116,-86.89104
583626,Shooting Tree Way,34.89854,-82.91349
583650,Spring Hill TN ,35.715,-86.88288
583744,Terhune Rd SE,34.16088,-85.07064
583763,West 2nd Street,35.54451,-87.5694
583860,GW2491 Nichols SC US,34.12933,-79.04367
583864,NC-108,35.32986,-82.07488
583968,Peebles Dr,35.9175,-86.54689
584092,Bartlett Downs,35.22383,-89.85004
584214,Everleigh Pl,35.76484,-86.9275
584326,TN-130,35.45731,-86.42629
584375,Metric Rd,34.57179,-82.04496
584792,Chisholm Road,35.01943,-87.67153
584795,Rocky River Shores Dr,35.76074,-85.59857
584899,Doublegate Ln,35.16794,-89.68369
585092,Eagle Ridge Airport,34.67299,-82.91145
585274,RAINGAGE AT LAKE MATTAMUSKEET HW NC US,35.49306,-76.21444
585377,LUMBER RIVER AT FAIR BLUFF NC US,34.31333,-79.03833
585378,TAR RIVER AT US 264 BYPASS NEAR NC US,35.64528,-77.42278
585380,STONY CREEK NC US,35.96389,-77.84722
585400,HOMINY SWAMP AT MERCER ST IN WIL NC US,35.71972,-77.83667
585401,STONY CREEK AT WASHINGTON ST IN NC US,35.97833,-77.9725
585402,NEUSE RIVER BELOW VANCEBORO NC US,35.21889,-77.14972
585413,PUNGO RIVER AT NC 95 NR FAIRFIEL NC US,35.58528,-76.48556
585465,Pineville-Matthews Rd,35.08822,-80.83922
585557,Collegedale,35.01329,-84.97411
585634,Chipmunk Trail,35.14357,-83.12286
586062,Walnut,35.87747,-82.74226
586089,Blackjack-Simpson Rd,35.5357,-77.26071
586183,Land Grant Ct,35.05023,-81.09506
586281,Stratford,34.70208,-86.43422
586358,Heron Cove Rd,34.84819,-87.52783
586380,Allenwood Dr,34.77612,-86.4765
586457,Glenwood Dr,35.23342,-80.33949
586482,Shipley Hollow Rd,34.95916,-86.93162
586490,Snowden St E,35.86976,-86.80925
586568,Monrovia,34.8174,-86.72239
586629,Olde South Rd,35.71315,-78.70948
586914,Turkey Creek Harbor,35.86887,-84.14826
587080,Capps WS1,35.52416,-86.67704
587114,Shelter Cove Ln,35.6081,-80.92771
587122,Hollingsworth,34.82881,-82.32761
587278,Throneberry Ln,35.89906,-86.3596
587297,Harold Witt Rd,35.28741,-84.24979
587365,Farmington,35.98944,-80.55219
587540,AK Charm Hill,34.10289,-80.71688
587636,Spivey Mountain,35.60127,-82.65181
587759,Blue Briar Rd,35.61459,-82.53698
587774,Watersedge Rd,34.26211,-82.03809
587792,Sovereign View,35.18159,-79.38644
587905,Third Creek,35.7409,-80.68925
587912,Crowne Hill Way,35.11038,-82.47811
588026,Country Mist Dr,35.00422,-82.29247
588074,N Oak Forest Dr,35.49343,-82.52726
588149,Whispering Rdg,35.2695,-83.02463
588388,Poppy Tree Ln,34.11195,-84.56803
588401,Peyronel St,35.63141,-81.50524
588436,Olde Castle Loop,34.32747,-89.51977
588454,River Cove  1,35.17712,-85.09711
588462,Ophir Rd,35.45885,-79.99955
588508,Longtown Rd W,34.19154,-80.94307
588564,Peach Pond Way SE,34.60508,-86.49268
588592,High Acres Rd,35.44442,-83.04585
588593,Edenwood Dr,35.64335,-88.83624
588656,Stornaway Dr,35.71446,-88.89498
588722,Farm View Rd,35.50071,-82.37975
588733,Portsmouth Rd,34.24418,-82.17662
588813,Willbrook Ct,35.10154,-82.01762
588843,Knox Cir,34.47946,-83.02628
588955,Newell Cir,35.90456,-83.75164
588969,Troutdale Ln,34.72062,-82.29215
588982,Carlile Dr,35.805,-80.38934
588989,Tanasi Way,35.71625,-84.25935
589048,Co Rd 579,35.41609,-84.55109
589074,Honolulu Rd,35.36186,-77.28259
589114,Burney Cir,35.87741,-84.18065
589304,New Leicester Hwy,35.61684,-82.64999
589308,Plato Lee Rd,35.3042,-81.61929
589310,Bronze Leaf Dr,34.93319,-80.8634
589411,Thayer Dr,35.72655,-79.82859
589429,Pleasant Ridge Rd,35.30697,-89.78743
589458,Windcrest Ct,34.81127,-82.90907
589466,Saddlebrook Ct,35.5797,-87.09648
589483,N Germany Rd,34.9089,-83.45401
589514,Missionary Ridge Rd,35.95695,-87.42365
589525,55,35.29428,-77.46524
589584,Autumn Ridge,35.7609,-86.92379
589663,Southern Way,34.79092,-86.83916
589756,Silerton Rd,35.33801,-88.77151
589809,SLM - Twitty Mill,34.53619,-80.72086
589814,Rivergreen Rd,34.15181,-83.91105
589853,Marshall Rise,34.87341,-84.03152
589895,Old Hundred Rd,34.64412,-82.35536
590028,Wellshire St,35.5975,-80.78892
590098,Lafayette Park Ln,35.02858,-80.73739
590119,Westbranch Pkwy,35.48316,-80.82853
590130,LKN Airpark,35.61634,-80.90091
590210,McBrayer-Springs Rd,35.33977,-81.53318
590276,Montlake - Winding Bluff Rd,35.24031,-85.21732
590302,Scenic Hwy,34.9824,-85.36012
590403,GW2897 Chappells SC US,34.2445,-81.91333
590415,GW2825 Gastonia NC US,35.17133,-81.25433
590477,Huffman Rd,35.54453,-82.93835
590566,Wilshire Ter,34.23114,-84.62681
590576,Mapleton Dr,34.14128,-87.90172
590677,Haynie Mill Rd,34.51618,-82.57686
590714,Calvery Rd,35.14767,-81.99075
590721,Melview Rd NW,35.89097,-81.57835
590840,Avery Pond Dr,35.50008,-78.82091
590849,Lenoir Airport NC27,35.94403,-81.49281
590881,Canvasback Trail,34.91477,-82.43761
590909,Molino Rd,35.10677,-86.66261
591014,Ashland Rdg Ln,34.80206,-86.85235
591073,Forestbrook Dr,34.54369,-86.5367
591118,Lionel Ave,34.78035,-77.43243
591155,Styons Rd,35.83606,-76.72554
591269,Bailey Oaks Ct,35.9906,-78.371
591310,Coppermine Dr,34.73398,-82.6021
591329,Vale View Rd,35.8792,-84.07208
591356,Dogtown Rd,35.74042,-84.58419
591400,Ashwood Rd,35.58444,-87.20387
591449,MS-6,34.35798,-89.47815
591459,Winding Creek Rd,35.6072,-80.46835
591548,Blackwell-Woods Dr,34.93249,-84.06252
591549,Paradise Cove,35.56884,-81.024
591726,Mount Soma Blvd,35.66016,-82.87366
592009,Chaffin Ridge Trce,34.06197,-84.37353
592040,Jones Spring Church Rd,35.12799,-79.69596
592062,MS-178,34.45681,-88.97536
592073,River Rd,35.51506,-78.93553
592148,S Shiner Dr,35.94439,-75.6241
592161,Valentine Cir,35.07386,-85.30248
592219,Co Rd 265,34.55636,-86.03058
592232,Branson Mill Rd,35.935,-79.76929
592246,Barefoot Cir,34.63438,-86.4973
592417,Top Ridge Dr,34.89322,-82.90353
592577,Bett Rd,34.69298,-89.75586
592701,Potter Rd,35.0235,-80.68729
592732,Carters Ridge Rd,35.89318,-82.05418
592748,Hickory Manor Dr,35.6763,-78.71676
592810,Sierra Trace Rd,35.60992,-80.21263
592822,Sir John Ct,35.0159,-85.14726
592849,Winter Walk Way SE,34.60597,-86.5197
592860,Turner Woods Dr,35.61776,-78.66853
592902,Fairview Forest Dr,35.56942,-82.40343
592909,"Greystone - MLB, FL",35.30262,-82.60135
593046,Ticknock Way,35.95941,-81.55042
593073,GW3062 Advance NC US,35.978,-80.41683
593144,GW3095 Murfreesboro TN US,35.76967,-86.3925
593152,GW3111 Saltillo TN US,35.37633,-88.21783
593303,Pansy Hill Rd,35.92084,-84.55901
593314,Carryall Cir,34.01038,-80.53963
593319,Live Oak Rd,34.69684,-76.99906
593320,Smokehouse Knob Dr,34.94704,-83.43143
593348,Town Mountian,35.05311,-83.82481
593350,Providence Country Club,35.04047,-80.78046
593380,Old Tennessee Hwy NE,34.2995,-84.72299
593478,Clipper Ln,34.2305,-77.83064
593652,Ridgewood Dr,34.28926,-82.06244
593757,Brook Glen Dr,35.63478,-80.81609
593771,Liberty Fire Department,35.85192,-79.58046
593825,Stallings Rd,35.94716,-78.16807
593832,Silver Hill,34.41367,-85.31646
593896,Echo Ct,34.08103,-83.74362
593923,Shiloh Rd,34.6709,-82.8971
593935,NinerCast,35.20247,-81.23707
594135,Eagleville,35.75323,-86.74266
594281,Oak Haven Dr,35.81525,-80.80471
594286,JDKWX,34.02937,-86.95892
594295,Blanton Chapel Rd,35.48304,-86.18862
594430,Heirloom Dr,35.88663,-86.49377
594614,Ellis Preserve Ln,34.34194,-84.37231
594626,Brisbane Dr,34.39109,-77.77118
594683,Airways Dr,35.65341,-88.37714
594704,KG4BHR,34.24894,-86.21187
594878,Chelmsford Ct,35.71239,-78.76502
595219,Raleigh Way,34.91835,-87.36815
595221,Inverness Dr,35.76563,-84.02351
595248,Arlington Point,34.039,-84.20258
595340,Riverfront Rd,35.1061,-81.08377
595374,Hilltop Ln,35.60093,-80.739
595377,Richardson Rd,35.75333,-78.2811
595394,Freebooter Ct,35.26311,-75.58959
595399,GW3209 Mocksville NC US,35.90017,-80.57167
595400,GW3215 Belton SC US,34.549,-82.465
595721,W Sound Breeze Ln,35.92585,-75.6119
595728,Brief Rd,35.1911,-80.5845
595817,BOBBOB WX -Northfield Maryville,35.77353,-83.91924
595879,US-231,35.42606,-86.47565
595952,Heirloom Blvd,35.80542,-86.73196
596053,Springhouse Cir,35.91235,-86.80743
596099,Mystic Arbor Dr,34.82809,-86.70611
596106,Pine Ln,34.82753,-88.19973
596213,GW3252 Williston TN US,35.0905,-89.58
596250,PAMLICO SOUND NEAR HOBUCKEN NC US,35.245,-76.59167
596303,Bluff Rd,35.99735,-86.70198
596347,Harrison Springs Ln,35.94366,-84.14944
596489,Osburn Rd,35.88201,-86.68824
596497,Wayfarer Ln,35.89187,-85.0807
596679,Sweet Lips Rd,35.36493,-88.58536
596840,Crandall,34.86636,-84.75209
596875,Laurie St,35.72726,-83.97989
596919,Sanders Rd,35.53551,-78.54872
596943,Rd 1325,34.33448,-88.59141
596991,Granger Ln,34.80346,-86.48709
597021,Rodriguez Ln,35.6001,-88.11269
597160,Lexie Ln,35.15293,-85.04591
597169,Paw Print Ln,35.44218,-83.11236
597456,Baldwyn,34.5206,-88.62771
597489,Old Randleman Rd,35.97626,-79.83168
597511,Blue Creek Dr,34.84478,-86.74265
597561,Tennessee St,34.91879,-85.10804
597581,Deer Creek Ln,35.64146,-77.448
597595,Cando Pl,34.77808,-77.44396
597613,Strickland Rd,34.11167,-84.2548
597638,Roderick Rd,35.94324,-84.07695
597663,Scott Swinney Dr,35.45726,-86.05567
597683,12th St NE,34.32797,-86.47492
597699,Mulberry Ln,34.78074,-86.91014
597727,The Residence,34.86253,-87.62891
597838,Sunset Dr,35.1127,-75.97452
597872,Deep River Wy,34.92661,-80.77516
598000,Campbellsville Rd,35.2805,-87.07839
598038,Gainsway Ct,35.95882,-86.88008
598099,GW3340 Nolensville TN US,35.97117,-86.68583
598100,GW3359 Franklin TN US,35.98683,-86.864
598171,Warren Cove Ln,35.77076,-84.19991
598184,Kingfisher Way,35.17307,-81.051
598235,McAlister Farm Rd,35.09946,-79.96359
598358,Milton Ridge Dr,35.27168,-89.67706
598376,Blaney Bluffs Ln,35.6962,-78.71941
598419,Mountain Tyme Way,35.74899,-83.61701
598507,Campbell Station,35.7701,-86.90526
598590,Algie Rd,35.93288,-78.05186
598630,Four Views Ct,34.78283,-82.9418
598631,Simmons Ridge Rd,35.39396,-86.86716
598640,Little Choga Rd,35.19547,-83.68441
598820,Grays Chapel,35.84297,-79.70236
598914,E Cedar St,35.49355,-86.45025
598957,Prosperity,34.1421,-81.52204
598989,Parkway Dr,35.6798,-78.6814
599085,Sweet Plum Trce,34.28347,-83.89188
599119,US-45,35.05173,-88.53265
599123,Scott St,35.50505,-80.57642
599227,Mountain Side Dr,35.27373,-82.21148
599441,Barrington Cove,35.71182,-88.86686
599465,County Rd 490,34.15865,-85.80135
599468,Starling Dr,35.68554,-83.99641
599492,Patience Pl Ln,35.54194,-80.88445
599538,Sugar Maple Ln,35.24814,-85.12547
599549,Statesville Hwy,35.61452,-80.82027
599582,E Co Rd 54,35.98129,-89.72699
599595,Yucca Ln,34.07597,-77.91278
599615,Bryant Ln,35.4627,-86.25425
599642,Phillips Chapel Rd,35.98574,-79.30865
599778,Talking Rock,34.50238,-84.53075
599799,Stoney Point Rd,34.13114,-84.19797
599808,Mountain Cove Dr,35.33762,-80.95072
599809,Amber Cir,34.51275,-86.87742
599852,Caywood Rd,35.94413,-83.37418
599959,Sheriff Allen Rd,35.26526,-81.61034
600039,Lawson Ln,35.93929,-86.70353
600222,Madison,34.61989,-86.74264
600248,Shiraz Way,34.29347,-77.77499
600289,Carraway Ln,35.73387,-86.98002
600292,Sanders Hl Wy,34.69947,-86.43919
600341,S Main St,35.75404,-81.60503
600415,Tom Grissom Rd,35.61124,-85.86361
600492,CWWCChatsworth,34.75843,-84.76428
600612,Red Oak Rd,35.42892,-77.6488
600662,Jason&#39;s Ct,34.29539,-81.60351
600680,Garrison,35.62704,-78.841
600697,Lake Shore Rd S,35.49559,-80.98181
600781,Frederick Cove,34.25021,-89.89545
600830,Rip Steele Rd,35.64629,-86.95118
600887,GW3468 KNOXVILLE TN US,35.95283,-84.04217
600924,Westhaven Dr,35.8075,-78.76064
600928,S Sandbar Dr,35.93198,-75.61099
601152,Littleton Ct,35.61513,-87.11562
601308,Penny Ln,35.24197,-88.41699
601334,US-421,34.29575,-77.97373
601364,N Kerr Ave,34.28823,-77.91995
601410,KY4EF CENTRAL SC US,35.31683,-83.8125
601475,Settlers View Ln,35.74301,-83.69003
601504,Lonehart Ln,35.79924,-80.79322
601537,Autumn Hills Dr,35.71116,-82.58474
601720,Sheltontown Rd,35.52443,-86.18218
601795,Olde Stone Rd NW,34.68109,-86.81422
601837,Jennings Rd NE,34.2747,-78.14237
601892,State Rd 182,34.81115,-81.21197
601985,Starburst Ln,35.59507,-78.65563
602038,River Cove Rd,34.80428,-86.47457
602080,Cady Ln,34.60247,-83.82507
602093,TN-30,35.23175,-84.56628
602113,Riverbend Rd,34.76174,-77.46187
602250,Love Springs Rd,35.03526,-81.78611
602307,GW3503 MARIETTA SC US,35.1525,-82.48817
602327,Waterfall Dr,34.8745,-83.54429
602480,Crest Dr,34.90948,-85.30532
602523,Colbert-Danielsville Rd,34.06614,-83.20466
602527,Angie Rd,35.58822,-78.601
602542,E 2nd Ave,34.82933,-82.59298
602595,Arno Rd,35.85327,-86.75835
602603,Big Laurel Rd,35.91044,-82.65035
602618,Snow Hl Dr,35.84318,-82.16261
602705,Goldfinch Ln,35.60714,-82.93515
602916,Normandy Rd,35.61755,-80.9054
602925,Waterlevel Hwy,35.14647,-84.82889
602982,Bent Tree Dr NW,35.20056,-84.94725
603193,SC-414,35.08355,-82.3313
603242,Montlake Rd,35.25821,-85.21388
603264,Wheeler View Dr,34.79587,-87.44938
603322,Emma Victoria Dr,35.85301,-86.78693
603323,Debra Dr,34.74721,-79.49886
603419,Galeton Ct,34.81734,-82.1926
603564,Lucent Ln,35.50735,-80.95203
603684,Pepe Rd,34.86423,-83.54371
603686,Stagecoach Dr,35.90772,-86.77778
603971,E Bolton St,34.25633,-88.99928
604153,Duck Ridge Dr,35.46007,-77.85606
604169,Snap,35.93073,-86.79274
604190,Old Fort Rd,35.54452,-82.3557
604209,"Queens Rd, Mountain View, Nc",35.67496,-81.34531
604323,J J Manus Rd,35.92857,-88.86709
604383,Sockwell Dr SW,34.635,-86.57307
604407,S Church St,35.77911,-86.40242
604549,Gumlog Rd,34.96271,-83.9401
604559,Hazel Wy,35.46586,-80.99815
604743,Strawbush Rd,35.90149,-78.02381
604797,Garden Valley Dr,35.96631,-80.20465
604827,Sandy Hook Ct,35.31016,-80.96571
604891,Franklin Farm Rd,35.48507,-82.44025
604998,Laughing Gull Ter,34.1564,-77.93028
605003,Moore&#39;s Mill,34.88335,-86.52663
605046,Allison Dr,35.52465,-83.03903
605072,Old U.S. 52,35.45085,-80.22714
605185,Autumn Rdg Ln,35.45955,-82.37101
605202,GW3593 HOHENWALD TN US,35.4655,-87.48533
605203,GW3596 HAYESVILLE NC US,35.014,-83.8385
605267,Clay Jones Rd,35.05339,-86.67663
607773,NC Electric Cooperative Anson Peaking P,34.97043,-79.91771
607951,Rdg Blf Cir SE,34.60861,-86.51301
607969,Abbey Rd,35.97921,-77.86723
608007,Little Bear Lp,34.28316,-84.48417
608021,Country Estates Rd,35.56514,-86.34635
608032,Saddlebred Dr,34.66192,-82.36004
608060,Revival Ln,35.41558,-86.10108
608144,Pelham,35.32166,-85.81376
608178,Fannie Daniels Rd,35.74342,-86.77232
608350,Tanasi Lagoon Dr,35.72691,-84.25063
608460,Coolwater Dr,35.00112,-82.31037
608504,Myers Park Dr,35.18314,-80.82171
608679,GW3611 CANTON NC US,35.54133,-82.80983
608810,Rhett Butler Dr,34.812,-89.95558
608820,Brugg Ct,35.04707,-77.04409
608952,Apollo Dr,34.70912,-82.96912
608976,Olivers Grove Rd,35.43824,-78.48787
608999,Lightning Ln,35.1413,-83.16904
609089,Woodward Ave,35.25417,-80.83781
609150,Oscar Green Rd,35.86237,-87.15408
609335,Concord Brook Ln,34.32589,-84.11762
609355,Goldeneye Ct,34.71603,-76.63336
609495,GW3550 HOSCHTON GA US,34.1025,-83.86283
609936,Annabel Dr,35.62939,-78.77659
609953,Fuquay Rd,35.40386,-78.91583
609976,Edmondson Pike,35.99948,-86.74214
610010,Chimney Ln,34.08649,-77.88374
610029,Central Dr,35.86567,-86.81087
610058,Precious Ave,35.83463,-86.46214
610101,County Farm Rd,35.97791,-76.9481
610138,Thornton Dr,34.35282,-77.71258
610168,Prospect Church Rd,35.0234,-85.04436
610194,Wood Duck Dr,35.62643,-84.27066
610287,Seaforth Landing Dr,35.71056,-79.06474
610290,Graves Loop Rd,35.78341,-88.76929
610420,County Rd 50,34.9096,-87.3653
610493,Sutton Spring Rd,35.0099,-81.27932
610774,Kluttz Rd,35.48957,-80.4735
610795,Old Airport Rd,35.05998,-77.03194
610839,Smith Chapel Rd,34.19741,-86.07127
610869,C St,34.89778,-76.90273
610964,JWE-Shelton Ave,35.76079,-80.88744
611009,Kimberly&#39;s Way,34.42064,-84.49256
611107,K5BWX-3 Readyville TN US,35.84967,-86.18583
611267,Hood Dr,34.32764,-88.36144
611332,Excalibur Point,34.3601,-77.70525
611375,NC-63,35.72078,-82.83952
611447,Clearview Cir NE,35.1708,-84.81315
611505,Rock Hill,34.92193,-81.16264
611652,Ella Louise Ln,35.89344,-86.32803
611656,Barker Trail Rd,34.63723,-83.80123
611696,Oxford,34.33329,-89.42797
611886,Bellavista Pt,35.00571,-84.04
611923,Northern Rowan,35.75388,-80.50024
611959,KE4EST MURPHY TN US,35.11067,-84.10183
611966,Greenbriar Cir,35.45719,-86.06971
611983,Thrush Rd,34.06435,-88.12401
611989,KO4MMQ-10 COLLIERVILLE TN US,35.05217,-89.66733
611994,NC-210,35.51292,-78.49859
612043,Watercraft Pl,35.46075,-80.92134
612123,Asher Springs Cir,35.58262,-78.80094
612201,Piedmont Landing NW,34.05664,-84.6303
612221,Co Rd 499,34.95901,-87.35302
612332,Ackies Ln,35.33736,-88.10382
612449,Highwood Hill Rd,35.96025,-86.75543
612492,Wellington Ave,34.96075,-80.839
612521,Goldfields Dr,35.20724,-80.69723
612688,Knottingham Dr,35.95946,-87.15902
612700,Old Lincoln Rd,35.10358,-86.53677
612724,State Rd 1145,35.8433,-75.64197
612789,Timber Lake Dr,35.65805,-80.90858
612859,College Farm Rd,35.22609,-81.70139
612869,Nautical Way,34.24057,-82.0164
612939,Lone Pine Rd,35.7989,-80.7915
612944,Martin Clement Rd,34.84315,-85.30576
612948,Heydon Ct,35.93926,-86.69958
612964,Black Stallion Ct,35.86691,-78.29006
612998,Autryville Rd,35.01674,-78.53555
613034,Boston Ivy Ln,35.91933,-84.2027
613118,W Jackson Rd,34.10565,-83.76104
613198,Laurel Ridge Dr,35.72752,-84.08252
613233,Bowen Rd NE,34.3349,-84.77146
613323,Red Wolf Ln,35.10827,-81.10615
613343,Dawson Manor Ct,34.34925,-84.09662
613481,Fallston Rd,35.34405,-81.50891
613491,Acorn Br Wy,34.34514,-77.71597
613513,Sol Mull St,35.70446,-81.82984
613819,GW3801 WINTERVILLE NC US,35.5215,-77.41917
613867,Clearview Dr,34.91288,-85.09987
613990,High,35.58915,-80.00728
614067,Daisey Ln,35.40474,-89.81035
614093,Elizabeth&#39;s Way,34.67847,-77.13904
614372,Queen&#39;s Gap - Southview Ln,34.86362,-84.05628
614373,Overlook Dr,35.91073,-83.57883
614536,Inglemoor Ln,35.90193,-78.47651
614632,Audubon Ln,34.22127,-80.75131
614663,Verdant Cir SE,34.61287,-86.51387
614703,Sweet Bay Ct,35.76366,-86.42469
614835,Old School Rd,35.44956,-78.49903
614855,Hogan Cv,34.33582,-89.49506
614944,Leisure Ln,35.31097,-81.20039
614952,KE4OGG SENECA SC US,34.676,-82.95167
614975,GW3755 GREER SC US,34.861,-82.1295
614982,Tunnel Hill Rd,35.07881,-84.95138
615064,Raven Ln,35.03393,-84.11405
615155,Barbee Rd,35.33119,-81.56193
615272,Mountain Lake Dr,34.87902,-86.49
615489,K4FOG PELZER SC US,34.6855,-82.36883
615505,N4TRF SCOTTS HILL TN US,35.59967,-88.27333
615535,WX4EMT MOSCOW TN US,35.05983,-89.39583
615606,Ivey Vine Drive,35.72373,-84.02756
615607,guntersvilledam,34.42639,-86.38753
615686,County Rd 2034,34.01641,-87.06972
615715,Burke Hollow Rd,35.92543,-86.68196
615775,Grays Vly Dr,34.78481,-89.95316
615782,Keva St,34.87548,-86.58746
615858,Southern Winds Dr,35.27802,-89.65298
615940,Taylorsville Tower,35.9139,-81.19087
615946,DAQ Clayton Profiler,35.59158,-78.45889
615973,The Rock,34.45514,-80.64909
615974,Berry Hill,35.94309,-86.79843
616049,KI4BSX CANON GA US,34.34533,-83.15
616097,Shady Pl,35.97001,-86.79975
616151,Keswick Ln,35.97223,-80.38931
616165,Old Folkstone Rd,34.53651,-77.50355
616204,Charity Ln,34.94835,-86.63618
616243,Starling Mill Rd,34.3755,-85.38112
616246,Guilford Ct,35.25449,-78.94992
616249,Hac St,34.76225,-77.52873
616317,Verde Ct,34.29215,-82.10072
616411,W Main St,34.24687,-88.77939
616440,Cedar Rd,34.69936,-76.80221
616717,Levine Avenue of the Arts,35.22475,-80.84778
616803,TN-13,35.53888,-87.85011
616840,Hickory Nut Rd,35.08879,-82.08276
616874,Peters Landing Rd,35.47858,-87.99101
616887,Brookfield Dr,34.17215,-82.20844
616907,Praed Pl,35.63522,-78.77257
616918,Applewood Wy,35.58402,-84.07208
616998,Felker Setzler Rd,34.39853,-81.61129
617040,Corders Crossroads Rd,35.02951,-86.49861
617054,GW3953 CHATTANOOGA TN US,35.65917,-85.19967
617061,GW3922 RUTHERFORDTON NC US,35.34433,-81.9575
617096,College Dr,35.34831,-83.207
617173,Sassafras Mountain Trail,34.50401,-84.34333
617364,Welchshire Ave,35.10316,-89.90157
617432,Lo Ann Ln,34.7911,-86.51765
617476,Bent Creek Dr,35.86259,-80.27483
617527,Cherry Meadow Ln,34.95647,-81.01629
617616,Corinth Ln,34.91562,-83.38077
617774,Boyd Chase Blvd,35.86182,-84.17877
617785,Irene Way,35.65727,-78.64987
617875,Urlacher Dr,35.98241,-86.38951
618168,Tisit Dr,35.10652,-83.37322
618284,Sherrin Dr,35.73381,-89.54494
618459,Mansfield Ln,34.74953,-82.45395
618470,Boot Legger Rd,34.91308,-84.18135
618524,Afton Ln,35.54283,-78.71056
618578,Scott Long Rd,35.07844,-80.61814
618599,Blaylock Rd,35.76288,-85.08804
618616,Virginia Ave,35.21039,-85.91966
618628,Timmie Ln,35.30058,-82.40098
618662,Emma Drew Dr,34.94066,-86.82718
618715,GW3995 APEX NC US,35.715,-78.90283
618770,Old Salem Rd,35.80213,-86.49397
618771,Neptune Ln,34.75551,-86.86137
618796,Alamance County Line Rd,35.94906,-79.5409
618866,Mingo Branch Rd,35.72804,-87.15224
618893,Carriger Rd,34.96081,-86.54732
618939,Alma Rd,34.20965,-79.02345
619069,Hudsonville Rd,34.85168,-89.37766
619077,Huskins Dr,35.9624,-81.88123
619152,Lickskillet Rd,35.9497,-82.44344
619175,Anderson Creek Club #6,35.29353,-78.97795
619391,Handy Rd,35.58776,-80.11479
619546,Lazy River Ct,34.79446,-86.78297
619743,Havenwood Rd,34.96897,-84.0835
619750,Riverbend Dr,34.05859,-83.68693
619761,Raptor Ct,34.80696,-86.45374
619795,Manley Smith Rd,34.05109,-78.6113
619821,Waverly Ln,35.53667,-83.10941
619829,Mt Tabor Rd,34.4428,-86.86588
620176,GW4106 COMO MS US,34.50867,-90.0
620305,McCraw Loop,35.36863,-89.61264
620324,Ridgebrook Ln,35.28405,-80.35739
620337,Cramur Dr,35.43107,-80.91521
620385,Settles Rd,34.10177,-84.12756
620387,Hill St,35.59075,-84.24314
620456,Old Kings Bridge Rd,34.08371,-83.4421
620650,Hickerson Rd,35.47676,-85.95645
620762,Scenic Lp Rd SE,34.61144,-86.51563
620827,Ansley Kay Dr / KK6RSU,35.7149,-86.43268
620899,Burler St,35.83052,-80.26713
620923,N Enochville Ave,35.5202,-80.66938
621147,Chaco Street SE,34.61598,-86.50053
621241,Hardy Bridge Rd,35.25284,-77.77277
621355,Carter Blake Rd,35.38981,-86.17533
621379,Wiseman Bend Rd,35.20945,-86.26031
621396,Sandstone Dr,35.68477,-82.5726
621431,Mulberry creek/ Gateway Lane,34.18252,-83.86402
621471,Manchester Dr,35.96237,-86.65345
621586,Trinity Church Rd,34.22347,-84.29923
621611,Sanctuary Wds Ln,35.71008,-78.72921
621686,Roderick Ln,34.74713,-82.34329
621728,Orchard Cir,35.3191,-82.50858
621801,Pleasant Valley Rd NW,34.30816,-84.8623
621885,McFarlin Ln,34.09118,-84.34169
621983,Azalea Brook Ct,34.01786,-83.97607
622009,Sunset Rd W,34.99073,-85.35484
622012,Ward Holler Rd,35.34526,-82.33866
622014,Emmen Rd,35.05434,-77.0317
622093,Rainbow Cir,35.48557,-80.90962
622138,Mooresville Rd,34.92891,-86.87246
622180,Hoffman,35.07104,-79.61614
622246,Summerfield Dr,35.71924,-84.07222
622282,James Springs Rd,34.23193,-83.20998
622304,Peace in the Valley Farm,34.5856,-85.05029
622318,River Rd,34.15031,-77.93593
622414,Keenan Ln,35.61626,-80.90797
622429,Old Cobb Farm Lane,34.61034,-86.54895
622470,Cedarwood Trail NW,35.22887,-84.85193
622562,Hillis Cemetery Rd,35.69106,-85.55117
622664,Richland Library North Main SC US CCU,34.05559,-81.02241
622712,FMU 1 SC US CCU,34.28466,-79.69716
622853,Grandview Cir,34.50582,-84.40031
622867,Forrest Ct,35.63711,-86.42422
622923,KQ4LLM GREENVILLE SC US,34.81517,-82.30217
622945,Blue Mist Way,35.44354,-82.61989
623176,Foust Dr,35.76266,-86.87599
623244,Oak Haven Dr,34.01825,-81.28903
623395,Crockett Pointe,35.10434,-85.7089
623517,Old Enon Rd,35.05275,-88.92088
623531,Fairview Rd,35.7819,-87.01788
623537,Cheese Rd,35.34678,-86.66515
623584,Lynnfield Dr SE,34.63346,-86.48885
623621,Camp Coker Rd,34.55934,-79.88561
623641,Kylewood Dr,35.21652,-87.31639
623664,Breckenridge Rd,35.91568,-86.81233
623851,Furney Brock Rd,35.07748,-77.30788
623879,Simmons View Dr,35.87186,-83.77073
623945,Godfrey Ave NE,34.48363,-85.67423
624154,River Club Ridge,35.89844,-81.67865
624183,Foxfire Blvd,35.17982,-79.57533
624191,Leatherwood Dr,35.70723,-84.01699
624258,Sunnyfield Ln,34.99223,-85.2179
624264,Shaw Rd,35.31794,-79.32623
624318,Mint ST,35.66057,-84.01949
624413,Hammond Dr,34.31462,-78.96777
624509,E Windswept Pass,35.43842,-82.13553
624575,S Lee Hwy,35.10925,-84.99009
624656,Co Rd 91,34.77537,-87.30635
624705,New Hope Rd,35.58495,-80.0159
624735,Topside Rd,35.87131,-83.96916
624752,Lockhart Rd,35.52888,-88.26622
624774,Sycamore Dr,34.19527,-84.36045
624832,E Justin Dr,35.59454,-78.53081
624839,William Seth Ct,34.78933,-82.1862
624912,Co Rd 82,34.9191,-87.36411
624944,Garrison Dr,35.97409,-84.11504
625059,Market St,35.48236,-80.84988
625160,Welford Dr,35.22187,-89.77264
625207,Baker Rd SW,34.17978,-84.83278
625240,Farmstead Ln,35.83321,-86.76721
625288,Pretender Way,35.64589,-87.00027
625311,Freemark Dr,35.95029,-86.58115
625331,Herbert Dr,35.0788,-85.58549
625360,Old Beatty Ford Rd,35.51036,-80.26751
625475,Buzzard Roost Rd,35.61462,-86.60998
625596,Stone River Pkwy,35.31197,-81.00514
625635,GW4262 MORGANTON NC US,35.822,-81.87783
625698,Jameson,35.76295,-87.01794
625750,Fairway Dr,35.64799,-81.28185
625859,Pond Rd,34.41108,-77.91086
625885,Rachels Point Rd,35.27654,-79.59618
625899,Taylor Neck Rd,35.00779,-76.77914
625914,Black Rd,35.35426,-81.71756
625927,Bradfield Dr,35.94711,-86.66036
625943,Spg Gdn Wy,34.8031,-82.174
625994,Seafaring Ln,34.35492,-77.69177
626084,Goble Gap Rd,34.90953,-83.26192
626128,Williams Dairy Rd,35.99781,-79.72433
626152,Violet St,35.73899,-86.98139
626252,3 Island Rd,35.86983,-85.63888
626335,Edgewood Dr,34.57116,-82.96439
626373,Upper Granger Cv,35.29382,-89.63955
626389,S Chinkapin Dr,35.40869,-89.76328
626425,Lindsay Rd,35.02938,-79.09018
626439,N Main St,35.08028,-87.43943
626468,Mountain Vista Dr,35.55004,-81.88898
626516,Red Twig Ct,35.00055,-80.8109
626717,Logan Rd,34.17723,-82.23136
626738,Peytonsville Rd,35.84046,-86.81487
626847,Wheatberry Hill Dr,35.02507,-80.75014
627050,Riene Rd,35.58413,-82.43895
627059,Floral Peak Ln,35.38768,-82.39931
627166,Old Murfreesboro Rd,35.85383,-86.64091
627282,NC-39,35.78939,-78.2678
627308,Prospect Rd,34.02258,-83.96217
627399,Derry Ct,34.27292,-77.81208
627416,Stratford Rd,35.81009,-80.16434
627554,WX5KDM BLUE SPRINGS MS US,34.45133,-88.7775
627623,Orme,35.02933,-85.82615
627651,University Ave,35.209,-85.90953
627721,Big Ridge Rd,35.13966,-85.18939
627787,Cottage Ct,35.64307,-80.82465
627854,West Philadelphia,35.38168,-79.62413
627896,E Waters Edge Ln,34.74691,-83.0108
627927,Bonnie Brae,34.7517,-82.35194
627974,Canyon Ridge Rd,34.74196,-85.45221
627999,Gray Stone Dr,34.73687,-86.86283
628010,Mercer Ln,35.78738,-86.88036
628013,Jack Sharp Dr,35.8514,-83.76004
628124,Bartlett St,35.05972,-80.9227
628305,GW4366 WATERLOO AL US,34.92583,-87.988
628317,GW4361 ROGERSVILLE AL US,34.76883,-87.2965
628319,GW4364 ROGERSVILLE AL US,34.84383,-87.27533
628349,Gray Rd,34.8033,-85.48859
628356,Westview N,34.74097,-82.50388
628372,Livingston Dr,35.17988,-87.05121
628408,Old Buncombe Rd,34.94975,-82.44337
628427,Softwind Dr,35.95475,-79.30919
628473,Royalton Rd,35.53985,-80.7861
628531,Cochran Rd,34.05629,-84.83985
628556,McKaskey CG - Cartersville ,34.18902,-84.72174
628621,Shinnwood Rd,34.19567,-77.83177
628707,Cashes Valley Rd,34.85813,-84.42217
628712,Chickasaw Dr,35.27021,-81.65151
628768,Bald Knob Mountain Cummings Cove Rd,35.79378,-85.48096
628811,Lebanon Rd,35.16273,-80.68537
628846,Shore Ln,35.65125,-80.24472
628894,GW4385 FLORENCE AL US,34.94017,-87.87083
628896,GW4400 TALKING ROCK GA US,34.50333,-84.5775
629064,Deer Run Trail,34.52271,-83.81686
629242,Whispering Ln,34.74832,-86.86703
629340,Clear Water Wy,35.75039,-81.93864
629447,KN4KAN-13 ENVILLE TN US,35.447,-88.46883
629448,GW4434 POMARIA SC US,34.4155,-81.43367
629464,KF4DEW CHATTANOOGA TN US,35.10367,-85.17883
629528,Montalcino Way,34.76559,-82.21076
629546,Wynfrey Dr,34.26901,-84.88325
629590,Thomasville,35.78192,-80.13338
629638,Green Drake Ct,35.52065,-82.65448
629644,Miramar Ct,35.90726,-86.53849
629690,Lochinvar Dr,35.19072,-80.5956
629693,Bacon Dr,35.5813,-82.20341
629726,River Walk Dr,35.63458,-82.59647
629733,Atoka,35.41552,-89.75967
629800,Bowstring Trail,35.87732,-83.93499
629919,Wilson Rd,35.44706,-79.13428
629925,S Buccaneer Dr,35.97195,-75.6388
629931,Ashburn Ln,35.97264,-78.79414
629942,College Ave,35.60959,-87.84316
630005,High Range Dr,34.93305,-84.00034
630179,Morgan Mountain Rd,35.10397,-82.82151
630181,Smith Dr,35.02348,-89.20216
630247,Quito-Drummonds Rd,35.40981,-89.93321
630379,Orme Rd,34.99981,-85.80778
630388,John Sutton Rd,34.5044,-86.2781
630404,Wilson Rd,34.6876,-82.70228
630422,GW4478 TONEY AL US,34.9325,-86.6825
630441,W4ZZK-3 ZIP CITY AL US,34.9515,-87.70767
630442,KE5HYT RIENZI MS US,34.8005,-88.60883
630444,GW4458 CARTERSVILLE GA US,34.134,-84.798
630460,GW4379 GREENVILLE SC US,34.9225,-82.43967
630505,Boyd Cove Ln,35.08889,-81.03899
630551,River View Ct,35.07144,-85.69366
630723,N Main St,34.01154,-81.77009
630757,North Carolina Hwy 12,35.21908,-75.68851
630772,Thomas Brks Dr,35.38997,-83.37411
630883,Shoreview Dr,35.06677,-77.05331
630912,GW4532 PISGAH FOREST NC US,35.272,-82.632
630933,Wolf Creek Dr,35.96125,-86.69646
631040,Guinn Rd,35.96651,-84.21223
631214,Sevier St,35.09705,-85.71253
631349,K4SPB CORDOVA TN US,35.15233,-89.78
631351,GW4546 FAYETTEVILLE TN US,35.16733,-86.55517
631395,Whitestone Rd,34.89475,-81.80997
631510,Pebble Brook Dr,34.2994,-86.1911
631531,Glenlock Rd,35.62228,-84.40292
631551,Sheep Pasture Rd,35.12048,-77.83889
631678,Stott Rd,35.75686,-78.1042
631970,Mill Park Ln,34.70307,-86.76727
632121,Bruce Mountain Rd,34.98117,-84.13717
632122,Jo Mac Rd,35.93766,-79.14339
632123,Gilliam Rd,35.46571,-79.29704
632127,Jolly Roger Rd,35.55038,-75.46739
632153,MS-305,34.76067,-89.80653
632172,Canyon Villa Rd,34.7479,-85.45078
632198,Mt Airy Rd,34.65764,-84.04247
632250,Wilson Knob Rd,35.99311,-82.12892
632547,Caspian Ln,34.88423,-86.56292
632589,KQ4PPF OOLTEWAH TN US,35.09367,-85.07117
632612,Northlake Dr,34.84687,-86.57716
632836,Thomas Farm Rd,35.66391,-85.23741
633260,Ross Wood Rd,35.73068,-80.04192
633270,Denise Dr,34.2711,-77.77364
633315,Cedar Cove,35.73392,-89.08089
633425,Treadway Rd,34.78012,-89.83133
633564,Mt Lebanon Rd,35.0512,-82.20609
633689,Flagstone Ct,34.30242,-84.17818
633704,Ridge Rd,35.34662,-82.36562
633766,Landsford Rd,34.81643,-80.52286
634048,GW4735 TAYLORSVILLE NC US,35.84333,-81.30817
634049,GW4745 TAYLORSVILLE NC US,35.90217,-81.093
634534,Round Hill Ln,35.76736,-86.88604
634712,Loris,34.0874,-78.90222
634973,Quail Lake ,34.01675,-81.12096
635059,WX4KNX-13 KNOXVILLE TN US,35.92433,-83.87
635077,GW4756 RALEIGH NC US,35.87683,-78.62183
635087,GW4757 TAYLORSVILLE NC US,35.96283,-81.11583
635088,GW4758 TAYLORSVILLE NC US,35.8615,-81.04467
635089,GW4759 TAYLORSVILLE NC US,35.9285,-81.27883
635416,Slick Fisher Rd,35.16642,-82.94664
635510,Talley Moore Rd,35.67589,-86.81789
636042,Diamond City Dr,34.69454,-76.54825
636244,GW4820 TROUTMAN NC US,35.69917,-80.91567
636342,Welborn Dr,35.57014,-80.98041
637379,GW4833 HIGH POINT NC US,35.89633,-80.02617
637610,Bob&#39;s Wx - Goforth Rd,35.28872,-81.37489
637695,Harmony Church Road,34.38714,-84.01109
638043,KQ4RKZ DALTON GA US,34.76983,-84.97017
638633,GW4909 CENTRE AL US,34.149,-85.61767
638640,GW4926 CARY NC US,35.82483,-78.92783
638666,N4ESA FAYETTEVILLE NC US,35.00117,-79.015
639230,Newberry Creek Farms,35.87024,-79.71264
640256,Sandusky Blvd,35.35292,-80.69034
640321,Massengill Pond Rd,35.49718,-78.64214
640374,Twingate Ln,34.70864,-82.95013
640460,Gibson Hwy,35.92424,-88.89036
640493,Towery Rd,35.3067,-81.64637
640590,Blacksgate E,34.0981,-81.54733
640953,Dover Rd,35.41979,-79.77457
641091,W Seachase Dr,35.93359,-75.61488
641341,Georgetta Dr SE,34.73896,-86.52973
641739,Vfw Rd,34.69998,-77.07054
642758,GW5009 BARTLETT TN US,35.22651,-89.82427
642760,GW5089 GAINESVILLE GA US,34.2765,-83.9895
642762,GW4960 KINGS MOUNTAIN NC US,35.2815,-81.3625
642774,GW5091 MATTHEWS NC US,35.08283,-80.713
642777,GW5080 CLAYTON NC US,35.6325,-78.35117
642890,Lowrys,34.79124,-81.1908
