Spot ID,Name,Latitude,Longitude
1375,Sherman Island M14,38.07639,-121.76595
1786,Sherman Island M12,38.06247,-121.79224
415,Bodega Bay,38.32473,-123.04005
417,Tomales Bay,38.18368,-122.91211
436,Washoe Lake,39.27579,-119.79057
162722,Benicia-Dillon Point,38.06001,-122.19426
1541,San Pablo Bay,38.053,-122.3307
567390,Mokelumne Fire Dept,38.1477,-121.15487
567467,ShellPro Plant,38.15469,-121.09502
567471,Didreckson Farm,38.17848,-121.21331
567481,Harney Lane Winery,38.09848,-121.20113
567487,Victor Vineyards,38.13952,-121.2083
567488,Lockeford Community Center,38.15957,-121.1503
567489,Lockeford Community Services,38.14358,-121.13602
567527,Plants and Produce,38.10336,-121.124
567829,Bruella Road Pole,38.15398,-121.20628
93473,Washington Lake,38.56049,-121.55649
518,Port Chicago,38.0567,-122.0383
100721,Pittsburg Marina,38.04156,-121.88667
183702,Lawson's Landing-Sand Point,38.232,-122.968
520,Bodega Buoy,38.23,-123.32
148341,Rio Vista Airport,38.19339,-121.70364
158870,Benicia 6th St,38.05511,-122.16811
1066,Lake Tahoe Airport,38.90911,-119.98911
1313,Mather Field,38.55,-121.3
100715,Amorco Pier,38.03464,-122.12519
49641,Tahoe Vista,39.243,-120.06
146407,Bodega Marine Reserve,38.31389,-123.06028
541690,Donner Lake North,39.32856,-120.25248
12615,Point Reyes,38.09417,-122.95
100722,Benicia Bridge,38.03828,-122.12053
519135,Carnelian Bay,39.22533,-120.07404
535303,Lake Forest Beach,39.17926,-120.12972
120324,Lake Tahoe NW Buoy,39.155,-120.07217
120322,Lake Tahoe East Buoy,39.10937,-120.01075
8983,Washoe West Shore,39.27381,-119.81881
120321,Lake Tahoe NE Buoy,39.153,-120.00033
1307,Oroville Airport,39.49,-121.62
15490,Napa Airport,38.22,-122.28
120323,Lake Tahoe West Buoy,39.1102,-120.07535
201452,Sherman-Lelia Drive,38.07355,-121.75625
47924,Sonoma Coast SB,38.38217,-123.06867
986,Point Arena Buoy,39.22,-123.97
165354,Palisades Tahoe-Peak,39.18215,-120.27191
184823,Kirkwood-Cornice Top,38.67472,-120.0767
1064,Truckee,39.32072,-120.15028
9812,Slide Mountain,39.30722,-119.88389
519,Travis AFB,38.2627,-121.9275
4698,Horseshoe Cove,38.32,-123.07
100723,Davis Point,38.05669,-122.25961
151790,Bango NV US DRI,39.49722,-119.03333
153653,Brannan Island,38.13595,-121.60918
165355,Alpine Meadows Summit,39.15083,-120.2483
578965,Lakeshore Blvd,39.23161,-119.93478
1063,Reno Intl Airport,39.5078,-119.7682
13488,Mount Rose Summit,39.31158,-119.89936
98650,Washoe South,39.22662,-119.80997
152971,Blue Rock PWS,38.1276,-122.18531
192290,Lakeridge,39.03647,-119.9462
548194,Osprey Drive CA US PGE,38.30175,-123.00464
574599,Sir Francis Drake Blvd,38.09888,-122.85248
7518,WALKER LAKE NV US NV DOT,38.58675,-118.7088
9728,COUNTY LINE,39.0189,-122.4119
15528,Sac Intl Airport,38.7,-121.58
175091,OROVILLE CA PSD,39.51,-121.63
552273,Sand Haul Road CA US PGE,38.24748,-122.95473
153652,Rio Vista Bridge,38.15508,-121.67617
166495,TAHOE DONNER CA US,39.3382,-120.27339
552268,Salmon Creek Overlook CA US PGE,38.35051,-123.05037
8776,SAC NWR,39.4172,-122.1825
19982,Marin Airport,38.14,-122.56
54300,Pittsburg HS,38.01886,-121.8843
54553,Irish Beach,39.023,-123.689
119919,I-80 - Truckee Scales CA US CALTRANS,39.36222,-120.1301
561039,Mid Station Gondola,38.94009,-119.91839
1306,Chico,39.71,-121.78
3272,Mammoth Lakes,39.27133,-119.52667
5719,Duncan,39.1439,-120.5089
8686,Fish Springs,38.9247,-119.6417
47716,HBKNV,38.72778,-119.55544
72030,Stateline,38.97,-119.9467
92240,Petaluma Airport,38.25783,-122.60554
98649,Stagecoach,39.38111,-119.32028
113181,Vallejo Ryder,38.09311,-122.25111
116815,Sutter Buttes CA US CARB,39.20556,-121.82046
175769,I-80 Gold Ranch NV US NV DOT,39.24655,-119.81427
180898,Mt St Helena West CA US,38.66922,-122.63299
186037,Forest Route 18N07 CA US,39.35491,-122.64387
186375,Park Ranch CA US,38.6412,-119.52023
187120,SCE Bridgeport Reservoir CA US,38.30325,-119.21323
517845,Coleman Valley Road West CA US PGE,38.39428,-123.0449
520178,Donner Pass Road CA US PGE,39.32017,-120.33855
523865,Channing East,38.099,-122.176
542872,Black Butte Lake CA US PGE,39.80357,-122.34102
571543,Robinson Reef Dr,38.77389,-123.54023
609529,Birds Landing Road CA US PGE,38.13812,-121.83414
985,Ukiah,39.1258,-123.2008
988,Santa Rosa Airport,38.509,-122.8129
1065,Ely,39.295,-114.84528
1067,Tonopah,38.05111,-117.09028
3954,Gardnerville CW6917,38.93894,-119.67725
7085,Lyons Valley,39.1258,-123.0736
7156,HOPLAND UC,39.0308,-123.0806
7505,Five Mile Flat,39.3682,-119.66718
7507,Gardnerville NV DOT,38.88703,-119.72225
8700,DESATOYA MOUNTAIN,39.3011,-117.5844
8710,HORSE HOLLOW,38.6667,-112.6508
9390,Hawkeye,38.735,-122.8372
15210,"KMYV marysville, ca",39.1,-121.57
15520,Sac Exec Airport,38.51,-121.5
15815,"KBAB beale afb/marysv, ca",39.13,-121.43
26186,Stanislaus,38.3456,-120.2294
47717,NEMNV,39.22441,-119.64651
98635,Washoe West,39.25745,-119.83389
99791,North Lakeshore,39.301,-119.786
113178,Duck Hill,39.21011,-119.80111
146409,McLaughlin Reserve/Knoxville Cre CA US DRI,38.82417,-122.335
157860,Hawthorne Municipal Airport NV US REVWFO,38.54482,-118.63137
175372,Sutcliffe - Pyramid Lake NV US REVWFO,39.9506,-119.59833
180895,Cobb Ridge West CA US,38.81537,-122.80565
181106,Bigrock Ridge CA US,38.05436,-122.59615
184128,TWITCHELL ISLAND CA PSD,38.1,-121.65
184583,Bullards Bar - Emerald Cove Marina,39.39745,-121.13827
184806,Lafferty Road CA US,38.48744,-122.53875
187118,SCE Bridgeport CA US,38.25832,-119.22612
187121,SCE Twin Lakes Rd. CA US,38.22056,-119.26899
187125,SCE Twin Lakes CA US,38.15725,-119.35103
187854,Mountain View Road CA US,38.95274,-123.67764
189192,I-80 - Yolo CauseWy - West CA US CALTRANS,38.56315,-121.63905
197779,New Washoe City NV US,39.29675,-119.76328
198228,Meyers3400-Uplands CA US LIBERTY,38.89563,-120.03744
198456,Two Rocks CA US PGE,38.2608,-122.78452
199427,Santa Fe Geothermal CA US PGE,38.78704,-122.74693
199446,Snake Road CA US PGE,38.21948,-122.91513
519076,Coleman Valley Road South CA US PGE,38.37307,-123.05062
525469,TRK7203-Northstar Golf Course CA US LIBERTY,39.30061,-120.11554
537122,Northstar WX CA US DRI,39.241,-120.14
539939,Diablo Valley Radio Controllers,38.001,-121.923
561040,Tamarack Express Top,38.9285,-119.90544
561471,Doc Olena Ct,39.27677,-119.76711
582804,Sheridan NV US NV-ENERGY,38.91008,-119.83084
601103,Seawind Dr,38.07645,-122.2387
5612,Bridgeport,38.2719,-119.2892
5882,MENDOCINO PASS,39.8075,-122.945
6243,CALLAO UT US DUGWAY,39.94554,-113.70153
6244,SIMPSON SPRINGS UT US DUGWAY,39.91933,-112.93905
6449,Carson City Airport,39.19611,-119.73361
6549,Murdock UT US UPR,38.48657,-112.984
6607,Black Rock UT US UPR,38.77817,-112.9056
6639,Van UT US UPR,39.28993,-112.6316
6702,Upton UT US UPR,38.27183,-113.1106
7100,Desert Springs,39.6725,-119.77
7120,EAGLE PEAK,39.9269,-122.6419
7305,SADDLEBACK,39.6375,-120.8653
7415,FISH SPRINGS UT US DUGWAY,39.90445,-113.34412
7509,Stewart,39.11936,-119.77489
8260,Ely NV US CEMP,39.29361,-114.83694
8383,Suisun City,38.2225,-122.0256
8598,ALLIGATOR RIDGE,39.7358,-115.5186
8627,BRIMSTONE RESERVOIR,38.3083,-113.3847
8634,CURRANT CREEK,38.7589,-115.4122
8648,COILS CREEK,39.8333,-116.4953
8649,COMBS CANYON,39.3867,-116.1828
8704,High Glade Lookout,39.2083,-122.8083
8768,MATHER,39.0228,-114.2722
8819,Red Butte,39.9894,-117.3197
8933,TULE VALLEY,39.35,-113.3847
8976,Eureka NV US AGRIMET,39.68528,-115.97861
9039,Truckee Meadows C.C.,39.57083,-119.80167
9301,Dead Camel Mountain,39.2619,-118.9431
9396,JARBO GAP,39.7358,-121.4889
9509,PANCAKE,38.3031,-116.1933
9721,WALKER,38.5653,-119.4592
11109,Latimer UT US UPR,38.06247,-113.364
11137,Spooner East Grade,39.11738,-119.84549
11189,DEADMAN CREEK NEAR KENNEDY MEADO CA US CNRFC,38.33194,-119.65306
11195,CATTLE CAMP,38.9039,-114.8142
11233,Black Springs,39.60408,-119.84139
11234,TRACY CLARK NV US NV DOT,39.56858,-119.52592
11249,Bloom UT US UPR,39.01907,-112.7793
11283,King Canyon UT US UTAH DOT,39.07439,-113.6382
11323,Tonopah NV US CEMP,38.06583,-117.22556
11324,Warm Springs Summit NV US CEMP,38.19167,-116.41778
13341,RAWHIDE FLATS NV US DRI,39.14194,-118.66694
13470,Nyala NV US CEMP,38.24833,-115.72889
14245,Palomino Valley,39.83081,-119.64269
14735,PNF33 PORTABLE,39.6914,-121.3392
14812,UT-20 UT US UTAH DOT,38.03036,-112.53073
15045,"KMLF milford, ut",38.43,-113.02
15428,"KP68 eureka, nv",39.52,-115.97
15510,Vacaville,38.37,-121.96
15985,Fallon NAS,39.42,-118.7
20299,BEAVER UT US SAI,38.2305,-112.6755
32555,McClellan AFB,38.67,-121.4
43364,MILFORD UT US SCAN,38.33333,-113.0
47375,KLHM,38.91,-120.65
49053,TQIN2,38.4867,-117.095
49558,SSPNV,39.27382,-118.34924
49559,SWWNV,38.51387,-119.21288
49600,SRZNV,39.05267,-118.79389
49958,ANCNV,38.18118,-118.73697
55061,W. Nevada College,39.18583,-119.79694
66068,Milford Municipal Ben and Judy Briscoe Field,38.42663,-113.01246
70882,Mogul,39.52,-119.92533
72027,Carson City South,39.1269,-119.7644
72032,Marlette Lake Southeast,39.1556,-119.8817
72040,MINDEN DOUGLAS NV,39.0542,-119.5947
85132,Tintic UT US,39.87,-113.13
85712,Carson City Airport,39.19222,-119.73444
87109,HALS CANYON UT US SCAN,38.59,-113.75
87129,MANDERFIELD UT US SCAN,38.37,-112.64
90436,Arrow Head,39.19352,-119.76492
90437,DOUBLE SPRING FLAT NV US NV DOT,38.80183,-119.60383
90604,DELTA AIRPORT DELTA 4 NE UT US,39.3872,-112.5095
90611,R MTN DESERT RANGE MILFORD 42WNW UT US,38.5943,-113.7511
90618,Atlas Peak,38.4747,-122.2647
90832,"DRI_RENO (P090), NV PSD",39.57,-119.79
90841,Arena Rock,38.93,-123.73
94707,Reno/stead,39.66817,-119.87644
94931,DW8690 Wellington NV US,38.87033,-119.3545
95056,KRTS,39.67,-119.88
96106,I-15 @ Beaver Ridge UT US UTAH DOT,38.14979,-112.61051
96817,Sparks - UNR Ag. Exp. Farm,39.50306,-119.73778
96830,Snake Valley NV US DRI,39.02111,-114.08972
96835,North Spring Valley CA US DRI,39.45806,-114.50667
96845,Genoa,38.99278,-119.80389
96849,Steptoe Valley WMA NV US DRI,39.19556,-114.81028
97558,Eureka Airport,39.60417,-116.00506
99271,K05U,39.6,-116.0
100099,EW0588 Yerington NV US,39.013,-119.0805
101806,OCALA NV US UPR,39.9518,-118.6907
101853,DARWIN NV US UPR,39.5934,-119.11624
101940,MASSIE NV US UPR,39.63689,-118.91023
102425,Browns Creek Bridge,39.34,-119.805
102426,Cold Springs NV US NV DOT,39.67305,-120.00111
102432,Tonopah Summit NV US NV DOT,38.05361,-117.21611
119570,RICE CANYON CA US,39.525,-120.32878
119916,I-80 - Cisco Grove CA US CALTRANS,39.30908,-120.54458
120102,I-80 - Castle Peak CA US CALTRANS,39.33909,-120.34772
120312,NWS Reno WFO NV US,39.5683,-119.7956
146411,Valentine Eastern Sierra Reserve NV US DRI,38.61361,-118.83306
146994,Floriston,39.39559,-120.02387
147508,Buckhorn UT US,38.0399,-112.7115
149562,Minden Tahoe Airport,39.00031,-119.75119
150271,Delta Airport,39.38064,-112.50771
150407,KMEV,39.0,-119.75
151807,Lazy 5 Park NV US DRI,39.62139,-119.71583
151827,Reese River Valley NV US DRI,39.23417,-117.29806
153431,I-15 at Beaver UT US UTAH DOT,38.2934,-112.651
153638,I-15 at Wildcat Ridge UT US UTAH DOT,38.4212,-112.6492
153654,Terminous,38.11541,-121.48522
161298,Mono Lake North Shore CA US CARB,38.06972,-118.94806
163244,I-70 at I-15 UT US UTAH DOT,38.5771,-112.6038
163431,N7QMJ Reno NV US,39.66333,-119.92583
163440,I-15 at Pine Creek Hill UT US UTAH DOT,38.4809,-112.6166
163584,Diamond Valley,38.77341,-119.79193
166657,Belmont Lift,39.19219,-120.26378
168014,JEPSON PRAIRIE RESERVE NEAR ELMI CA US,38.26806,-121.82778
169598,FW0451 VC Highlands NV US,39.35967,-119.662
169619,Duckwater NV US CEMP,38.92167,-115.70111
169830,NORTH SPRING VALLEY NEAR MCGILL 15ENE HADS,39.4581,-114.507
170028,NEP1 NEAR BAKER 16SW HADS,38.9256,-114.408
170950,EHALWS CA US UPR,39.80957,-120.34308
171839,Sutherland - Agrimet SUTU UT US UTAH CLIMAT,39.45071,-112.63823
173311,SR-439 US Parkway NV US NV DOT,39.47736,-119.39983
173316,I-580 Galena Creek NV US NV DOT,39.34998,-119.79076
173317,US-95 Luning NV US NV DOT,38.32239,-118.21554
174006,W6DSR Yorkville CA US,38.94967,-123.29133
174010,SR-431 Mt Rose Dugway NV US NV DOT,39.3117,-119.8995
174722,US-95A Wabuska NV US NV DOT,39.16494,-119.15597
175164,MOGUL WASHOE NV,39.5867,-119.9297
175370,Anaho Island - Pyramid Lake NV US REVWFO,39.95694,-119.51472
175713,Redwood Rd CA US,38.33743,-122.38833
175718,Pokie Dr CA US,38.0077,-120.25569
175733,Doe Mill Rd CA US,39.78312,-121.68023
180322,I80 Nightingale NV US NV DOT,39.8283,-118.9743
180326,Goldfield Rd CA US,38.73617,-120.90851
180334,Sir Francis Drake Blvd CA US,38.04445,-122.74329
180472,Middletown NW CA US,38.75796,-122.64091
180475,Butts Canyon Rd CA US,38.7449,-122.57689
180483,Ridge CA US,38.73517,-122.83212
180624,US-395 Red Rock NV US NV DOT,39.62133,-119.89419
180799,SCEdison 088 CA US,38.17293,-119.21818
180800,SCEdison 089 CA US,38.07717,-119.19795
180893,Orr Springs Rd CA US,39.21395,-123.31275
180896,Mt St Helena East CA US,38.66856,-122.6274
181103,I-580 Washoe Valley NV US NV DOT,39.30575,-119.8269
181104,US-395 Red Rock Trailer NV US NV DOT,39.625,-119.9112
181109,Nicasio Hills CA US,38.09277,-122.68973
181294,Blackhawk Dr CA US,39.35308,-123.38776
181295,Wallace Peak CA US,39.05324,-120.43972
181393,Scott Lift-Top,39.15981,-120.22764
181657,Osborn Road CA US,39.93129,-122.45215
181862,Old Highway 53 CA US,38.97756,-122.62213
181865,Red Hill Road CA US,38.1607,-122.68734
181866,Sonoma Mountain Road CA US,38.34445,-122.57716
182455,Bear Valley Road CA US,39.15678,-122.43961
182457,Summit Lake CA US,38.60339,-122.45868
182969,US-395 Anderson Hill NV US NV DOT,39.6334,-119.9389
184626,US 50 West of Shekler NV US NV DOT,39.48796,-118.88121
184935,Hog Ranch Road CA US,38.21397,-122.19548
184939,Huffmaster Road CA US,39.24022,-122.38443
184947,Healdsburg Hills North CA US,38.72973,-122.76001
185640,Flea Mountain CA US,39.82864,-121.47166
186014,Concow Road CA US,39.79947,-121.4837
186316,FW0538 Reno NV US,39.596,-119.82233
186374,MUL1296-Woodfords CA US,38.78265,-119.81786
186454,Knoxville CA US,38.83807,-122.37319
186456,Laytonville North CA US,39.77447,-123.53389
186463,Walker Ridge CA US,39.03791,-122.49508
186564,TPZ1261-Walker CA US,38.53392,-119.50416
186724,619Line-Sierra Valley West CA US,39.75937,-120.37408
187094,Pine Flat Road CA US,38.76391,-122.76279
187117,SCE Junction Creek CA US,38.35371,-119.46472
187122,SCE Bridgeport Valley CA US,38.21823,-119.22999
187453,SCE Pimentel Meadows CA US,38.3505,-119.34465
187506,OROVILLE DAM NEAR OROVILLE 4E ( CA US CADWR,39.54306,-121.49111
187543,Spolini Mountain CA US,38.23202,-122.49816
187778,Bald Mountain Tower CA US,38.78833,-122.12194
187779,Loma Alta Fire Road CA US,38.03098,-122.61739
187853,Oasis CA US,38.99186,-122.95913
188813,US-50 Spooner/Carson SW NV US NV DOT,39.1179,-119.8449
189442,I-5 - North of SR-12 CA US CALTRANS,38.12058,-121.39961
190850,Milford Flat UT US UCC-AGNET,38.30061,-113.001
191407,Snappy-Lincoln CA,38.88066,-121.27085
191559,"Sierra Bluffs, Truckee, California",39.36353,-120.10639
191853,Lower Smokey Valley,38.3805,-117.42707
193392,Sunwestweather.com,38.12278,-121.30488
194584,Bell Brook,38.99003,-121.08837
194769,JV/Indian Hills,39.09706,-119.78226
195248,By Day Ranch,38.26662,-119.29082
195521,Collins Playground ,39.02515,-121.28881
195979,Deer Trail,38.48389,-122.68117
196311,English Hill CA US PGE,38.34721,-122.8654
197772,Chrome CA US PGE,39.75394,-122.54691
197777,Caughlin (Hunter Lake Trail) NV US,39.47873,-119.85927
197969,Peavine NV US,39.59338,-119.90452
197970,West Reno (Mogul) NV US,39.50125,-119.92095
197972,Northwest Reno NV US,39.55508,-119.85137
197973,ArrowCreek NV US,39.42936,-119.82129
198428,SCE Bodie State Park CA US SC-EDISON,38.20306,-119.00805
198453,Salmon Creek Ranch CA US PGE,38.34826,-123.00805
198458,Cerini Road CA US PGE,38.22764,-122.85534
198463,SW Gardnerville (HWY 88) NV US,38.92584,-119.77951
198464,South Genoa (Walleys Hot Springs NV US,38.98618,-119.8336
198467,Carson City (Voltaire Canyon) NV US,39.12907,-119.77995
199734,N Cedar Ave,38.85249,-119.16965
199827,Wigwam Way,39.61352,-119.81222
200050,Westwind Way,38.25297,-122.00182
200128,Colusa Hills CA US PGE,39.09786,-122.33579
201221,Partrick Rd,38.31647,-122.38125
517226,Cisco Buttes CA US PGE,39.306,-120.56263
518645,Glenhaven CA US PGE,39.03371,-122.70857
520172,Bell Springs Road South CA US PGE,39.95518,-123.59165
520893,US-395 SB Red Rock off-ramp WWD NV US NV DOT,39.62588,-119.91704
520909,Cahto Peak CA US PGE,39.68652,-123.57975
520912,SCE Virginia Creek CA US SC-EDISON,38.11709,-119.17762
521597,Winters CA US PGE,38.51908,-122.03184
521608,Washoe204-Fariad CA US LIBERTY,39.44983,-120.00981
522787,Yolo County Davis Woodland Winters Airport,38.57939,-121.85694
523228,Dessie Drive CA US PGE,39.06731,-122.9721
523601,North Winters CA US PGE,38.59342,-122.01059
523611,Humboldt Road CA US PGE,39.74141,-121.77737
524013,CEM41-Garage Pit Rd CA US LIBERTY,39.67508,-120.22197
524245,Cummins Peak CA US PGE,38.02525,-122.19562
524787,Blue Ridge Road South CA US PGE,38.39374,-122.09871
524791,Muller1296-Emigrant Trail CA US LIBERTY,38.81995,-119.7795
524792,TPZ1261-Eastside Lane CA US LIBERTY,38.52195,-119.45609
525465,Fairfield CA US PGE,38.24015,-122.14175
526438,Grey Van Rd,39.82099,-119.67649
526917,Aeolian Ln,39.83258,-120.13416
527288,Arnold Road CA US PGE,38.21109,-122.45504
527290,Avila Road CA US PGE,38.01571,-121.98976
527292,Humboldt Morgan Valley CA US PGE,38.86285,-122.41252
529001,FW8799 Hinckley UT US,39.28383,-112.83317
529010,I-80 and Derby Dam NV US NV DOT,39.58898,-119.42837
529013,Marshall Petaluma Road CA US PGE,38.16361,-122.87621
529016,Gunsight Fire Road CA US PGE,38.02503,-122.63212
531005,Fallon Rd,38.2645,-122.80615
531262,Airport Rd,39.71271,-121.61592
531696,Camellia St,38.27434,-122.03803
533824,FW9083 Boonville CA US,39.04517,-123.41267
534641,Austin Airport NV US NWS/FAA,39.46794,-117.19745
535266,Willows CA US PGE,39.62651,-122.34651
535270,Highway 162 - Foothills CA US PGE,39.5313,-122.31503
535272,Road 65 CA US PGE,39.43498,-122.30643
537114,Mogul Park NV US DRI,39.515,-119.938
537115,Wilson Commons Park NV US DRI,39.267,-119.834
537614,Huckleberry Road CA US PGE,39.9942,-122.2975
539048,Heatherwood Ct,39.53959,-119.90059
540097,N6BX,38.24461,-122.00041
540400,Reeves Canyon Road CA US PGE,39.28167,-123.27959
542052,Kortum Trail CA US PGE,38.41648,-123.10006
542868,Road 78 CA US PGE,38.73939,-122.16022
544392,Coyote Ridge Road CA US PGE,38.03531,-120.84018
544848,Sky Ranch CA US PGE,38.42078,-122.08401
544858,Walnut Drive CA US PGE,39.10133,-122.28172
545356,Duck Cove Road CA US PGE,38.13824,-122.91555
546623,W Golden Valley Rd,39.59747,-119.84712
546894,Colony Estate Dr,38.76962,-119.39253
547207,GW0070 Fairfield CA US,38.157,-122.12883
547706,Parkhill West CA US PGE,39.71735,-121.50712
549572,Flintlock Place CA US PGE,39.01859,-122.50653
551713,Table Mountain EMS CA US PGE,39.55248,-121.64932
552266,Potter Valley Hills CA US PGE,39.20721,-123.03717
552270,Albion Ridge Road CA US PGE,39.22229,-123.76145
552515,SCE-3406 CA US SC-EDISON,38.02691,-119.16393
555190,Camenzind Court CA US PGE,39.83897,-121.88686
555634,HELLS DELIGHT CANYON CA PSD,39.27,-123.15
555768,Silver Lake Rd,39.62624,-119.88486
556431,Vermillion Rd,39.3645,-119.66992
556468,Woodland Village MAC,39.69756,-119.96737
560926,Ridgeview Ct,39.0933,-119.7681
561038,Snake Eyes,38.92965,-119.89424
561049,Sky Weather Station CA US,38.91704,-119.90215
564458,EskDale High School,39.10886,-113.95262
565703,Portola McLears Rd,39.76499,-120.50333
566386,KC7WRB SMITH NV US,38.80933,-119.383
567455,Gillies Hill UT US PACIFICORP,38.45005,-112.65913
567456,Upper Pawaron Valley UT US PACIFICORP,38.02526,-112.72667
569617,Road to Ranches CA US PGE,38.05648,-122.7331
570043,SCE Dog Creek CA US SC-EDISON,38.10792,-119.20758
570361,Old Stage Rd CA US PGE,39.66788,-121.65403
570804,Bodega CA US PGE,38.3505,-122.96117
570823,Francis Drake Hills South CA US PGE,38.08826,-122.91742
571245,Storrie Road CA US PGE,39.87209,-121.37937
571642,SCE-3577 CA US SC-EDISON,38.19638,-119.31706
571969,Red Rock Tower CA US PGE,39.0252,-122.63092
571995,Virginia City NV US NV-ENERGY,39.29838,-119.64703
577772,North Lawton NV US NV-ENERGY,39.5334,-119.90447
577773,Pleasant Valley NV US NV-ENERGY,39.34644,-119.78148
577774,East Carson NV US NV-ENERGY,39.19069,-119.69174
577775,Jacks Valley NV US NV-ENERGY,39.08851,-119.81516
577777,Smith Valley NV US NV-ENERGY,38.83427,-119.39983
577778,Pine Grove Mountain NV US NV-ENERGY,38.68434,-119.18612
577779,Palomino Valley NV US NV-ENERGY,39.76765,-119.63053
577780,Wild Oat Mountain NV US NV-ENERGY,38.71083,-119.54281
577782,Tracy NV US NV-ENERGY,39.56007,-119.51854
577783,East Cold Springs NV US NV-ENERGY,39.67836,-119.93896
577784,Ruhenstroth NV US NV-ENERGY,38.88148,-119.68968
578026,Highlands Estates,39.62675,-119.66162
578665,Meyers Grade CA US PGE,38.5103,-123.1974
579145,North Valley Cold Spring Mountai CA US PGE,39.0986,-122.48898
579619,Stewarts Point Highway 1 CA US PGE,38.65372,-123.40029
579620,Reed Orchid Road CA US PGE,39.99372,-121.96562
579979,Highland Cir,38.17245,-122.137
580084,US-395 - Conway Summit CA US CALTRANS,38.08799,-119.18141
580099,US-395 - SR-108 Sonora Junction CA US CALTRANS,38.35058,-119.45038
580100,Camel Peak CA US PGE,39.72018,-121.10153
583180,South Verdi NV US NV-ENERGY,39.49504,-119.97621
584019,MILL CANYON CA US,38.47,-119.50578
584025,MEAN PEAK CA US,38.39739,-119.52522
584421,Lot 108,39.87461,-112.80267
585296,RENO POST FIRE 4 NV NEAR RENO 3N NV US,38.715,-119.58417
591227,KQ7A GARDNERVILLE NV US,38.879,-119.81833
595907,Knob Hill Ave,39.42314,-121.4857
596688,Manley Ranch Rd,38.76702,-117.1641
597109,Centerville Ln,38.91897,-119.73983
597712,Monte Vista Dr,39.27396,-119.76772
598719,Upper Colony Rd,38.83649,-119.39503
599151,Big Bend CA US PGE,39.70609,-121.47548
599169,Mix Canyon Road CA US PGE,38.41534,-122.11131
600893,Grimes Arbuckle Road CA US PGE,39.06533,-121.90933
600897,Tapscott Road CA US PGE,39.87265,-122.33037
601431,Minersville Reservoir UT US PACIFICORP,38.22091,-112.81569
601432,Cove Fort UT US PACIFICORP,38.63275,-112.61628
603026,Hamilton City CA US PGE,39.75426,-122.02418
603981,Hawk Butte Rd,38.94954,-123.29149
604310,Hansen Ln,38.9415,-119.83215
604327,Grand River Dr,38.4768,-121.5128
604749,Reinford farm,39.70857,-115.92598
605400,Irish Beach Dr,39.02195,-123.68935
609540,US-95 Schurz Summit NV US NV DOT,39.04829,-118.79519
610440,I-15 at MP 144 UT US UTAH DOT,38.7379,-112.5844
610476,I-15 at MP 140 Baker Canyon UT US UTAH DOT,38.682,-112.5971
612585,TPZ1261 Cunningham CA US LIBERTY,38.58072,-119.50374
613290,California Pacific Road CA US PGE,38.35399,-121.90683
614961,Grouse Ridge Lookout CA US PGE,39.38607,-120.6126
614964,Dozier CA US PGE,38.28539,-121.79638
614965,SOK-257 Reno Park NV US LIBERTY,39.65354,-120.00097
616596,BAKER WHITE PINE NV,39.0205,-114.1763
616740,Glen Eagles Dr,39.53785,-119.91001
617597,SR-130 at MP 32 Minersville Pass UT US UTAH DOT,38.0737,-112.9598
618329,Windmill Rd,38.95243,-119.63997
620204,Murray Creek Road CA US PGE,38.22646,-120.61466
621838,John Thomas Ln,39.79428,-119.90427
622209,Peavine Peak,39.58956,-119.92834
622389,Virginia Peak,39.75538,-119.46299
622934,Round Mountain - Tehama CA US PGE,39.91729,-122.67054
622946,Chimney Peak,39.46012,-119.95836
623598,Eagle Creek Ct,39.5057,-119.8903
629001,Marks Rd,38.17512,-121.70704
629946,Hawk Ridge Dr,38.17619,-121.714
631504,Willows,39.5408,-122.29432
632181,GW4632 RENO NV US,39.7715,-119.89717
633123,VIRGINIA PEAK NV US CNRFC,39.75417,-119.46222
634650,Cove St,38.69442,-117.16309
638538,Cartwright Rd,39.38879,-119.63198
638656,SR376 at Jim Berg Lane (Carvers) NV US NV DOT,38.83085,-117.18944
638659,Dry Willow UT US PACIFICORP,38.09953,-113.01221
638661,Mineral Mountains UT US PACIFICORP,38.49833,-112.87702
640193,SCE Cottonwood Canyon Rd CA US SC-EDISON,38.16106,-119.01702
641490,I-15 at MP 139 Dog Valley Creek UT US UTAH DOT,38.6727,-112.5891
644381,Bluebird Way,38.91013,-119.62063
645416,Eagles Nest,39.75802,-120.50554
645616,Goat Mountain CA US PGE,39.26026,-122.71499
648686,Markleeville,38.72347,-119.80033
648840,Manley Ln,38.76444,-117.16134
648891,Tres Pi&ntilde;ons,38.83664,-119.39884
649223,Hansen Ln,38.94087,-119.83877
113188,TB Oyster,38.11611,-122.85411
7514,Carson Valley,38.99914,-119.77986
148053,White Slough,38.12611,-122.26611
4366,Arena Cove,38.91,-123.71
11151,Spooner Summit,39.10381,-119.89631
15275,Blue Canyon,39.28,-120.72
557813,Channing,38.092,-122.185
43528,UC Davis Airport,38.53,-121.79
86953,Sparks Boulevard NV,39.52899,-119.72022
183864,Mare Island Docks,38.096,-122.266
188393,Hiddenbrooke,38.146,-122.178
540395,Village Drive CA US PGE,38.27576,-120.97955
540926,Verna Way CA US PGE,39.04047,-122.76842
548106,Ocean View Ave,38.25063,-122.964
596948,Lone Eagle Ln,38.64344,-119.44228
600895,Wadleigh Road CA US PGE,39.30545,-122.19259
5807,Hell Hole,39.0717,-120.4217
5842,KNOXVILLE CREEK,38.8619,-122.4172
5961,PIKE COUNTY LOOKOUT,39.475,-121.2025
8226,SACRAMENTO METRO AIRPORT CA US CNRFC,38.69833,-121.59361
9268,Stirling Junction,39.7119,-121.7806
9405,JENSEN SPRING,38.0333,-113.5167
27490,Edwards Creek Valley NV,39.5325,-117.7472
36278,BERNICE CANYON NEAR DIXIE VALLEY NV US,39.75,-117.75
86909,EAST PARK RESERVOIR CA US,39.367,-122.517
87120,TULE VALLEY UT US SCAN,39.24,-113.46
97195,Hastings Tract East CA US CIMIS,38.2781,-121.3744
115387,CHERRY VALLEY NV US,39.58442,-117.94392
152900,EW6551 Reno NV US,39.546,-119.826
159570,TIMBER MTN NV US,38.37719,-115.5062
160411,"Beaver, UT",38.27785,-112.6244
164130,MIDDLETOWN CA PSD,38.75,-122.71
165353,Roundhouse Lift-Top,39.15403,-120.24226
167972,EAST PARK RESERVOIR NEAR STONYFO CA US,39.35917,-122.51778
175368,LUNDY CA US,38.03839,-119.16936
180474,King Ridge Rd CA US,38.60106,-123.19231
180571,Emerfor Rd CA US,38.84407,-122.72577
180814,Oak Knoll Rd CA US,39.11784,-123.23402
181656,Blackhawk West CA US,39.35493,-123.37315
184630,Laughlin Mountain CA US,39.32326,-123.27237
186361,Paradise Humboldt Road CA US,39.75626,-121.73659
186461,T-Line 70KV CA US,39.39268,-123.44734
187100,House Green Valley Road CA US,38.24758,-122.20367
187664,Mill Creek Vineyard CA US,38.61309,-122.99545
187668,Sills Road CA US,38.9305,-122.0979
187685,Rail Canyon Road CA US,39.35144,-122.45676
187856,Cow Mountain CA US,39.11143,-123.08334
189194,I-80 - Yolo CauseWy - East CA US CALTRANS,38.57386,-121.58186
189824,Humboldt Highway 128 CA US PGE,38.88626,-123.15938
197092,Bohn Lake CA US PGE,38.73935,-122.44801
197968,West Verdi CA US,39.52004,-120.01081
198448,Calistoga-Lower Lake CA US PGE,38.68924,-122.59557
198518,Arroya Sausal Road CA US PGE,38.14358,-122.79209
199441,Healdsburg Hills South CA US PGE,38.67089,-122.76432
199443,Scott Forbes Road CA US PGE,39.23709,-121.29586
199444,Jenner Road CA US PGE,38.4741,-123.1331
520173,Lower Spyrock Road CA US PGE,39.81358,-123.51096
523612,Bear Valley Road North CA US PGE,39.21939,-122.48045
534627,Cavedale Road CA US PGE,38.35762,-122.46582
540401,Gray Road CA US PGE,38.88607,-122.69159
540930,Elsey CA US PGE,39.60865,-121.62246
542059,Middletown South CA US PGE,38.73276,-122.60841
543929,Holst Road CA US PGE,38.49556,-122.59797
544849,Burnside Road CA US PGE,38.37671,-122.86648
544859,Paskenta CA US PGE,39.90642,-122.57043
545865,Elk Rock CA US PGE,39.09841,-123.70463
549577,Berryessa Peak CA US PGE,38.66613,-122.19134
550458,Batt Road CA US PGE,39.78649,-121.72539
550460,Sage Canyon Road CA US PGE,38.46358,-122.33697
551712,High Gate Hill CA US PGE,38.13184,-122.17819
566332,7th St,38.94894,-119.77004
568246,Toomes Camp Road CA US PGE,39.88904,-122.62923
570540,Cedar View Dr,39.6893,-119.97618
573388,GW1956 RENO NV US,39.5445,-119.82683
577781,Double Spring NV US NV-ENERGY,38.77885,-119.59097
578218,Leek Spring Hill CA US PGE,38.62926,-120.27779
585443,BOWMAN RESERVOIR NEAR GRANITEVIL CA US,39.45,-120.65361
586446,Gordon Ave,39.02718,-119.72832
588130,Sea Cypress Dr,39.02789,-123.68237
588378,Woodchuck Cir,39.49458,-119.89367
588705,Desert Gold Ct,38.94808,-119.69263
588734,Orr Ranch Rd,38.3569,-122.62886
592853,Sanchez Rd,38.94981,-119.70818
605358,Voight Canyon Dr,39.04112,-119.82445
610019,Fossilstone Dr,39.59162,-119.6909
622031,Panther Range Ct,39.76872,-119.61497
623526,Birkdale Court,39.53918,-119.93909
629111,Albion Ridge Rd,39.21091,-123.69148
630815,Baseline Rd,38.75471,-121.46337
633122,Barbees Bar Rd CA US PGE,39.73455,-121.47767
634155,Sharpe Hill Cir,39.53041,-119.92506
646338,Jacobs Rd,39.5471,-118.88987
30486,Twitchell Island,38.117,-121.658
183701,Dillon Beach,38.251,-122.966
116569,Benicia-Southampton Bay,38.066,-122.18
99613,Homewood,39.0836,-120.1711
181005,Folsom Lake Marina,38.7178,-121.1003
617165,Donner Pass Rd,39.32389,-120.28746
7503,Third Creek,39.28325,-119.93575
8080,Gold Coast Funnel-Top,39.19,-120.26
9410,Konocti,38.9119,-122.7064
15179,Mt. Lincoln,39.28861,-120.32611
175664,Berryessa Knoxville Road CA US,38.50907,-122.21401
521702,Bear-Mokelumne Top,38.4864,-120.0526
574312,Taylor Rd,38.02421,-121.65938
5550,AUSTIN,39.5031,-117.0814
9212,Boonville,38.9875,-123.3486
9281,CORNING,39.9392,-122.1686
12628,Schooner Bay,38.10056,-122.93028
15493,Auburn,38.95,-121.08
54552,Sea Ranch,38.71,-123.451
54554,Mendocino,39.307,-123.799
183699,Bodega North,38.33,-123.03
186901,Sowler Tower CA US,38.02274,-120.58995
187549,North Lake Berryessa CA US,38.67932,-122.26664
198468,Glenbrook,39.09195,-119.93926
519611,Olympic Valley,39.19847,-120.23032
550464,Little Sugarloaf CA US PGE,38.54387,-122.2414
615985,High St,39.32687,-120.18984
3250,Fernley,39.59821,-119.27411
5767,Galena,39.3794,-119.8319
5917,MOUNT ELIZABETH,38.0631,-120.2469
7508,South Reno NV DOT,39.44994,-119.77659
8651,COYOTE WASH,38.2833,-114.7583
9044,UNR CAMPUS NV US DRI,39.53917,-119.80583
9571,Fountain Grove Lake,38.4786,-122.7119
9630,THOMES CREEK,39.8644,-122.6097
20694,King Ridge,38.61,-123.22
27507,Davis CA US CIMIS,38.536,-121.775
47250,Gardnerville AT077,38.88352,-119.73699
48071,Glenbrook Canyon,39.08881,-119.91131
72029,GARDNERVILLE DOUGLAS NV,38.91,-119.5675
72039,Walleys Hot Springs,38.9661,-119.8239
85320,PORTER CANYON NV US SCAN,39.47,-117.62
96827,Mason Valley WR NV US DRI,39.10667,-119.14722
100149,Novato,38.11361,-122.61469
110895,Cheyenne,39.3675,-119.36867
116642,SEVEN MILE NV US,39.06625,-116.31455
148482,N7FEQ Reno NV US,39.545,-119.881
164128,LEESVILLE CA PSD,39.18,-122.44
164350,EW9139 Carson City NV US,39.13467,-119.7625
164670,Calaveras Co Maury Rasmussen Field,38.14612,-120.64817
170027,WRC AT MASON VALLEY SOUTH NEAR MASON 2S HADS,38.9211,-119.168
175707,Soda Canyon Rd CA US,38.36361,-122.28343
180592,N6YV Reno NV US,39.4,-119.7
181394,Sherwood Btm-Alpine CA US,39.14251,-120.22942
182171,"SAN ANDREAS, CA US TG",38.15,-120.65
182261,US-395 Parr Blvd NV US NV DOT,39.56547,-119.80287
184820,Ladoga Stonyford CA US,39.2978,-122.5213
184940,Highway 101 Hilltop CA US,38.89992,-123.04624
184946,Bartlett Springs Road CA US,39.16475,-122.47966
185644,Dream Valley Road CA US,39.98776,-122.5805
186292,FW0079 Truckee CA US,39.34533,-120.26333
186518,China Gultch Road CA US,38.26243,-120.8991
186712,Clark Road South CA US,39.6939,-121.60887
187049,SCE Mono Lake CA US,38.06434,-119.10859
187445,American River Overlook CA US,38.951,-120.80805
187666,King Ridge Road East CA US,38.60186,-123.20463
187780,Conservation Camp 34 CA US,39.6541,-122.71792
188594,Hercules Shoreline Park,38.02867,-122.276
189193,I-80 - Bryte Bend / Sacramento R CA US CALTRANS,38.603,-121.54481
197162,Hogan Dam Road CA US PGE,38.06784,-120.74027
198232,North Topaz Lake NV US,38.7482,-119.53656
200487,Waterslide,39.05099,-119.81383
517156,Bentley Dr,39.53813,-119.8854
517848,Morgan Valley Road East CA US PGE,38.88564,-122.51081
519091,Cortina Mendocino CA US PGE,39.09128,-122.34701
520900,Lake Francis Road CA US PGE,39.3425,-121.19114
520919,Sucker Run CA US PGE,39.5916,-121.26742
521644,Glencoe CA US PGE,38.32741,-120.63074
522809,West Hardin Lane CA US PGE,38.29207,-122.63379
523230,Woodbine Street CA US PGE,38.83315,-122.1926
523251,Boonville Road CA US PGE,39.05147,-123.24799
523252,Yuba Street CA US PGE,39.13113,-122.84795
523613,WSH201-Floriston CA US LIBERTY,39.40479,-120.02546
524010,Chuck Yeager Road CA US PGE,39.18359,-121.30545
524083,Terracina Dr,38.66924,-121.05375
526664,Skislope Way,39.34836,-120.2576
532572,Bogus Point,39.16533,-120.83005
535271,Mt. Veeder CA US PGE,38.3752,-122.45139
535273,Upper Cavedale Road CA US PGE,38.3721,-122.4574
535982,Newville Road CA US PGE,39.78569,-122.51929
537113,Lemmon Valley Park NV US DRI,39.627,-119.866
538690,Nancy Cir,39.5305,-119.85423
540327,Wellington Cutoff,38.73085,-119.33997
541244,Co Rd H,39.63158,-122.2157
542796,FW7364 Acampo CA US,38.17433,-121.20933
542871,New Long Valley Road CA US PGE,39.08668,-122.67936
543935,Benmore Valley Road CA US PGE,39.01825,-123.03998
544393,Garden Valley West CA US PGE,38.85708,-120.90618
544399,Cold Springs NV US DRI,39.6764,-119.9778
545355,Oroville-Cherokee CA US PGE,39.52979,-121.54835
546629,Cortono Dr,39.40659,-119.7391
547212,Cornwall Road CA US PGE,39.10695,-122.79987
548169,SCE-3193 CA US SC-EDISON,38.29818,-119.31264
548188,Bellota EMS CA US PGE,38.017,-121.01525
548190,Stardust Lane CA US PGE,38.87077,-121.25325
548700,Marysville IDSM CA US PGE,39.16446,-121.56145
549112,High Valley CA US PGE,39.06905,-122.69087
550837,GW0367 Reno NV US,39.4035,-119.7795
551716,Cortina EMS CA US PGE,39.11962,-122.21998
551726,Spring Hill Road CA US PGE,38.23283,-122.73584
551728,Paloma Road CA US PGE,38.74179,-120.72447
552274,Tomales Shadow CA US PGE,38.17988,-122.83264
554032,Nicasio Valley Road CA US PGE,38.10392,-122.72828
554277,Eagle Chase Trail,39.54253,-119.93791
554481,Zink Road CA US PGE,39.6404,-121.36928
554482,Oroville Quincy Highway CA US PGE,39.69058,-121.33871
554504,Black Diamond Road CA US PGE,39.40882,-122.54641
555552,Mace Blvd,38.48684,-121.69695
556919,E Desert Canyon Dr,39.40797,-119.81401
558879,Greenwood Road West CA US PGE,39.13192,-123.65006
558965,Co Rd M,39.54441,-122.17195
562929,Spring Valley Rd,39.26131,-121.41978
565633,Lake,39.04033,-122.76369
566250,El Dorado Rd,39.68724,-119.6939
566456,Silver Ridge Dr,39.48384,-119.84236
569992,Carnelian Way,39.09099,-119.78027
571222,Castle Rock Springs CA US PGE,38.77355,-122.77916
573321,Colusa,39.1996,-121.99584
574122,Pride Mountain Vineyard CA US PGE,38.52374,-122.56752
576220,Cedar Ln,39.37217,-119.7413
577724,Cole Creek Road CA US PGE,38.51087,-120.21728
577729,Gravelly Ridge CA US PGE,39.51592,-122.56239
577785,Kings Canyon NV US NV-ENERGY,39.15602,-119.80996
584297,GW2618 Nevada City CA US,39.279,-121.11267
585729,W Walnut Grove Rd,38.22487,-121.45787
588027,Cour Saint Michelle,39.40319,-119.82028
590321,Stow Cir,38.48325,-122.6543
591992,Tre Monte Ln,38.6245,-122.75837
592403,Marina-Scott Street,38.25857,-122.48997
593599,E N Crk Lp Rd,38.3331,-112.60311
593787,R&amp;K Ranch,38.78241,-119.28681
594410,Waikiki Ln,38.25877,-122.9673
594628,Rio Oso,38.95466,-121.46445
598848,Lafond Ave,39.31406,-119.51911
604595,Vecchio Dr,39.5572,-119.67795
609533,Harter Parkway CA US PGE,39.14854,-121.65565
611949,Conaway CA US PGE,38.67697,-121.67262
612398,Downs Dr,39.03362,-119.73595
612677,Dayton Valley Rd,39.25994,-119.5127
620450,James Canyon Loop,39.06088,-119.82728
621521,99NB at Dillard Road CA US CALTRANS,38.34231,-121.33463
621795,Upper Ridge Rd,38.5183,-122.66991
623125,Rd 10,38.84127,-121.91382
624727,River Rd,39.2832,-119.53687
627176,Skillman Ln,38.25663,-122.68337
627826,Frio Ressorts NV,39.68112,-119.99593
631378,Kona Ln,38.25777,-122.96653
632635,Meadow Ln,38.10523,-122.64393
636203,US-395,39.65615,-119.9884
637971,Vecchio Dr,39.55717,-119.67874
638352,Rabbit Brush Ct,39.41228,-119.83482
639342,RENO POST FIRE 3 NV NEAR RENO 3N NV US,39.56833,-119.79611
642693,Logan Creek CA US PGE,39.43359,-122.18319
647400,Juniper St,39.69146,-119.83715
648911,Hidden Valley Lake,38.8325,-122.55157
525156,621Line-I-80 Gravel Pit CA US LIBERTY,39.36963,-120.11361
14304,UC Davis,38.53528,-121.77306
167946,BLACK BUTTE WEATHER STATION NEAR CA US USARMY-COE,39.80611,-122.32972
2755,Minden-Johnson Lane W3DRM,39.03846,-119.72092
14002,Alpha,38.80389,-120.21583
120553,LAKE COUNTY RAWS1 CA US,39.03222,-122.92222
158798,Gonawabie,39.24211,-120.00011
7513,Kingsbury East Grade,38.96075,-119.84686
54551,Sereno Del Mar,38.38167,-123.07556
85921,Lockeford,38.174,-121.182
113180,Glen Cove,38.08311,-122.20411
113190,Gualala Point,38.73911,-123.50011
161293,Staten Island CA US CIMIS,38.1924,-121.51026
182723,Big Valley Road CA US,38.99056,-122.85694
183707,Point Reyes,38.073,-122.808
186019,Poonkinney Road CA US,39.75867,-123.25417
187844,Voss CA US,38.71675,-123.05018
577776,Prosser Dam CA US NV-ENERGY,39.37411,-120.14329
598465,S Donner Lake,39.318,-120.263
632325,Bugeia Ln,38.11783,-122.54188
2842,Sun Valley,39.6,-119.77883
3790,Reno - Golden Valley,39.612,-119.8133
5738,ESPERANZA,38.2431,-120.5144
6448,BRANCH CENTER CA US CNRFC,38.54694,-121.33778
8222,Clear Creek Upper,39.08944,-119.88917
8636,CEDAR PASS,39.7558,-114.15
8749,Little Valley,39.2444,-119.8808
9049,Wolf Run,39.41639,-119.80139
9188,Brandon Corner,38.5908,-120.9336
9288,COHASSET,39.8717,-121.7689
11355,Fallon North,39.45806,-118.77694
14007,Silver Lake-Porthole Gap,38.625,-120.13333
14347,Franklin Field,38.30306,-121.42028
47906,Reno Rail Yard,39.53191,-119.78605
53762,Placerville Airport,38.72,-120.75
87108,GOSHUTE UT US SCAN,39.99,-114.0
90829,"BURNT RIDGE (P188), CA PSD",38.67,-123.23
93441,US395/US50,39.11965,-119.77523
95058,KGOO,39.22,-121.0
100274,Verona CA US CIMIS,38.79806,-121.61139
103060,Ione,38.38,-120.9303
115234,EW3006 Chico CA US,39.8235,-121.91933
119611,Lake Tahoe Golf Course,38.8715,-120.00683
119637,EW3821 Bridgeport CA US,38.261,-119.21883
119911,Rt. 99 @ Wilson Way CA US CALTRANS,38.00321,-121.2572
119912,Rt. 99 @ Armstrong Rd. CA US CALTRANS,38.06959,-121.25995
165351,Palisades Tahoe Base,39.19508,-120.23239
166606,OAK RIDGE CA US,38.73806,-123.30839
167953,NEW HOGAN WEATHER STATION NEAR V CA US USARMY-COE,38.15083,-120.81778
175351,VINEYARD WTP CA US CNRFC,38.5,-121.3125
175499,Franz Valley Road CA US,38.56465,-122.68386
175714,Foothill Blvd CA US,38.60312,-122.64206
175716,Chiles Pope Valley Rd CA US,38.54274,-122.34542
175721,Milliken Creek CA US,38.41708,-122.25582
180330,Ulenkamp Rd (Rescue1) CA US,38.70974,-120.97073
180567,Wooden Valley CA US,38.3752,-122.1903
180572,Trouble Ln CA US,38.9241,-122.59841
180681,Oak Street CA US,38.82078,-122.70004
180683,Sutter Creek Ridge CA US,38.40128,-120.74963
180891,Reynolds Hwy CA US,39.44558,-123.32498
181298,Pieta CA US,38.93758,-123.05385
181342,Airola Road CA US,38.03895,-120.46842
181660,Tiger Penstock Top CA US,38.45329,-120.4779
182456,Wild Horse CA US,38.32,-122.1993
182724,Lower Atlas Peak Road CA US,38.41958,-122.2487
184496,Cloverdale Peak CA US,38.8682,-122.9727
184511,Mountain View Road CA US,39.00962,-123.37969
184513,Seaview Ranch Road CA US,38.55051,-123.20177
184572,Novato Boulevard CA US,38.14068,-122.69925
184633,Hennessy Road South CA US,38.50938,-122.34172
184813,Murphy Grade Road CA US,38.09328,-120.53339
184821,Clark Road CA US,39.77962,-121.5778
184824,Butts Canyon Road South CA US,38.67801,-122.44508
184837,Road 303 CA US,39.4524,-122.4704
184874,Pope Canyon Road CA US,38.64218,-122.37822
184882,Sunview Drive CA US,39.67758,-121.57063
184936,Bloomer Hill CA US,39.65268,-121.46339
185603,FW5165 Lincoln CA US,38.94267,-121.18967
186016,Bar Ranch Road CA US,39.25555,-121.16454
186017,Cramer Road CA US,38.98541,-121.11579
186362,Paradise Highway 191 CA US,39.7354,-121.61288
186365,Bass Lake Road CA US,38.65942,-121.03204
186377,Paine Road CA US,38.38035,-120.87692
186459,Candy Circle CA US,38.31571,-120.67031
186471,Manzanita Road CA US,39.0211,-122.28275
186653,Cantelow Road CA US,38.42756,-122.02777
187071,Gallagher Road CA US,38.80385,-121.05197
187443,Louise Lane CA US,39.62121,-121.51693
187784,Muniz Ranch Road CA US,38.50544,-123.1402
187786,Morelli Vista Alt CA US,38.31945,-122.6061
187850,Eagle Peak CA US,39.55948,-122.43902
188284,Tin Barn Road CA US,38.61804,-123.29382
188288,Sonoma Hilltop Towers CA US,38.45233,-122.50958
188595,CW1177 Reno NV US,39.6155,-119.832
188901,FW6285 Oroville CA US,39.49517,-121.56467
189275,FW3933 Kelsyville CA US,39.01833,-122.75467
191266,Chemise Road CA US PGE,38.64857,-122.96095
198265,Hells Delight Canyon CA US,39.26771,-123.14731
198269,Windy Gap CA US,39.23437,-123.00495
198446,Annapolis Road CA US PGE,38.68214,-123.31342
198449,Honey Hill Drive CA US PGE,38.7932,-122.52677
198462,Valley Ford Road CA US PGE,38.29705,-122.82642
199435,Road 41 CA US PGE,38.89621,-122.23694
199586,Rocking LH Ranch,38.45571,-120.98524
200657,Esaw St,39.04224,-119.70964
201113,Double Springs CA US PGE,38.21236,-120.75633
201459,Rocky Top End Rd,38.05036,-120.34735
201553,FW7603 Camino CA US,38.74319,-120.65507
202387,Pine Hill CA US PGE,38.71953,-120.99006
202403,Moose Road CA US PGE,39.00188,-123.21043
517229,Humboldt Highway 29 CA US PGE,39.08579,-122.9208
519607,Freestone Flat Road CA US PGE,38.38458,-122.93458
520170,Prussian Hill CA US PGE,38.29944,-120.56845
520180,Pleasants Valley Road CA US PGE,38.36731,-122.02359
520204,Road 23 CA US PGE,38.68624,-122.0863
520903,Sun Valley CA US PGE,39.01565,-120.9631
521606,Loma Rica Road CA US PGE,39.3095,-121.42264
522684,Lyman Ave,39.50856,-119.84414
522788,Walker Ridge East CA US PGE,39.03076,-122.45137
522816,Cocopah Ct,39.41831,-119.82525
523229,Road 16 CA US PGE,38.70546,-122.08663
523235,Henry Road CA US PGE,38.27672,-122.35531
524004,Grove Street CA US PGE,38.30431,-122.5498
524014,SRB51-Smithneck Rd CA US LIBERTY,39.64349,-120.21374
524166,Del Rey Dr,38.3807,-121.93193
524408,CAL204-Dog Valley CA US LIBERTY,39.52486,-120.00443
524781,Fulton - Calistoga South CA US PGE,38.63502,-122.59485
525148,Spring Valley Road CA US PGE,38.77911,-120.51024
525154,Wine Country Road CA US PGE,38.3255,-122.3396
525463,Vacaville Tower CA US PGE,38.32575,-122.04104
525891,Spyrock Road CA US PGE,39.84406,-123.51003
525926,Atlas Peak Rd,38.40171,-122.24036
528996,KN6ETB-1 Elmira CA US,38.35083,-121.90783
531961,Rockpile Rd,38.73598,-123.09509
539912,New Hogan Dam CA US PGE,38.16553,-120.81442
540393,Deer Meadows Drive CA US PGE,39.03297,-123.34848
540394,Bakers Creek Road CA US PGE,39.30602,-123.25269
541511,New Chiacgo Road CA US PGE,38.43768,-120.83522
541631,Black Hawk Ln,38.85065,-121.25404
541994,Calaveras Airport CA US PGE,38.14284,-120.64316
542053,Liberty Lane CA US PGE,38.8055,-122.58543
542054,Newtown Road CA US PGE,39.2577,-121.08626
542058,Chimney Rock East CA US PGE,39.89168,-123.58064
543930,Dennis Drive CA US PGE,39.31397,-121.39172
543933,Eden Valley Ranch CA US PGE,39.63328,-123.19379
543938,Daly Place CA US PGE,38.81829,-122.49824
544395,Lower Cobb Ridge CA US PGE,38.80578,-122.81471
544396,Mendocino-Hartley CA US PGE,39.20663,-123.01036
544850,Concow Basin CA US PGE,39.78298,-121.51359
544852,Road 305 CA US PGE,39.67995,-122.50264
545367,Willits-Blosser Lane CA US CARB,39.3986,-123.35872
548186,Bailey Road CA US PGE,38.00762,-121.9407
549571,Mine Road CA US PGE,38.56751,-120.66758
549599,Vaca-Dixon IDSM CA US PGE,38.24261,-121.91691
550461,Lower Chiles Valley Road CA US PGE,38.51738,-122.31115
550771,Rainbow Mountain Ranch,38.34164,-120.57538
551721,Butts Canyon Rd CA US PGE,38.73615,-122.51491
551723,Rodgers Flat CA US PGE,39.96012,-121.28009
551725,Palermo CA US PGE,39.45258,-121.51586
552517,Stoney Creek Road CA US PGE,38.35438,-120.79586
554039,Cloud Lane CA US PGE,38.19865,-122.59992
554479,Sanhedrin Road CA US PGE,39.62782,-122.59951
556881,Redwood Hill Rd,38.53812,-122.71434
557419,Eagle Bend Ct,39.53749,-119.93552
561904,GW1001 Sonoma CA US,38.2,-122.4
563117,Toni Ct,39.01998,-119.70463
563584,Pinto Cir,38.88937,-119.69082
565599,GW1258 Reno NV US,39.386,-119.6705
566920,White Pine Dr,39.29543,-119.78292
567380,Sullivan Way,39.01834,-121.41674
568327,Marshall-Tomales Bay,38.15647,-122.89293
570664,Midway Ave,38.28238,-121.32487
571482,Carnuesti W/X,39.40934,-119.82835
572415,Beechwood Ct,38.01551,-121.95332
578658,GW2216 RENO NV US,39.4105,-119.79217
580846,Eagle Bend Trail,39.53991,-119.93308
581063,Sheehy Ct,38.22792,-122.26358
581253,SRFD LLANO ROAD CA US,38.37083,-122.76417
581945,Mesa Verde,38.12757,-122.24329
583887,Hulls Valley Rd,39.8768,-123.26524
585638,Galena Canyon Trail,39.35731,-119.80734
586594,Lincoln St,39.58548,-120.36769
587561,WeatherStationRioVista,38.15319,-121.6912
588451,County Rd 44,39.56088,-122.007
588809,Co Rd 23,38.67313,-122.01801
594599,Lyon Ln,39.27999,-119.78083
595299,Spring Mountain Rd,38.52625,-122.54681
596076,Gibney Ln,39.38098,-123.80687
596188,Sandalwood Dr,38.16555,-120.40128
596234,Fort Ross Road PGE,38.51731,-123.24754
597158,Tate Dr,39.52284,-119.89574
597416,GW3305 Marshall CA US,38.18333,-122.90717
599271,Bluff Reach,38.72143,-123.46995
600095,Stallion Dr E,38.50631,-122.71059
600639,Rue D Azur,39.40863,-119.82478
603025,Corning CA US PGE,39.93284,-122.18789
607984,Kapaka Ln,39.07113,-121.31847
608919,Ethelinda Way,39.43837,-119.70822
610461,Bridgehead CA US PGE,38.00533,-121.76035
610601,Stonyford,39.36562,-122.59114
611950,Kirkwood CA US PGE,39.85546,-122.15745
612249,Barranca Dr,39.69734,-119.65641
612507,La Favor Ln,39.47621,-123.80123
613217,Knightsbridge Ct,39.34112,-119.81543
613824,Gridley CA US PGE,39.36323,-121.67777
614599,Silver Spur Way,39.00749,-121.55548
614963,Orland CA US PGE,39.75824,-122.20688
618313,Gridley Rd,39.36103,-121.9269
619423,Lower Gabbs,38.85828,-117.93181
620735,Reno OGC,39.41212,-119.83263
621129,Spanish Springs,39.73243,-119.5802
621917,Spanish Springs,39.7166,-119.68708
623359,Lake Meadow Ln,39.24295,-119.81906
624428,Cartwright Rd,39.39083,-119.62188
625318,Rimini Dr,39.5632,-119.68481
625814,Spartan Ave,39.15606,-119.75295
626223,Pershing Ln,39.29167,-119.77178
626263,Maize Way,39.45553,-123.37807
627394,Ring Rd,39.30209,-119.52837
628691,Hessel Rd,38.35754,-122.7763
629572,Escondito Cir,38.71968,-120.63457
629696,W Catlett Rd,38.83635,-121.61067
630234,Vine St,38.36592,-121.98924
630369,Coloma,38.7649,-120.90243
630774,Hayfield Dr,39.65674,-119.68163
631110,Gold Ridge Rd,38.38818,-122.86497
632762,Copper Stone Dr,39.40704,-119.71691
632975,E 3rd St,38.02995,-121.87257
633023,N Virginia St,39.62455,-119.91358
635093,Pittsburg 3rd Ave CA US PGE,38.03231,-121.87846
635094,Grover Ave. CA US PGE,39.21734,-122.02744
636643,Pinon Dr,38.83188,-119.39714
645175,Cloverdale,38.7985,-122.9566
648508,Westlake Dr,39.0099,-122.75753
550332,Sierra Dr,38.73862,-121.15643
6463,Stateline,38.96667,-119.94778
8985,Zephyr Cove,39.00214,-119.94936
6085,Stampede,39.4833,-120.075
7515,Sand Harbor,39.19464,-119.92658
14320,Echo Summit,38.81167,-120.0325
50117,Martis Creek Lake,39.32722,-120.11333
168008,Sorensens,38.77556,-119.90389
200120,Fallen Leaf Lake,38.88383,-120.07283
7502,Cave Rock,39.04797,-119.94631
8855,SODA CREEK,39.425,-122.9772
14319,Bijou,38.94583,-119.96667
90231,KF6GTX Angwin CA US,38.57467,-122.44317
119917,Donner Lake West,39.33186,-120.28774
119918,US-50 - Echo Summit CA US CALTRANS,38.81322,-120.03017
148042,Rubicon Bay,39.00811,-120.11811
148043,Promontory,38.70011,-121.09111
197775,Lakeshore Blvd (Incline) NV US,39.24012,-119.94581
563096,Central Park Ave,39.31723,-120.2821
587913,Irwin Ave,39.16341,-121.76074
2767,New Washoe City,39.29467,-119.77867
3470,Bear-Quaking Aspen,38.468,-120.047
5949,Owens Camp,38.7333,-120.245
7222,Markleeville,38.6833,-119.7667
7500,Crystal Bay,39.23019,-120.00325
7511,Stateline East,38.97019,-119.93492
8248,Delta UT US CEMP,39.35306,-112.57833
9570,READER RANCH,39.3036,-121.1172
26155,Fair Oaks,38.658,-121.2655
48049,Columbia,38.03,-120.42
83564,Sea Ranch-Schooner Dr,38.7151,-123.449
87314,Lake Mendocino CA US,39.2031,-123.1853
92038,Broadstone,38.65033,-121.14933
100225,Incline Village North,39.2728,-119.9631
113168,Walnut Grove,38.22911,-121.53211
116896,Meyers,38.85417,-120.02417
158872,Ryer Island,38.18511,-121.65811
170942,GAPWX South Lake Tahoe CA US,39.0075,-120.3125
183683,North Jughandle Beach,39.387,-123.813
183693,Pebble Beach,38.701,-123.439
184632,Scaggs Springs Road CA US,38.68638,-123.01472
199445,Lake Spaulding CA US PGE,39.32501,-120.64289
519155,BOWMAN LAKE NEAR GRANITEVILLE 5W CA US CADWR,39.45,-120.65222
522779,Camp Richardson,38.93403,-120.04749
523724,Heavenly Base,38.93887,-119.94204
525158,MEY3300-Grass Lake Road CA US LIBERTY,38.80338,-120.01565
526287,Pine St,38.2908,-122.28924
529615,Poplar Way,39.27008,-121.67299
531164,Santa Juanita Ct,38.43657,-122.6554
539902,FW9603 Pope Valley CA US,38.61,-122.21
540687,Ghirard Ct,39.35257,-120.16092
547221,Los Posadas Forest CA US PGE,38.5637,-122.40055
553809,Dayton St,38.69799,-119.54643
582071,Calypso Shores,38.08382,-122.51163
589252,Sea Gate Pl,38.017,-121.62796
2978,CW0443 Sacramento,38.60867,-121.41233
2996,Manchester,38.95612,-123.54495
3559,CW4719 Elk Grove,38.42403,-121.44225
3792,CW6129 Placerville,38.69527,-120.84895
3895,CW6620 Elk Grove,38.39517,-121.3625
3961,Cordelia,38.17167,-122.12967
4872,Rocklin,38.80867,-121.2855
4945,CW1909 Paradise,39.75917,-121.61133
4968,CW3111 Covelo,39.75367,-123.20717
5049,CW6842 Alta,39.20101,-120.79661
5320,Sparks - Wedekind,39.57117,-119.71617
5575,BALD MTN LOC,38.9056,-120.6972
5661,WHITE CLOUD,39.3167,-120.8375
5678,BEAVER,38.4883,-120.325
5764,SEEDORCHARD,39.0914,-120.7317
7148,GRIZZLY FLAT,38.6197,-120.5614
7283,QUINCY RD,39.9733,-120.9419
7519,Bulls Eye,39.33769,-119.86158
7554,BIG CREEK SUM NV US SNOTEL,39.29,-117.11
7830,LEAVITT LAKE CA US SNOTEL,38.28,-119.61
8026,SUMMIT MEADOW CA US SNOTEL,38.4,-119.54
8252,Milford UT US CEMP,38.39389,-113.01278
8295,Spring Garden Overhead CA US CALTRANS,39.9117,-120.8118
8673,ALDER SPRINGS,39.6514,-122.7236
8675,EEL RIVER (MNF),39.8253,-123.0825
8870,STONYFORD,39.3672,-122.5728
9210,BANGOR,39.3808,-121.3861
9297,COYOTE,39.9878,-120.4767
9314,Dog Valley,39.5619,-120.0478
9436,Laytonville,39.7022,-123.485
9444,Lincoln,38.8825,-121.2683
9458,Jackson State Forest,39.3528,-123.6011
9482,MOUNT ZION,38.39,-120.6525
9527,Pilot Hill,38.8317,-121.0092
9561,Rodeo Valley,39.6683,-123.32
9591,SECRET TOWN,39.1836,-120.8847
9685,Sacramento-S St.-T St. Alley,38.5681,-121.4933
9689,Antelope,38.7067,-121.3286
9788,Ash Canyon Upper,39.18,-119.85556
9850,SILVER LAKE NEAR KIT CARSON CA US CNRFC,38.67833,-120.12
11144,CW5121 Placerville,38.71617,-120.75633
11190,STANISLAUS MEADOW NEAR TAMARACK CA US CNRFC,38.50167,-119.93667
11192,Brooks,38.7383,-122.1447
12515,Pope Valley,38.70217,-122.38633
12735,Elk Grove,38.41935,-121.36029
13343,Onion Creek,39.27444,-120.35583
13356,Stone Cabin NV US CEMP,38.21167,-116.62611
13471,Twin Springs NV US CEMP,38.20389,-116.17611
14048,Lodi Lake,38.14883,-121.2895
14303,Colusa-Sunrise Blvd CA US CARB,39.18889,-121.99806
14307,Gridley CA US CARB,39.32722,-121.66861
14308,Jackson,38.34278,-120.76472
14314,Roseville,38.74611,-121.26472
14316,San Andreas-Gold Strike,38.20194,-120.68944
14325,Yuba City CA US CARB,39.13889,-121.61917
14346,Sacramento-Del Paso Manor,38.61389,-121.36833
14404,Woodland-Gibson Rd CA US CARB,38.66056,-121.73056
14431,Cool,38.8886,-121.0
19521,Durham CA US CIMIS,39.609,-121.823
19522,Oakville CA US CIMIS,38.434,-122.41
19560,Santa Rosa CA US CIMIS,38.401,-122.796
19561,Winters CA US CIMIS,38.501,-121.973
19596,CW8878 Forest Ranch,39.8719,-121.65025
19661,Browns Valley CA US CIMIS,39.271,-121.311
20583,Angels Camp West,38.06671,-120.64792
20593,CW9148 Pioneer,38.49219,-120.54208
20631,COLFAX CA PSD,39.08,-120.94
20670,SLIDE CANYON NEAR MONO VILLAGE 5 CA US CNRFC,38.09167,-119.43667
20675,LOWER KIBBIE NEAR PINE CREST 12S CA US CNRFC,38.045,-119.88
20676,LOWER RELIEF VALLEY NEAR DARDANE CA US CNRFC,38.24333,-119.75833
20723,Auburn CA US CIMIS,38.8875,-121.10306
20730,Camino CA US CIMIS,38.754,-120.732
27451,Clyde,38.02733,-122.02933
30487,Petaluma East,38.267,-122.616
30520,Windsor CA US CIMIS,38.526,-122.833
30534,Fair Oaks CA US CIMIS,38.651,-121.218
30772,Sanel Valley CA US CIMIS,38.983,-123.092
31425,CW9665 Grass Valley,39.11724,-121.02874
32258,DW0026 Sparks,39.625,-119.69033
46680,AT046,39.00533,-120.86967
48033,Secret Creek,39.14186,-119.92492
49919,Inc. Village-Crystal Bay,39.25297,-119.97103
50081,MELC1,39.41667,-120.50833
50137,PDEC1,39.75361,-121.62472
50403,NAPC1,38.43306,-122.255
53003,TR099,39.5789,-121.2664
55451,AT317,38.30624,-120.51457
55840,Graton,38.41667,-122.889
72051,Genoa Peak,39.0078,-119.8883
72183,DW4464 Placerville CA US,38.765,-120.757
82412,Graton West,38.43333,-122.89917
84676,ENF PORTABLE 3 CA US,38.8844,-120.7614
85620,Davis-Covell,38.55967,-121.77883
86946,DW5805 Reno NV US,39.48617,-119.84867
90250,DW6835 Antelope CA US,38.70833,-121.34133
90810,DW7004 Magalia CA US,39.81506,-121.59176
92035,El Dorado Hills,38.6825,-121.0115
92334,KE6LRO Virginia City NV US,39.309,-119.64933
93483,CW9576 Willits CA US,39.48033,-123.43
94667,Nevada County Air Park,39.22403,-121.00308
94764,DW8545 West Point CA US,38.427,-120.59167
94800,DW8561 Middletown-Jerusalem Grade CA US,38.83033,-122.5345
95000,DW7902 Wheatland CA US,39.01583,-121.4225
95325,KE6OBI Foresthill CA US,39.0185,-120.84583
95957,Auburn,38.88383,-121.07
95965,Olympic Valley,39.202,-120.23267
96237,WILLITS HOWARD RANGER STATION NR CA US NWS,39.29722,-123.28917
97029,Wilseyville,38.2,-120.3
97200,Plymouth CA US CIMIS,38.5083,-120.7997
97201,Diamond Springs CA US CIMIS,38.6361,-120.7931
97268,DW9434 Colfax CA US,39.05083,-120.99067
97269,DW9477 Minden NV US,39.03333,-119.7055
97290,Sierraville,39.57833,-120.38317
97440,Sacramento Downtown,38.57217,-121.4815
97526,Vintage Oaks,38.442,-122.7734
97916,Willows-720 N Colusa Street CA US CARB,39.53387,-122.19083
97932,Ukiah-E Gobbi Street CA US CARB,39.14556,-123.20306
98170,Gordon-Cooper,38.4239,-122.6954
98515,K6PZB Graton CA US,38.4405,-122.86967
99432,Fort Bragg-300 Dana Street CA US CARB,39.43734,-123.78766
99952,TNF 03 PORTABLE CA US,39.5242,-120.3283
101008,Sutter Creek,38.37683,-120.794
101504,RCKLN1 CA US UPR,38.8047,-121.21887
110663,Apollo,39.27783,-119.943
110883,EW1869 Dorrington CA US,38.28717,-120.2845
112056,PINECREST 2 CA US,38.1861,-120.0106
113268,EW2457 Downieville CA US,39.56317,-120.82483
114998,Chico-East Avenue CA US CARB,39.76168,-121.84047
119157,EW3651 Nevada City CA US,39.338,-121.04783
119569,MOHAWK CA US,39.77953,-120.59461
119915,I-80 - Blue Canyon CA US CALTRANS,39.28339,-120.70314
119922,I-5 - Richards CA US CALTRANS,38.59848,-121.50446
119923,SR-89 - Rampart CA US CALTRANS,39.16513,-120.17764
119943,SR-267 - Brockway Summit CA US CALTRANS,39.26082,-120.07183
128761,SR-28 - Dollar Pt CA US CALTRANS,39.19388,-120.10346
146414,Chickering American River Reserv CA US DRI,39.24583,-120.36306
146658,SR-267 - Truckee River Br. CA US CALTRANS,39.33429,-120.1633
146832,EW4371 Yorkville CA US,38.91567,-123.20883
147156,EW4393 Kelseyville CA US,38.93533,-122.86833
147894,EW4543 Placerville CA US,38.71467,-120.766
149686,Woodland CA US CIMIS,38.6728,-121.8117
150111,EW4740 El Dorado Hills CA US,38.67783,-121.01167
150542,EW5691 Placerville CA US,38.75417,-120.7895
151059,EW6025 Mendocino CA US,39.28867,-123.769
151911,EW6216 Reno NV US,39.50033,-119.8395
152185,Newtown,38.16727,-121.68842
152499,EW6355 Nevada City CA US,39.24967,-121.1025
152528,EW6476 Georgetown CA US,38.899,-120.842
153019,EW6724 Windsor CA US,38.54639,-122.79278
153447,EW6829 Penngrove CA US,38.33383,-122.66333
155104,EW4496 Rancho Cordova CA US,38.52917,-121.22883
157963,EW7525 Petaluma CA US,38.25967,-122.63783
159335,EW7741 Martinez CA US,38.00883,-122.11833
159818,Biggs CA US CIMIS,39.38663,-121.83528
159923,BODIE HILLS CA US SCAN,38.26,-119.13
160814,EW8204 Avery CA US,38.19867,-120.3635
161192,ARB2 CA US,38.3536,-120.7902
161881,EW8483 Cazadero CA US,38.529,-123.12633
162437,"Santa Rosa, CA, Santa Rosa, CA",38.44,-122.7
163138,NOVATO FIRE - ROBINHOOD CA US,38.1125,-122.5498
163384,EW8856 Shingle Springs CA US,38.5955,-120.95967
163966,EW9060 Sacramento CA US,38.65983,-121.50017
165120,EW9372 Rocklin CA US,38.77569,-121.20808
165150,K6MLE Placerville CA US,38.72617,-120.7405
165300,EW9543 Glen Ellen CA US,38.38083,-122.55733
165305,EW9523 Cloverdale CA US,38.78883,-122.98833
165352,Alpine Meadows (Base),39.16307,-120.23859
165372,EW9574 Yuba City CA US,39.15901,-121.63529
166158,EW9715 Pittsburg CA US,38.02383,-121.9405
166424,BLUE MTN LOOKOUT CA US,38.34233,-120.36469
166493,Skyland NV US,39.023,-119.94086
166637,EW9683 Santa Rosa CA US,38.44983,-122.70417
166761,EW9947 Nevada City CA US,39.2,-121.0
167860,THOMPSON VALLEY NEAR PORTOLA 12N CA US CADWR,39.97889,-121.47889
167961,LAKE SONOMA RECREATION AREA NEAR CA US USARMY-COE,38.71611,-122.99667
168024,ROBINSON COW CAMP SNOW COURSE NE CA US CADWR,39.62306,-120.67806
169196,EW8905 Reno NV US,39.3,-119.4
169620,Angelo South Meadow (UCNR),39.73917,-123.63083
169829,NEP5 NEAR BAKER 10W HADS,39.01,-114.309
169924,PLACERVILLE 3W RAWS HADS,38.6956,-120.824
170033,WRC AT SNAKE RANGE WEST NEAR MAJORS PLA HADS,38.89,-114.331
170461,Sacramento - Bercut Drive CA US CARB,38.59333,-121.50375
170584,Spooner Summit NV US DRI,39.09833,-119.90889
172686,FW1771 Mendocino CA US,39.309,-123.80117
173545,Wah Wah UT US UTAH CLIMAT,38.4989,-113.5763
175663,Drakes View Dr. CA US,38.07989,-122.86711
175667,Old Rancheria Road CA US,38.07679,-122.67475
175670,Alta-Bonnynook Rd CA US,39.20696,-120.81131
175672,Foresthill Rd CA US,38.99971,-120.86556
175674,Foresthill Rd East CA US,39.0549,-120.76338
175675,John Muir Pkwy CA US,38.01368,-122.24458
175704,Georgetown Rd CA US,38.859,-120.8333
175705,Airport Rd CA US,39.2755,-121.0229
175706,Georgia Slide Rd CA US,38.92267,-120.83859
175708,Springvale Rd CA US,38.76926,-120.9439
175709,Banner Rd CA US,39.2525,-120.94354
175710,Cooper Rd CA US,39.30902,-120.94448
175711,You-Bet Rd CA US,39.18612,-120.91889
175715,Atlas Peak Rd CA US,38.43476,-122.24344
175720,Robertson Ranch Rd CA US,38.0412,-120.2855
175723,Morningstar Rd CA US,38.01747,-120.31285
180327,Deer Valley Rd CA US,38.72456,-121.01377
180329,Carson Rd CA US,38.74368,-120.767
180331,Schenck Ranch Rd CA US,38.58936,-120.93268
180445,Ponderosa CA US,38.69346,-120.94094
180471,Pleasant Valley Rd CA US,38.69231,-120.68679
180473,Bald Mtn CA US,38.94239,-123.19746
180476,Wilson Ave CA US,38.09109,-122.60798
180477,Redwood Valley CA US,39.30558,-123.22235
180478,Ridge Ranch CA US,38.76019,-122.89834
180480,Swansboro Airport CA US,38.79729,-120.72698
180481,Pollock Pines South CA US,38.75297,-120.61233
180482,Mulberry Ln CA US,38.7137,-120.90207
180484,De Sabla CA US,39.86051,-121.61347
180525,Old Giannini Ranch Rd CA US,38.43429,-120.61336
180526,Avery Sheep Ranch Rd CA US,38.2054,-120.3816
180527,Upper Dorray Rd. CA US,38.3559,-120.5851
180528,Downieville CA US,39.56878,-120.82369
180541,Falconhaven CA US,38.52589,-120.9496
180566,Robinson Mills 1 CA US,39.49418,-121.3171
180569,White Sulphur Springs CA US,38.49217,-122.51865
180570,Pointe Court CA US,38.4608,-120.5329
180573,Sly Park CA US,38.43271,-120.34896
180679,Barton CA US,38.44207,-120.54155
180680,Noble Ranch 2 CA US,38.84402,-122.56372
180682,Spring Valley Rd. CA US,39.07447,-122.5978
180815,Plymouth Farms CA US,38.49691,-120.8261
180890,Sherwood Rd CA US,39.46933,-123.39788
180897,Sterling City2 CA US,39.91116,-121.53076
180899,Forest Ranch CA US,39.8982,-121.65289
180916,Steele Canyon Rd CA US,38.44675,-122.19341
181001,Decathon Canyon NV US,38.80182,-114.28058
181337,Banner Road 2 CA US,38.2909,-120.4824
181338,Ponderosa Way CA US,38.1235,-120.4142
181347,Walnut Drive CA US,38.69636,-120.96766
181383,Berry Creek CA US,39.63923,-121.4295
181661,Spanish Flat CA US,38.85809,-120.7973
181863,Wilson Hill Road CA US,38.18384,-122.72364
182458,Schmitt & Hwy 128 CA US,38.63034,-122.67024
182566,FW4307 Petaluma CA US,38.28117,-122.64567
182624,Black Bart Trail CA US,39.25793,-123.14974
182717,FW4326 Sonoma CA US,38.3035,-122.548
182721,Pollock Pines North CA US,38.75362,-120.55673
182731,Upper Lake CA US,39.21037,-122.91313
183178,Lake De Sabla CA US,39.8719,-121.6122
184502,Diamond Mountain Road CA US,38.54744,-122.58044
184510,Wall Road CA US,38.42851,-122.48738
184512,Highway 128 Mendocino CA US,39.08771,-123.47523
184812,Spink Road CA US,38.3983,-120.56105
184831,Ida Clayton Road CA US,38.67036,-122.66679
184834,WA7JAY Nevada City CA US,39.22633,-120.99967
184876,Greenwood Road Alternate CA US,39.10359,-123.58005
184880,Kelly Ridge Road CA US,39.52057,-121.46703
184881,Webb Creek Circle CA US,39.39326,-121.40387
184886,Truitt CA US,38.80033,-122.83212
184938,Deer Meadow Road CA US,39.62305,-121.45775
184941,Richardson Springs Road CA US,39.84106,-121.784
184945,Vierra Road CA US,39.42046,-121.33715
184949,Narcissus Road CA US,38.37989,-120.66324
184950,Brownsville CA US,39.4541,-121.28217
184952,Bucks Lake Road CA US,39.94472,-120.98215
185631,Stage Coach Lane CA US,39.72182,-121.537
185635,Bucks Lake Road West CA US,39.93123,-121.06098
185641,Skyway Road CA US,39.815,-121.5836
185645,Altina Drive CA US,39.81336,-121.70226
185651,Jaquima Drive CA US,38.10119,-120.69934
185794,FW1340 Acampo CA US,38.18833,-121.281
185845,FW2185 Lagunitas CA US,38.02,-122.71
186013,Mission Olive Road CA US,39.44661,-121.44999
186018,Celestial Valley Road CA US,39.41687,-121.06618
186020,Horizon Court CA US,38.63118,-120.79403
186021,Underwood Lane CA US,39.86318,-123.71639
186022,Bumper Road CA US,38.65053,-120.87774
186023,Coloma Road CA US,38.82755,-120.9426
186025,GLS7600-Walden CA US,39.33139,-120.07386
186026,Bliss State Park,38.97561,-120.10027
186035,Lumpkin Road CA US,39.5701,-121.31483
186038,Grand Oak Road CA US,39.47524,-121.38771
186225,EW7886 Calistoga CA US,38.55833,-122.6085
186236,FW0315 Angwin CA US,38.5725,-122.44083
186239,FW0443 Shingle Springs CA US,38.63567,-120.92117
186320,FW0579 Lodi CA US,38.10067,-121.2065
186327,FW0685 Kenwood CA US,38.43783,-122.51617
186360,Garden Bar Road CA US,39.05415,-121.16776
186363,Maryland Road CA US,39.22337,-121.02622
186367,Oak Tree Road CA US,39.36263,-121.0839
186368,Perimeter Road CA US,39.06549,-121.19404
186369,Oakstream Road CA US,38.54447,-120.77105
186370,Olive Orchard Road CA US,38.14355,-120.88122
186371,Dog Ranch Road CA US,39.0909,-121.00131
186372,Morning Dove Lane CA US,39.30005,-121.32605
186373,Road 108 CA US,39.46615,-120.89274
186398,FW0165 Angwin CA US,38.58233,-122.4485
186458,Paloma Road CA US,38.25828,-120.76014
186462,Coleman Valley Road CA US,38.41137,-122.96517
186468,Hout Road CA US,38.43716,-120.90731
186472,Center Gap Road CA US,39.77332,-121.67257
186491,FW5459 El Dorado Hills CA US,38.68233,-121.03433
186510,Red Mule Road CA US,38.49253,-120.70109
186515,Hawver Road CA US,38.26139,-120.66231
186517,Old Stockton Road CA US,38.34382,-120.96183
186532,Golden Chain Highway CA US,38.3292,-120.74802
186565,111Line-Columbine Trail CA US,38.89062,-119.95965
186636,FW5669 Auburn CA US,38.96917,-121.097
186657,Portola 31 CA US,39.77898,-120.50284
186711,So-So Road CA US,38.58899,-120.60539
186713,Spencerville Road CA US,39.16713,-121.19942
186714,Strawberry Overlook CA US,38.19345,-120.03853
186715,Hawkeye Road CA US,38.6546,-120.58366
186723,Red Eye Road CA US,39.68859,-121.5078
186739,Bucks Lake Fire Department CA US,39.8685,-121.17419
186778,Clark Ranch Way CA US,39.39839,-121.23164
186779,Columbia Airport CA US,38.02804,-120.41019
186806,John Born Road CA US,39.25697,-121.23083
186809,Wayland Road CA US,39.72659,-121.637
186821,La Rocca CA US,39.85529,-121.66035
187028,FW5766 Cloverdale CA US,38.79967,-123.0175
187096,East Side Road CA US,38.65703,-122.22901
187099,Carson Drive CA US,38.43324,-120.57933
187102,Mountain Ranch Road CA US,38.21639,-120.55454
187446,Soda Springs CA US,39.321,-120.37896
187447,Deer Creek Highway CA US,39.84556,-121.69442
187451,Diamond Ranch Road CA US,39.57468,-122.6032
187533,Mono Way CA US,38.18482,-120.0129
187537,Round Valley Road CA US,39.8374,-122.63063
187542,Confidence Road CA US,38.02869,-120.20741
187546,Sills Lane CA US,39.47484,-121.24633
187561,Armstrong Road CA US,38.23536,-120.44913
187636,FW5892 Soda Springs CA US,39.307,-120.38217
187661,Shady Grove Road CA US,38.71391,-122.61487
187667,French Town Road Alt CA US,39.38936,-121.25855
187669,Loma Rica Road CA US,39.33073,-121.36316
187670,Mace Road CA US,38.75451,-120.65437
187754,KN6DHD Elk Grove CA US,38.40967,-121.34583
187781,Stone Ridge Drive CA US,38.56717,-122.46167
187783,Healdsburg Hill CA US,38.64986,-122.75877
187785,Wild View Way CA US,38.52354,-122.67535
187787,Nelligan Road CA US,38.38857,-122.52252
187788,Mendocino Pass ALT CA US,39.83261,-123.0883
187790,Fair Play Road CA US,38.59413,-120.69144
187791,Pickett Road CA US,38.58775,-122.55471
187807,Warm Springs Ranch CA US,38.66523,-123.0777
187821,Mohrhardt Ridge Tower CA US,38.57758,-123.15934
187849,Signal Peak CA US,39.30878,-123.05527
187868,Mathison Peak CA US,39.27195,-123.69243
187871,Sweetwater Springs Road CA US,38.53719,-122.89536
188282,Ten Mile Cutoff Road CA US,38.86919,-123.59068
188311,Highway 162 CA US PGE,39.58987,-122.45331
188639,Mills Ave CA US PGE,38.196,-120.65243
188774,Chico-North (Wanink) CA US MISC,39.77663,-121.83146
189043,FW6305 Pittsburg CA US,38.01283,-121.9015
189045,Bear Valley Town,38.4645,-120.0415
189264,DW2103 Antioch CA US,39.04017,-119.82383
189447,EW4771 Potter Valley CA US,39.343,-123.058
189457,FW6369 Santa Rosa CA US,38.503,-122.74617
189540,FW4472 Saint Helena CA US,38.54033,-122.48017
189549,WWG Office Chico CA US MISC,39.75321,-121.8464
189556,Hot Springs Road CA US PGE,38.78259,-123.03321
190497,Mount Olive Road CA US PGE,39.14375,-120.98124
191295,FW6859 Woodland CA US,38.69033,-121.76833
196310,Troost Trail CA US PGE,39.32429,-121.16798
197627,Coldwater Creek Road CA US PGE,38.83461,-122.88068
197773,Frenchtown CA US PGE,38.62799,-120.93767
197776,Musgrove Creek NV US,39.22727,-119.84814
197778,Virginia Highlands NV US,39.3769,-119.64832
197780,Franktown Creek NV US,39.27412,-119.84138
197962,Shake Ridge Road CA US PGE,38.44318,-120.73345
197971,Hobart Mills CA US,39.40898,-120.19495
198225,Branscomb Road CA US PGE,39.65167,-123.52761
198229,Incline Village (Mill Creek) NV US,39.23874,-119.92229
198230,Incline Village (Fairview Blvd) NV US,39.26177,-119.9382
198231,Genoa NV US,39.00558,-119.8475
198261,Boyes Creek Canyon CA US,39.34053,-123.16349
198263,Deerwood CA US,39.19772,-123.15992
198264,Feather River College CA US,39.94587,-120.9697
198266,North Cow Mountain CA US,39.1796,-123.08
198267,Potter Valley North CA US,39.36126,-123.11321
198268,Skyline Harvest CA US,39.47097,-121.09167
198444,Thomas Road CA US PGE,38.45645,-122.90642
198447,Hardin Road CA US PGE,38.59935,-122.3678
198452,Burdell Mountain CA US PGE,38.145,-122.59347
198465,Zephyr Cove NV US,38.9927,-119.94072
198466,Kingsbury Grade NV US,38.97121,-119.91328
198469,South Daggett Pass (Ridge) NV US,38.96553,-119.88718
198517,Cool CA US PGE,38.89528,-121.01135
198520,Morgan Valley Road West CA US PGE,38.88565,-122.53265
198526,West Incline Village CA US NV-ENERGY,39.25839,-120.01069
199204,Riverside Dr,39.05363,-123.14869
199249,9th Ave,38.54383,-121.48907
199565,Burnside Ave,38.37315,-121.4155
199753,AC James,38.17039,-122.2562
200096,Bunkhouse Way,38.51041,-121.54621
200129,Cosgrove Creek CA US PGE,38.23197,-120.79945
200137,Incline Village (Diamond Peak) NV US NV-ENERGY,39.24905,-119.91917
200253,Combination Rd,39.39044,-119.65934
200740,Olivehurst Way,38.43515,-121.44456
200775,Mariemont Ave,38.58997,-121.36116
200975,Middle Camp Rd,38.04947,-120.2401
200995,Five Creek Rd,38.89095,-119.82942
201690,Flycatcher Dr,39.65552,-119.72583
201808,Vineyard Rd,38.46463,-121.31707
201955,Crystal Heights PWS,38.75174,-120.78701
202128,W Dry Creek Rd,38.66636,-122.96003
202341,Blackstone,38.61932,-121.03674
202363,Robb Dr,39.54799,-119.89345
516837,Celese Cir,39.42805,-119.77856
516919,Drum Forebay CA US PGE,39.25326,-120.74892
516920,Humboldt Highway 175 CA US PGE,38.91838,-122.77188
516921,Montgomery CA US PGE,38.39442,-122.45833
517376,Lakeshore Dr,38.22794,-122.14141
517597,Ponderosa Dr,38.58824,-122.43887
517622,Yount Mill Rd,38.42334,-122.38719
517846,Centerville Road CA US PGE,39.8226,-121.64123
517855,Humboldt Eagle Rock Red Bud CA US PGE,38.8479,-122.77871
518216,Solano Dr,38.43672,-122.69428
518643,Los Alamos Road CA US PGE,38.48555,-122.6014
518829,Dollar Point,39.18634,-120.10279
519090,Esmeralda Road CA US PGE,38.15504,-120.5307
519598,Doty Flat CA US PGE,38.90872,-121.15174
519601,Yorkville Highway 128 CA US PGE,38.90899,-123.23179
519606,Stoetz Lane CA US PGE,38.44557,-122.95445
519608,Fountain Grove CA US PGE,38.49704,-122.69621
519610,7201-Alpine Meadows CA US LIBERTY,39.18169,-120.22144
519623,New Bullards Bar Dam CA US CW3E,39.39636,-121.14377
519809,Indian Cliffs Dr,39.83068,-121.83319
519813,Bennett Valley Rd,38.41322,-122.64433
520166,Wolf Mountain CA US PGE,39.14052,-121.09481
520171,Comanche Parkway CA US PGE,38.19527,-120.92988
520174,Piercy CA US PGE,39.96314,-123.79156
520176,Mears Road CA US PGE,38.95071,-121.16873
520179,Quail Canyon Road CA US PGE,38.47195,-122.0556
520181,Shamrock Lane CA US PGE,39.63375,-123.46458
520182,Dutcher Creek Road CA US PGE,38.76048,-123.00017
520183,Poonkinney West CA US PGE,39.73264,-123.30558
520457,Three Pines Studios,39.30849,-120.93792
520897,Country Downs CA US PGE,39.20884,-121.17321
520898,Missouri Flat CA US PGE,38.69097,-120.8301
520899,Vichy Springs CA US PGE,39.16239,-123.20956
520901,Maidu Drive CA US PGE,38.7896,-120.70686
520902,McCourtney Road CA US PGE,39.12142,-121.14744
520907,Bachelor Valley Road CA US PGE,39.1847,-122.9531
520908,Ricetti Lane CA US PGE,39.24247,-123.16925
520922,Sonoma Brooks Road CA US PGE,38.57587,-122.79524
520991,Guthrie Road CA US PGE,39.50174,-123.72945
521028,John McKinney,39.28684,-120.14747
521249,Twin Sisters Road CA US PGE,38.30414,-122.16224
521250,Foresthill Road South CA US PGE,38.97386,-120.90608
521255,Road 110 CA US PGE,38.94427,-123.17772
521256,7400-Glenshire CA US LIBERTY,39.35208,-120.09745
521272,Indian Hill Road CA US PGE,38.87286,-121.09998
521328,Dartmouth Dr,38.64372,-121.35786
521361,Greens Ct,38.83414,-121.23081
521460,Sunrise Way,38.11563,-122.20265
521599,Spring Gap CA US PGE,38.16801,-120.10298
521607,Skaggs Hill CA US PGE,38.67111,-123.19447
521642,Long Barn CA US PGE,38.13141,-120.11951
521700,South Main Street CA US PGE,38.0589,-120.5344
521709,Hopland CA US PGE,38.97789,-123.1129
521713,Hobart Sub CA US LIBERTY,39.39921,-120.14992
521714,TAH7300-Homewood CA US LIBERTY,39.08579,-120.16106
521794,Eleanor Ave,38.45318,-122.69312
521795,Rollo Rd,38.39446,-122.59621
521842,Worchester Way,38.41591,-121.44448
521843,Yellow Wood Rd,39.77067,-121.49838
522487,Kincade Pl,38.35069,-122.67719
522647,Noble Ranch Rd,38.83691,-122.55473
522739,FW8247 Truckee CA US,39.35433,-120.09133
522780,MEY3500-STPD Office CA US LIBERTY,38.9216,-119.971
522781,TRK7202-Cabin Tree CA US LIBERTY,39.29201,-120.2152
522789,Henness Pass CA US PGE,39.51123,-120.84487
522903,Labath Ave,38.35258,-122.722
523227,Robles Ave CA US PGE,38.39464,-122.7134
523233,Suisun Valley Road CA US PGE,38.26512,-122.11131
523234,Joyce Lane CA US PGE,38.30488,-122.13917
523236,6 Mile Road CA US PGE,38.10602,-120.49449
523237,Valley View Street CA US PGE,38.49419,-122.46918
523238,Sulphur Springs Ave CA US PGE,38.48801,-122.45957
523239,Second Ave - Napa CA US PGE,38.30253,-122.24369
523241,Armstrong Road CA US PGE,38.21008,-120.45698
523242,Wooden Valley Cross Road CA US PGE,38.32346,-122.12656
523245,Soscol Creek Road CA US PGE,38.23971,-122.26621
523246,Pleasant Valley Road - Nevada CA US PGE,39.3054,-121.15319
523247,Quinn Place CA US PGE,38.78139,-121.16324
523253,KG5SWO Angels Camp CA US,38.06383,-120.65317
523355,Tempest 1,38.96679,-119.92881
523360,Olivet Rd,38.45447,-122.81032
523459,Wild Horse Valley Rd,38.29288,-122.23484
523488,Christmas Tree Ln,39.21605,-120.96357
523604,Silverado Trail CA US PGE,38.41731,-122.337
523609,McCourtney Road CA US PGE,38.96415,-121.2744
523615,FW7520 Sonoma CA US,38.241,-122.41333
523670,Rural Nipomo,38.67715,-121.113
524005,Central Silverado CA US PGE,38.4613,-122.36675
524399,Buffalo Ranch CA US PGE,39.22884,-123.10781
524407,Clay Bank Road CA US PGE,38.28672,-122.00226
524428,Humboldt Cherry Creek CA US PGE,39.60209,-123.42232
524429,Wheelbarrow Ranch Road CA US PGE,39.49838,-123.33649
524609,Voight Canyon Dr,39.04434,-119.8176
524784,Old Ornbaun Hot Springs CA US PGE,38.91476,-123.30637
524786,Oroville Spring Hill CA US PGE,39.60589,-121.53117
524835,Rising Glen Rd,38.00023,-122.29803
524953,Iron Mountain Dr,39.09283,-121.17536
525147,Arrowhead Hills CA US PGE,38.27105,-122.38747
525150,Deer Creek CA US PGE,39.26031,-120.77447
525151,Sherwood Road North CA US PGE,39.58596,-123.46921
525157,MUL1296-Markleeville CA US LIBERTY,38.69462,-119.78068
525162,Moreheart Ridge CA US PGE,39.55202,-121.17002
525282,Cantamar Ct,39.57143,-119.70773
525793,Thomas Rd,38.61875,-122.74369
525890,Leak Lane CA US PGE,38.81952,-121.14893
526158,Old French Town Rd,38.65524,-120.90319
526633,Wikiup Bridge Way CA US PGE,38.51615,-122.73661
526699,Serene Rd,39.30064,-120.38265
527287,Clark Tunnel Road CA US PGE,38.87161,-121.17941
527358,Rio Poco Rd,39.48406,-119.7554
527630,Summit Ridge Way,38.90269,-119.84455
527781,W Dry Creek Rd,38.62247,-122.89948
527999,Elizabeth,38.03251,-120.28255
528051,Secret Ravine Trail,38.90588,-120.94031
528173,Laguna Road CA US PGE,38.48322,-122.85216
528252,Rd 94C,38.65898,-121.86312
529015,Stone House Road CA US PGE,38.8947,-121.09023
529531,Gordon Ln,39.30423,-119.53569
529583,Altair Ln,39.42961,-119.70365
530200,Georgia Ct,38.36514,-122.68109
530392,Manhattan Way,38.90514,-119.75073
530780,Brookfield Dr,39.54009,-119.82742
531198,Los Amigos Rd,38.57298,-122.83177
531367,K9JM Grass Valley CA US,39.11333,-121.05217
531951,Deer Spring Cir,38.69237,-121.00139
532082,Dry Creek Rd,38.40046,-122.42102
532215,Beverly Way,38.93617,-119.84199
532723,Farrel Road CA US PGE,38.79634,-121.99805
532724,Pope Valley Road CA US PGE,38.63439,-122.44785
532948,Desert Hills Dr,39.57313,-119.70966
532961,London Way,38.33198,-122.47611
533209,FW9018 Grass Valley CA US,39.2269,-121.09325
533215,FW9048 Roseville CA US,38.741,-121.34367
533625,Schaad Ln,39.22154,-119.58932
533663,Sanchez St,38.04102,-120.62706
534147,Errante Dr,38.69219,-121.06063
534250,Anthony Ct,38.29137,-122.47541
534256,Belmont Way,38.00187,-122.31453
534285,Doster Rd,38.24299,-120.61557
534328,baleme,39.51252,-119.9009
534557,Pyramid York,39.55279,-119.7526
534623,FW9150 Long Barn CA US,38.15467,-120.05083
534684,Cothrin Ranch Rd,38.59534,-120.97013
534718,Wild Oat Way,38.77171,-121.34441
534730,Santa Cruz County,38.3763,-121.4548
535245,CA-128,38.88014,-123.09843
535569,Foothill Rd,38.90451,-119.82925
535858,Confluence Ln,38.08294,-120.4546
536190,Elizabeth Way,39.14619,-121.04472
536510,FW9304 Pollock Pines CA US,38.75583,-120.5655
537045,Snowbird Loop,39.06964,-120.1521
537076,FW9354 Verdi NV US,39.52383,-119.9975
537215,Northview Rd,39.36464,-123.38772
537453,Wolf Rd,39.07151,-121.1346
537570,Rutherford Canyon Rd,38.78953,-121.18009
537747,Alder Creek Rd,39.36298,-120.2481
538001,Mann Rd,38.18002,-121.21346
538048,Willits Fort Bragg CA US PGE,39.3204,-123.29971
538145,Silverado Dr,39.10463,-119.78304
538231,Troon Ct,38.34312,-122.26024
538467,Pepperwood Dr,38.78299,-123.02273
538574,School Street CA US PGE,39.03904,-120.7357
539326,Noyes Ranch Road CA US PGE,38.76699,-122.49576
539330,FW9226 Arnold CA US,38.25792,-120.33295
539739,Fish Rock Rd,38.82771,-123.56706
539907,FW9598 Boyes Hot Springs CA US,38.309,-122.481
539911,Fort Bragg CA US PGE,39.39597,-123.80101
539916,Dry Creek CA US PGE,38.68616,-122.93852
539917,Lower Chemise Road CA US PGE,38.64723,-122.94703
540104,Foresthill Rd,38.94719,-120.97465
540392,Laughlin Road CA US PGE,38.5124,-123.00724
540396,Pleasant Valley Lane CA US PGE,38.38326,-122.025
540399,Pentz Road CA US PGE,39.71208,-121.57196
540402,Van Tam Way CA US PGE,39.17855,-121.11248
540403,Meadow Valley Road CA US PGE,39.36618,-121.22985
540439,Baywood Way CA US PGE,39.33265,-123.34122
540548,Del Mar Dr,39.04911,-119.74967
540855,Whitehall Ln,38.46625,-122.46212
540927,Le Vin CA US PGE,38.89258,-123.11889
540928,Ridge Road - Lake CA US PGE,38.95256,-122.95661
540982,Browns Valley School CA US CW3E,39.23586,-121.40621
541201,Maple Leaf Trail,39.53995,-119.93433
541509,Shake Ridge Road North CA US PGE,38.48268,-120.60401
541512,Browns Valley CA US PGE,39.22394,-121.42246
541513,Vista Robles CA US PGE,39.4189,-121.50937
541555,Charleston Road CA US PGE,38.46223,-120.65077
541651,Silver Fir Dr,39.31561,-120.18417
541995,Butler Ranch Road CA US PGE,39.06675,-123.19768
542060,Cooley Ranch CA US PGE,38.7905,-123.11554
542206,PNF33 PORTABLE CA US,39.48611,-121.22583
542704,FW7206 Reno NV US,39.40683,-119.74033
542866,Castle Rock CA US PGE,38.42412,-122.59419
542867,Railroad Flat Road CA US PGE,38.32591,-120.51951
543766,Finches Roost,38.52197,-122.70283
543910,FW8683 Woodland CA US,38.68317,-121.7785
543932,Atlantic Gold Hill CA US PGE,38.65784,-121.13499
543934,Francis Lane CA US PGE,38.82209,-122.54385
543936,East Hill Road CA US PGE,39.39504,-123.30291
543937,Philo-Hopland CA US PGE,39.10786,-123.15702
543939,Branscomb Road West CA US PGE,39.65236,-123.62415
543940,Whitehall Lane CA US PGE,38.46528,-122.48046
543941,Kelsey Canyon Road CA US PGE,38.78572,-120.8254
543942,Hidden Ranch Road CA US PGE,39.02408,-121.08861
544389,Briggs Ranch Road CA US PGE,38.65218,-122.73614
544391,Felix Hill CA US PGE,38.02065,-120.70528
544398,Aetna Springs Road CA US PGE,38.65368,-122.49047
544402,Elk Mountain Road CA US PGE,39.24673,-122.95059
544840,FW9917 Glenbrook NV US,39.08817,-119.93183
544843,FW9934 Pollock Pines CA US,38.75983,-120.575
544853,Pentz Valley CA US PGE,39.66757,-121.58076
544854,Fort Ross Sub CA US PGE,38.53987,-123.22372
544856,Humboldt 140 CA US PGE,38.88532,-122.46886
544860,Mays Canyon Road CA US PGE,38.48602,-122.97127
544987,Dorchester Dr,39.52474,-119.96565
545601,CA-128,38.43377,-122.18288
545717,Sierra Country Cir,38.91728,-119.83706
545722,Old Coach Rd,38.32114,-122.2655
545823,Boulder Springs Ct,39.67318,-119.99816
545866,Shellenger Road CA US PGE,38.79745,-122.95624
545918,Bordeaux Ct,39.35555,-119.82204
545954,N7UAL,39.17976,-119.75251
546067,Sandy Cove Dr,38.02306,-122.2523
546250,Delwood Way,38.62212,-121.37115
546451,Central Gulch CA US PGE,39.22526,-123.20861
546460,Riviera Estates CA US PGE,38.99029,-122.74395
546463,Mayberery CA US PGE,39.55752,-121.43071
546464,Yankee Hill CA US PGE,39.69703,-121.525
546568,Broadview Drive CA US PGE,38.98968,-122.75725
546957,Hickman Pass Rd,39.0881,-121.00805
547213,Lower Pine Mountain CA US PGE,38.83775,-123.00675
547454,Agua Caliente,38.32507,-122.47903
547482,Edelweiss Ln,39.14989,-120.1524
547646,Mule Deer Cir,38.88551,-120.03913
547707,Humboldt Cave Creek Road CA US PGE,39.38097,-123.21181
547708,Laytonville Dos Rios Road CA US PGE,39.70599,-123.36371
547710,Center Gap Road South CA US PGE,39.75983,-121.67966
548189,Excelsior Road CA US PGE,38.71649,-120.80379
549048,Upper Lake Sonoma CA US PGE,38.74692,-123.11847
549049,Harville Road CA US PGE,38.48943,-122.66656
549051,St. George Road CA US PGE,38.71426,-122.84105
549053,Caswell Road CA US PGE,38.7448,-120.83611
549134,Snaffle Bit Home,38.94992,-119.74876
549181,Dry Creek Rd,38.70413,-122.95417
549469,Old Sacramento Road CA US PGE,38.48539,-120.91375
549570,Poverty Lane CA US PGE,38.37846,-120.50016
549574,Passalaqua Road CA US PGE,38.6513,-122.84551
549576,Camp Nine Road CA US PGE,38.15702,-120.38492
549578,Yankee Jims Road CA US PGE,39.03122,-120.86296
549680,Meeks Bay,39.02461,-120.12
549757,Buck Institute BldgA roof,38.13357,-122.57287
549762,Verdi Vista Ct,39.53655,-119.94814
549940,Ridgeway Hwy,39.42455,-123.13998
550245,Daffodil Cir,38.08909,-122.20304
550467,GW0254 Incline Village NV US,39.2565,-119.98233
550472,GW0346 Loomis CA US,38.80717,-121.11733
550834,KN6IKM Volcano CA US,38.4965,-120.57817
550842,GW0390 Sonoma CA US,38.29217,-122.43233
551656,Holcomb Ranch Ln,39.44353,-119.7774
551707,GW0434 Calpine CA US,39.6665,-120.42633
551717,Alexander Valley Rd CA US PGE,38.65385,-122.83901
551718,Ignacio EMS CA US PGE,38.0769,-122.54208
551722,Lone Barn Road CA US PGE,38.5982,-120.75664
551724,Norbom Rd CA US PGE,38.33556,-122.44453
551727,Livingston Lane CA US PGE,38.66061,-120.75016
551756,Vista Grande Dr,38.51338,-122.74681
552013,Midland Way,38.72496,-120.81522
552271,Drivers Flat Road CA US PGE,38.95864,-120.95367
552519,Lower Hogan Dam CA US PGE,38.11955,-120.8014
552817,Carbondale Road CA US PGE,38.45022,-120.96385
552878,Morales Ranch Road CA US PGE,38.56612,-120.84806
552897,Badger Ct,38.48093,-122.66616
552948,Main St,39.66272,-120.44987
554034,Lovall Valley Road CA US PGE,38.29941,-122.39769
554035,Bailinquick Road CA US PGE,38.07087,-120.64982
554228,TNF04 PORTABLE CA US,39.17006,-120.40889
554433,Dry Creek Rd,38.65499,-122.91947
554478,Kelsey Creek Road CA US PGE,38.93437,-122.85094
554480,Anderson Valley Highway CA US PGE,39.04561,-123.40469
554484,Bear Cub Circle CA US PGE,39.6222,-121.39235
554485,Big Ridge Road CA US PGE,39.60458,-121.37565
554704,Montreux Ln,39.36347,-119.83324
554726,Wheeler Rd,39.78185,-121.5723
554888,Mendocino EMS CA US PGE,39.25168,-123.1989
554918,Portola CA US CW3E,39.8175,-120.4969
555212,Grove St,38.79016,-121.23209
555268,Gregg Pl,38.06937,-122.56366
555562,Benham Way,38.50484,-121.55598
555618,Stonegate CA US PGE,38.44917,-122.61374
555619,Sink Road CA US PGE,38.82361,-123.02868
555632,DEERWOOD CA PSD,39.2,-123.16
555633,FEATHER RIVER COLLEGE CA PSD,39.95,-120.97
555635,SKYLINE HARVEST CA PSD,39.47,-121.09
555952,Muse Way,38.28461,-122.00342
556056,Lakeside Dr,38.91227,-119.83427
556089,Christensen Rd,38.27942,-122.65504
556122,GW0714 Auburn CA US,38.96217,-121.05517
556525,KI6PPU Rescue CA US,38.75417,-120.97717
556527,GW0751 Occidental CA US,38.4275,-122.93083
557046,Railroad Flat Road South CA US PGE,38.25333,-120.51472
557257,Yosemite Dr,39.75103,-121.78197
557609,Nestle Ct,39.36183,-119.82941
557663,Quartz Dr,38.6329,-120.85622
558402,Walls Way,38.69877,-120.70172
558581,GW0871 Twain Harte CA US,38.04717,-120.22333
558739,River Rd,39.2378,-119.84776
559017,Escalero Rd,38.4706,-122.64398
559030,Oakmont (East),38.42372,-122.57844
559199,Crystal Springs Rd,38.74861,-120.65188
559397,Country Club Dr,39.04796,-119.76043
559583,Erin Dr,38.93762,-121.08134
560131,Moss Creek Ct,39.63029,-119.90727
560276,Mt George Ave,38.33025,-122.23643
560279,Elbert Way,38.68185,-121.34212
560663,W Dry Creek Rd,38.64414,-122.92201
561019,GW0946 Virginia City NV US,39.3865,-119.65133
561021,GW0959 Placerville CA US,38.5815,-121.49433
561033,Gericke Road CA US PGE,38.2853,-122.88709
561139,Divot Rd,39.17647,-119.71831
561254,Empire Creek Cir,38.90039,-120.84675
561381,Marine Ave,38.95753,-122.04636
561391,Creekview Ct,38.25964,-122.62513
561457,Cerro Vista Dr,38.61866,-121.06506
561487,Windflower Point,39.00765,-122.72772
562243,Callahan Rd,39.37006,-119.81757
562253,Rancho Cir Dr,39.64882,-120.22239
562945,Paris Ave,39.38732,-119.81592
563019,Likens Ln,39.7313,-121.63474
563080,GW1055 Auburn CA US,38.94583,-121.17317
563297,Highland Ave,38.55132,-121.48236
563504,Wykoff Dr,38.35766,-122.01586
564094,GW1193 Point Reyes Station CA US,38.07167,-122.80683
564335,Dry Creek Rd,38.67348,-122.94119
564419,Edgemore Ave,38.66132,-121.49653
564444,Keystone Dr,38.62152,-121.03873
565497,Partrick Rd,38.31387,-122.37209
565652,Pine Flat Rd,38.67836,-122.80219
565716,Miguelita Rd,39.73023,-121.77725
566068,Donner Trail Elementary CA US DRI,39.31583,-120.45555
566951,CA-4,38.44589,-120.06673
567172,Gurley Ln,39.31482,-123.78316
567276,Las Pavadas Ave,38.00827,-122.55694
567277,Kibbie Lake Way,38.559,-121.2077
567611,Jewell Ave,38.36456,-122.80688
567818,Big Pine Dr,39.14913,-120.16441
567835,GW1516 UKIAH CA US,39.13167,-123.14733
569258,Point Lakeview Road CA US PGE,38.95255,-122.70544
569749,E Commerce Way,38.67356,-121.53645
569773,Watertrough Rd,38.38145,-122.84327
569870,Arnold Dr,38.25073,-122.47601
569996,Main St,38.99306,-119.16277
570018,Chaparral Cove CA US PGE,38.61576,-122.28975
570019,Laytonville Valley Drive CA US PGE,39.69687,-123.52597
570020,Pleasure Cove CA US PGE,38.45138,-122.15204
570200,Stanford Ln,39.62749,-121.77962
570507,Brentford Way,38.62195,-121.0433
570924,Dunbar Rd,38.38561,-122.5209
570976,Kingmont Ct,38.82248,-121.11623
571031,Cloverdale Peak Rd,38.86481,-122.98075
571124,Riata Cir,39.39899,-119.73212
571223,Ukiah IDSM CA US PGE,39.14336,-123.19214
571258,Rockpile Rd,38.73695,-123.09129
571330,Montridge Way,38.66432,-121.08802
571400,Anderson Rd,38.95019,-122.65609
571464,Patrick Ct,38.94973,-119.65988
571953,GW1849 RENO NV US,39.39867,-119.80333
572096,Cimmaron Cir,38.68303,-121.15613
572255,Clarke Farms Dr,38.41237,-121.33912
572342,Marcum Rd,38.89621,-121.55884
572362,Oyster Bay Ave,38.55824,-121.79017
572530,Summit Ridge Dr,39.26393,-120.90781
572726,Lower Bucks Lake Tower CA US PGE,39.90248,-121.24978
572999,Eagle Creek Ct,38.70231,-121.19255
573393,Birchville Road CA US PGE,39.3183,-121.13202
573760,Ferguson Rd,38.40651,-122.8648
574110,GW1961 GRASS VALLEY CA US,39.2155,-121.055
574121,Kelsey Creek CA US PGE,38.91123,-122.86701
574335,Drake Way,39.28717,-119.75613
574436,Modena Dr,38.01633,-121.97511
574573,Piedmont Ct,38.47886,-122.65192
574681,Amnest Way,38.67982,-121.49387
574798,Orange Blossom Ln,38.01188,-122.54777
575315,Wade St,39.02982,-119.72209
575705,N 455 E Rd,39.35775,-112.56496
576109,E Spain St,38.29305,-122.45333
576943,Del Mar Way,39.27017,-121.2041
576963,Shaingra-la,38.41249,-120.69335
577041,Brewer Rd,39.09454,-121.05132
577057,Holly Dr,38.01185,-122.55029
577172,Walnut Ln,38.5322,-121.96827
577357,Mar Vista Dr,39.33404,-123.81678
577725,Sierra Bald Mountain Lookout CA US PGE,38.90401,-120.7052
577726,Sierra Highway 20 CA US PGE,39.30645,-120.67858
577797,Highway 20 Lake CA US PGE,38.99467,-122.55044
577869,West Verdi Peak CA US NV-ENERGY,39.54958,-120.03802
578121,Estee Ave,38.34169,-122.27573
578536,Morning Sun Ln,39.07938,-121.0005
578666,St. Helena IDSM CA US PGE,38.49973,-122.46018
578671,Diamond Springs CA US PGE,39.60712,-121.07523
578808,Pelican Way,38.24514,-121.99115
579281,Fittleworth Way,38.45389,-121.35552
579514,Amoroso Pl,38.54139,-121.69867
579574,Ravenwood Ave,38.61192,-121.36183
579659,Diamond Ave,39.70894,-121.8363
579858,Fitzpatrick Ln,38.38865,-123.00662
579964,Goldenleaf Ct,38.17536,-120.82763
580671,Roanoke River Ct,38.62289,-121.27527
580698,Corte Granada,38.37492,-122.00784
580835,Lighthouse Dr,38.1203,-122.27413
580850,La Mirada Rd,39.32078,-120.03838
580888,Zinfandel Dr,38.11181,-121.29047
581032,Ives Ave,39.54856,-119.84142
581234,Lone Oak Ln,38.36123,-122.79543
581251,SRFD STATION 1 CA US,38.44028,-122.70417
581252,SRFD HARVILLE ROAD CA US,38.49028,-122.66139
581594,SRFD NEWGATE COURT CA US,38.4925,-122.69944
581842,Tahan Ln,38.65045,-121.22832
581847,Bald Eagle Dr,38.38888,-121.98044
581930,SRFD LOS ALAMOS ROAD CA US,38.47209,-122.62358
581931,SRFD WHITE OAK DRIVE CA US,38.42167,-122.59917
582010,Oak Hollow Rd,38.73114,-122.97266
582092,Crow Creek,38.24092,-121.30303
582168,Strawberry CA US PGE,38.79541,-120.14757
582169,Mill Creek Road CA US PGE,38.60293,-122.90434
582175,Sunrise Drive CA US PGE,38.08374,-120.16294
582176,Forest Hill Sub CA US PGE,39.01954,-120.83142
582212,Christy Way,39.49436,-119.87481
582406,Bardy Rd,38.39858,-122.59885
582486,Silverado Trail N,38.5752,-122.51971
582499,Canyonlands Way,39.44644,-119.74094
582808,Granite Dr,39.33945,-120.18571
582849,Fox Hill Pl,38.48352,-122.68895
582906,Champion Pl,38.35415,-121.93613
582953,Radcliffe Dr,39.50735,-119.7877
583399,AUSTIN CREEK--russian river (ACS CA US MTRWFO,38.56389,-123.01444
583586,Chicago Park ,39.14547,-120.96159
583834,Hearst Rd,39.41309,-123.33799
584100,Sleepy Hollow Rd,38.63766,-120.96754
584273,Roche Dr,39.46523,-123.33405
584291,GW2602 Vacaville CA US,38.3575,-122.00017
584318,Vallejo IDSM CA US PGE,38.16668,-122.25359
584699,Ellsworth Cir,38.65005,-121.30205
584867,Sierra Dr,39.32619,-120.2295
585121,Hawks Beard,38.29716,-122.54104
585291,GRINDSTONE CREEK NEAR GRINDSTONE CA US,39.67917,-122.53056
585292,STONY CREEK NEAR GRIZZLY FLAT CA US,39.73167,-122.41389
585301,STONY CREEK NEAR SUWANNA RANCH ( CA US,39.49722,-122.51389
585332,TAMARACK BURN 2021 DWR POST FIRE CA US,38.74472,-119.85222
585462,LOWER BATH HOUSE (SFSU FIELD CAM CA US,39.62417,-120.57778
585494,Elkhart St,38.67729,-121.51429
585583,Congress Valley Rd,38.28689,-122.33803
585823,Elm Ave,38.69465,-121.23705
585921,Silverado Trail,38.39835,-122.32455
586628,Kings Canyon Rd,39.15623,-119.81288
586796,Chico IDSM PGE,39.71174,-121.81374
586808,GW2730 Monte Rio CA US,38.46967,-123.012
586842,Julie Ln,38.91678,-120.02066
586874,Grand Pheasant Ln,38.855,-121.25219
586908,Cameron Rd,38.64178,-120.97495
587325,Alma Vista Way,38.48776,-121.50861
587547,Germone Rd,38.38812,-122.84299
587552,Grant St,38.58804,-122.58855
587789,Cromwell Ln,38.40882,-121.98151
587827,Radiant Wy,38.77406,-121.37753
587906,W Saddlebow Dr,39.39346,-119.80462
587955,Sacramento IDSM CA US PGE,38.54604,-121.407
587956,Sonoma IDSM CA US PGE,38.27154,-122.45882
587957,Auburn IDSM CA US PGE,38.95215,-121.07644
587961,STL3101 Ledge Ct. CA US LIBERTY,38.94305,-119.93573
587992,Lynwood Ct,38.6206,-121.04931
588131,Pleasant Dr,38.38916,-120.80498
588258,Kokanee Dr,39.52573,-121.46509
588297,Donner Way,38.65588,-121.77165
588439,Bossa Nova Way,38.75589,-121.38134
588444,Canal Dr,39.58034,-119.23048
588504,Sexton Rd,38.38907,-122.87423
588759,N Shore Dr,38.81673,-122.57058
588827,Palmyra Dr,38.66066,-121.28054
588866,JC&#39;s    Miwok Park Hill Tempest,38.11419,-122.60016
588962,Ridgeview Cir,38.86652,-121.094
589261,Holton Ct,39.01447,-119.84198
589380,Conchita Ct,38.10303,-122.61071
589544,Royal Windsor Ct,39.40129,-119.73334
589766,Crest Haven Dr,38.61354,-121.39293
589797,Rich Cir,38.31638,-121.9464
589830,Canyon Dr,38.36076,-122.2588
589860,Cactus Quartz Ct,39.59085,-119.68916
590292,McKenzie Bridge,38.31377,-122.48444
590314,Valley West,38.43219,-122.76779
590316,Honey Bear Rd,39.0743,-121.2086
590431,K6PDT ANGELS CAMP CA US,38.074,-120.56317
590433,Hot Wheels Lift-Top,39.1537,-120.23409
590526,Prince Ave,38.62288,-122.86629
590538,Rogina Hieghts,39.14742,-123.17293
590835,Spring Mountain Rd,38.52611,-122.55219
591193,Galena Dr,38.62904,-120.84882
591228,K7WBM RIO RANCHO NM US,39.48333,-118.86533
591317,Keith Hopkins Pl,39.76907,-121.83308
591322,Sweetwater Springs Rd,38.53654,-122.90173
591581,Spring Mountain Rd,38.5062,-122.48013
591732,Northridge Dr,38.73793,-120.80339
591733,W Ranch Ln,38.43827,-122.01183
591740,CA-88,38.43195,-120.56773
591764,Church St,38.06513,-122.17858
591765,Valley View Rd,38.70106,-120.97495
591821,Stewart Mine Rd,38.77678,-120.83492
591845,Spring Creek Dr,38.44158,-122.68504
591909,Brookline Dr,38.05978,-122.52396
591941,GW2963 Novato CA US,38.11051,-122.59595
591989,Westbury Cir,38.67351,-121.12173
592149,Pine St,39.3075,-123.79566
592202,Gloria Dr,38.49354,-121.5396
592467,English St,38.52349,-118.6294
592492,Napa Shore Dr,38.22505,-122.14449
592552,Elderberry Ct,39.11873,-121.55957
592735,McKinney Diggins Rd,38.23151,-120.50358
592859,Adrian Ct,38.33889,-122.70467
593304,KCAWESTS73,38.53927,-121.58086
593437,County Rd S,39.64814,-122.10448
593564,Heathfield Pl,38.49165,-122.69416
594463,Vista Del Monte,38.87462,-121.07188
594882,Oakwild Ln,38.47598,-122.82244
594892,Alcorn Rd,39.4742,-118.86038
595389,Cypress St,38.2925,-122.30713
595877,Covey Rd,38.48714,-122.89073
595906,Rush River Dr,38.48986,-121.53863
595968,San Antonio Rd,38.17075,-122.65128
595975,Hill Rd,38.35766,-122.5323
596120,Sky Hawk Rd,38.79884,-121.03513
596409,Sisley Rd,38.85839,-121.16325
596436,CA-1,38.14126,-122.87447
596440,Green Grove Ln,38.77751,-121.34184
596531,Mendocino Dr,39.14301,-123.21444
596630,Willow Wood,38.48446,-121.42003
596937,Feather Ave,39.50696,-121.60872
596944,Ivy Ln,38.2431,-122.6117
597050,Ward Blvd,39.51671,-121.48708
597083,Valley View Dr,38.42977,-122.67876
597186,Hearst Castle Way,38.5586,-121.19596
597921,Gumview Rd,38.55616,-122.83904
597965,Salt Pt Wy,38.55587,-121.18778
598042,Gabilan Way,38.62783,-121.35786
598087,GW3349 Vacaville CA US,38.36833,-121.99533
598339,Ventana Pkwy,39.42499,-119.79668
598814,CA-128,38.59444,-122.61598
598817,Shasta Way,38.62249,-121.39505
599093,Crestmont Dr,38.54615,-122.45496
599211,Cortes Ct,38.02001,-122.57107
599678,Anselmo Ct,38.24507,-122.27944
599832,Paula Ln,38.23502,-122.66082
600551,Maggie Ln,38.67162,-120.91238
600851,Star Thistle Ln,38.48514,-122.00692
601716,Chateau16,38.4112,-122.43253
601869,Grove St,38.31264,-122.5451
602050,N Fork Trail,39.04332,-119.76032
602266,Tahoe Cross Country Ski Area,39.19714,-120.10628
602411,Cross Rail Dr,38.41513,-121.19228
602444,Calla Way,38.45879,-121.40128
602607,Brandy Ct,38.18195,-120.9183
602684,Del Rio Ln,39.05258,-119.74426
603027,Dunnigan CA US PGE,38.88984,-121.97077
603184,TMU PORTABLE 02 CA US,38.93244,-119.97328
603712,Russian River Ave,38.47282,-123.02602
603742,Beardsley Ln,38.05087,-121.3806
603919,Willows CA US PGE,39.53148,-122.18613
603946,GW3537 RENO NV US,39.6805,-119.9905
604557,CARMAN SADDLE CA US,39.74717,-120.49561
608147,Silverado Trail N,38.55835,-122.50818
608162,Seacliff Pl,38.0783,-122.21269
608664,GW3614 ROCKLIN CA US,38.8195,-121.2555
609090,Park Ct,38.35712,-122.72454
609113,Stony Hill Rd,39.44453,-119.72671
609130,EDH 1,38.68769,-121.09654
609246,Cantinia Dr,39.57243,-119.71125
609276,W I St,38.05708,-122.16953
609324,Foothill Blvd,39.4597,-121.46851
609360,Buttercup Cir,38.32911,-121.96693
609528,Grand Island CA US PGE,38.20791,-121.60908
609672,Terra Bella Vista,38.37704,-122.65523
609824,Champagne Rd,39.26779,-119.93861
609990,Brockman Ln,38.28008,-122.4531
610199,Clipper Heights Pl,38.95836,-121.01237
610295,Old Willits Rd,39.42076,-123.79747
610432,Volkers Dr,38.2404,-122.67106
610749,Heirloom,38.56457,-121.74253
611077,Apple Rd,38.45356,-121.17767
611361,Newgate Ct,38.49067,-122.69685
611678,Seaview Ranch North,38.58985,-123.19333
611817,Free River Ct,38.49757,-121.54755
612000,Dancing Flame Ct,39.39057,-119.78415
612132,Sexton Rd,38.38763,-122.87979
612297,Clydesdale Dr,39.17715,-119.7754
612581,Stony Point Road CA US PGE,38.43826,-122.74286
612582,Durham-Dayton Hwy CA US PGE,39.6464,-121.79496
612583,Tahoe-7300 Sugar Pine Point CA US LIBERTY,39.05589,-120.11875
612584,TAH5201-Fairway CA US LIBERTY,39.16907,-120.14641
612586,POR32 4th Avenue CA US LIBERTY,39.81343,-120.46238
613239,East St,39.73853,-122.18788
613303,Potter Valley Central CA US CW3E,39.32091,-123.10282
613304,Redwood Valley Pineview CA US CW3E,39.28517,-123.30475
613601,GRANITE SPRINGS CA US,38.78487,-120.34103
613718,Co Rd K,39.70584,-122.21505
614045,Sea Lion Pl,38.07028,-122.22052
614354,Fawn Ln,39.8554,-120.42799
614691,Horizon Ridge Rd,39.67844,-119.6966
614761,Smoketree St,38.54434,-122.79667
614768,Jerome St,38.54745,-121.78977
614779,Simons Ct,39.18214,-119.78339
614831,Rescue Rd,38.74836,-120.98196
614948,N6SPP PITTSBURG CA US,38.0035,-121.89967
614977,50EB Riverton Barn RWIS CA US CALTRANS,38.77383,-120.47106
615193,Jones St,39.03181,-119.71407
615220,Sun Terrace Way,38.70932,-121.25414
615255,Rocca Dr,38.24366,-122.63974
615308,Midas Ave,38.8059,-121.24477
615405,Van Winkle Ct,38.69972,-121.1736
615567,TAH-5201 Lake Forest CA US LIBERTY,39.18876,-120.11279
615692,Rose Dr,38.08569,-122.1863
615852,Raymond Dr,38.05826,-122.15984
615872,Hill House,38.00916,-122.58994
616538,LODOGA COLUSA CA,39.1844,-122.4361
616689,Gold Feldspar Dr,39.6296,-119.70749
616905,Potters Ln,38.32552,-121.94655
617234,Woodward St,39.42902,-123.80238
617398,Dustin Rd,38.168,-121.22761
617452,Terrace Heights Ln,39.52835,-119.86828
617455,Freemark Way,38.4296,-121.37294
617858,Elk Creek,39.56078,-122.61229
618110,Diego Dr,38.01799,-122.57224
618266,Napa CA US PGE,38.30139,-122.28492
618486,Turnberry Dr,39.59573,-119.72138
618538,Las Amigas Rd,38.23437,-122.31838
618731,GW4012 CARMICHAEL CA US,38.657,-121.32733
619089,El Camino Ave,38.3501,-122.00047
619456,Fall River Trail,38.32103,-121.96618
619558,Havenwood Dr,38.90246,-121.27453
619575,Victory Mine Rd,38.66623,-120.76127
619593,Jennifer St,39.27119,-119.9512
619627,Barrington Hills Dr,38.78001,-121.2233
619891,Ruby Desert Dr,39.40674,-119.72179
619911,Oswald Rd,39.0658,-121.62897
619924,Willow Landing Rd,39.67275,-121.87759
619934,Tinkers Landing,39.36193,-120.1422
620454,Soave Ct,38.57715,-121.26702
620517,Old Ranch Rd,38.91492,-119.62277
620628,S Bridge St,38.63399,-121.26251
620884,Main St,39.61335,-122.19568
620887,Erickson Wy,39.51788,-119.98043
620915,Copper Sunrise Dr,39.41029,-119.71806
621472,Wilson Ave,38.09778,-122.59938
621582,Krpan Dr,38.77199,-121.3265
621593,Co Rd 97A,38.72068,-121.81106
621766,Conte Dr,39.14128,-119.74414
621791,Pinewood Dr,38.44051,-120.53071
621824,Monterey Shores Dr,39.6286,-119.91217
622142,18th Ave,38.53635,-121.43049
622144,Lambert Rd,38.32174,-121.41711
622333,W Del Webb Pkwy,39.52098,-119.95127
622419,Adobe Spur Rd,39.38868,-119.64027
622786,Lakehills Dr,38.72533,-121.07675
622840,Old Bennett Ridge Rd,38.39339,-122.59398
622921,GW4188 TRUCKEE CA US,39.337,-120.24583
623032,Silver Hill Ct,38.87109,-121.26077
623260,Fairlands Dr,39.54565,-119.87682
623504,Forest Route 1N02 CA US PGE,39.74239,-123.04396
623687,ROBBS CA US,38.92367,-120.40412
623688,ELK MOUNTAIN CA US,39.30828,-122.9397
623709,Stabulis Rd,38.12516,-120.86197
623760,Jo Ln,38.92198,-119.69259
623805,Baytree,38.29139,-122.53328
623844,Kenilworth Ave,38.41377,-122.56683
623874,Sunset Springs Ln,39.65452,-119.68295
623955,Arnold Dr,38.35515,-122.52872
623986,Harvey Rd,39.05364,-121.15666
624101,GW4246 COTATI CA US,38.315,-122.707
624152,Fuller Way,38.63916,-121.36977
624175,County Rd 39,39.58387,-122.14501
624248,Lonsdale Dr,38.52326,-121.51861
624260,Lambert Rd,38.33115,-121.46717
624415,Ridge Rd,38.4011,-120.75126
624474,Ruscello Ct,38.6735,-121.04922
624861,Green Valley School Rd,38.43888,-122.89976
624948,Old Toll Rd,38.94783,-123.03432
625180,Glacier Ct,38.25591,-122.63487
625270,Idlewood Pl,38.62342,-121.04846
625364,Pyramid Pl,38.52579,-121.57762
625435,Los Alamos Ct,38.45808,-122.63011
625436,Holly Ln,38.24693,-122.63663
625570,Cherry Acres Rd,38.86864,-120.99361
625591,Parkway Dr,38.68099,-121.12038
625866,Yulupa Ave,38.43503,-122.66868
626017,Nutmeg Ct,38.00404,-122.25255
626116,Albion Ridge Rd,39.21466,-123.69749
626171,Fremont Rd,38.69449,-120.07678
626531,Ambassador Dr,38.60497,-121.3054
626746,Buena Vista Dr,38.4707,-122.71771
626772,Applegate Rd,39.37699,-119.65438
626943,Vida Ct,38.09509,-122.61225
627018,Campo Ct,38.6238,-121.06638
627156,Township Rd,39.24138,-121.69465
627476,Sandy Cove Dr,38.02213,-122.25022
627483,Rockridge Ln,38.46731,-122.68745
627497,Nicasio Valley Rd,38.07783,-122.72733
627531,GW4285 SANTA ROSA CA US,38.37133,-122.65317
627645,Perez Ct,38.53777,-121.55462
627720,Westlake Dr,39.00746,-122.75747
627812,Tara Ln,38.11626,-122.58182
627905,Tahoe Woods Blvd,39.14695,-120.15558
627993,Santa Rosa,38.51826,-122.63371
628009,Parlor Ct,38.73238,-121.36629
628312,GW4348 SONOMA CA US,38.27633,-122.463
628407,Bachelor Valley Rd,39.1926,-122.97273
628571,Big Ranch Rd,38.3362,-122.29778
628809,Danube Ave,38.55032,-121.78538
628942,Slate Rim Rd,38.0258,-120.42479
629087,Mira Vista Rd,38.77548,-122.69887
629110,Snows Rd,38.72713,-120.67722
629241,Rockdale Dr,38.56831,-121.20231
629313,Kanaka Valley Rd,38.75001,-121.0155
629362,Regent Ct,39.16135,-119.72166
629457,MINA CA US,39.97917,-123.35444
629578,Silver Vista Dr,39.41929,-119.82043
629744,Carbine Trail,38.66393,-120.89415
629791,Comstock Rd,38.73259,-120.90168
630201,Roland Dr,39.09915,-122.80167
630213,Kruse Ranch Rd,38.59252,-123.31651
630504,Legend Vista,39.38385,-119.83401
630616,Chinook Ln,39.17896,-121.02791
631026,Clearview Dr,38.06668,-122.22015
631154,W Dry Creek Rd,38.68589,-122.96299
631280,Livery Ct,38.41246,-121.20325
631422,Littlecroft Ln,39.49083,-121.44588
631598,Myrtledale Rd,38.59067,-122.5961
631663,Summit Lake Dr,38.59569,-122.45686
631725,Woodbourne Pl,38.49482,-122.708
631742,24th St,38.70294,-121.41068
631800,Snake Rd,39.29775,-119.50957
632077,Robertson Ave,38.62107,-121.37796
632303,Cutters Corner,38.88206,-120.94398
632406,Bishop Dr,38.44162,-122.69565
633117,Waterline Road CA US PGE,38.28396,-120.31754
633714,Royal Crest Dr,38.11961,-121.29494
633716,Orange Blossom Ln,38.01403,-122.54845
634065,Solano Ave,38.35394,-122.33554
634110,Highland Flume Cir,39.51111,-119.89442
634820,Dutcher Creek Rd,38.71641,-122.97427
634841,Oakmont Dr,38.4288,-122.58767
635099,GW4755 CAMP MEEKER CA US,38.42217,-122.95767
635101,Rio Oso CA US PGE,38.95724,-121.53876
635154,Kenleigh Dr,38.30059,-122.54817
635210,Sunset Ridge Ct,39.40104,-119.83277
635523,Rue Du Parc,39.36923,-119.83397
636694,Montecito Blvd,38.30608,-122.26479
636781,Codorniz Rd,39.22634,-122.03154
637120,Caspar Point Rd,39.37141,-123.81877
637220,Greens Dr,38.61351,-122.85695
637252,Susan Ct,38.54093,-121.55496
638467,Leininger Rd,39.95275,-122.01253
640261,Carpenter Ln,39.35847,-119.74696
640342,S Front St,38.15316,-121.69295
640349,Alyssum Ct,38.96483,-119.7614
641506,Volcanoville Road CA US PGE,38.98461,-120.78079
641569,Churchill Rd,39.75412,-121.6128
641947,Novato,38.15607,-122.69219
641951,Pt. Reyes - Petaluma Rd,38.14902,-122.70206
642692,Encina Grande Road CA US PGE,39.66565,-121.47666
644369,Eureka Hill CA US PGE,38.8918,-123.54028
645573,KO6FIK SONOMA CA US,38.29167,-122.4345
646136,Arcy Ln,38.01733,-121.84427
646710,Sleepy Hollow CA US PGE,38.73375,-123.37231
648660,GW5406 COBB CA US,38.839,-122.7285
649558,Quilici Rd,39.42835,-119.79967
649611,GW5419 TRUCKEE CA US,39.35017,-120.185
649767,W K St,38.06425,-122.18162
649922,Cottage Ridge Rd,38.53404,-122.73103
650018,Big Pine Dr,39.1461,-120.1648
650037,London Way,38.33536,-122.47334
650054,Waldron St,38.66659,-121.23215
650098,Calle Del Arroyo,38.31852,-122.47379
650219,Specht Rd,38.26617,-122.45694
650266,Bucknell Dr,38.55455,-121.76447
650272,Phillips Heights Ave,38.81448,-120.07952
650369,Crown Hill Dr,38.48373,-122.70239
650428,Sutter Creek,38.3643,-120.87412
650447,Georgia Ln,38.91219,-119.81374
650475,Upper Rd,38.01345,-122.50578
650507,Old Cazadero Rd,38.49954,-123.01947
650515,Lassen Dr,38.92426,-120.00431
650759,Mallard Rd,38.88074,-119.78371
650879,GW5432 MIDDLETOWN CA US,38.75367,-122.6225
650906,French Bridge CA US PGE,39.24268,-122.84953
650909,Hickory UT US PACIFICORP,38.49159,-113.01871
650923,Butte City CA US PGE,39.46459,-121.98779
650930,Ingram CA US CW3E,38.88623,-123.15132
650931,Martis Creek CA US CW3E,39.32852,-120.12229
650938,Atherton Ave,38.11543,-122.56184
651115,Valley View Dr,38.23461,-120.36784
651140,Barnett Valley Rd,38.37545,-122.89889
651166,Franceen Ln,38.02742,-121.24486
651300,Ala Wai Blvd,38.93745,-120.00615
651394,Burnett Pl,38.55082,-121.68249
651483,West Sacramento CA US PGE,38.50707,-121.57904
651503,Silversmith Pl,39.39944,-119.76987
651516,River Wood Loop,39.7402,-121.88135
651560,Marigold Ln,38.87572,-121.27707
651612,Rose Dr,38.09007,-122.17875
651673,Corbett Cir,38.51363,-122.76487
651752,Mesa Oak Way,38.71372,-121.25711
651783,Mougle Ln,39.34183,-120.20165
651862,Pine Breeze Dr,38.55984,-122.45624
651941,N Peltier Ct,38.19087,-121.19922
652031,Heather Ln,38.27194,-122.64323
652191,Land&#39;s End Rd,39.10056,-119.9483
652234,Mangrove Ave,39.74095,-121.83771
414,Benicia,38.04865,-122.16558
1308,Donner Lake,39.33,-120.28
1316,Lake Berryessa,38.60346,-122.24693
1394,Black Butte ,39.803,-122.356
1940,Black Butte Lake,39.81522,-122.36259
1961,Colusa,39.21764,-122.01982
33313,Dillon Beach,38.24757,-122.97436
33354,The Sand Bar,38.17055,-121.67025
33361,Windy Cove,38.1107,-121.70208
34645,"King's Beach, Lake Tahoe",39.22841,-120.02511
34646,Lake Forest / Dollar Pt.,39.1774,-120.10408
34647,Limantour / Tubamancha,38.02015,-122.9185
43687,Folsom Lake,38.74736,-121.13151
43714,Lagoon Lake,38.32788,-122.01276
43732,Lake Oroville,39.5633,-121.45458
43791,Sandy Beach Park,38.14535,-121.69215
43800,Stampede Reservoir,39.47532,-120.14452
53826,Schooner Gulch,38.86424,-123.66074
53830,Twin Lakes,38.15496,-119.34887
82969,Camanche Reservoir,38.2219,-120.9827
87650,Emerald Bay,38.95583,-120.09612
88451,Crystal Bay,39.22932,-119.95594
92988,Sacramento Executive Airport,38.51252,-121.49347
98604,Pyramid Lake,39.995,-119.559
171090,Bullhead Flats,38.0068,-122.4678
173714,Rancho Seco,38.33782,-121.09523
174159,Caples Lake,38.70215,-120.04871
174751,Llano Seco,39.58815,-121.94249
