Spot ID,Name,Latitude,Longitude
148480,C-Street Surfer's Point,34.27398,-119.30479
418,Leadbetter Beach,34.40325,-119.6929
402,Jalama Beach,34.51142,-120.50199
450,Topanga,34.03969,-118.57623
175343,Leo Carrillo,34.04223,-118.91569
180917,Arroyo Laguna,35.65406,-121.22376
169325,Pismo Beach,35.10589,-120.62994
401,Lake Isabella,35.65159,-118.45866
179981,Zuma Beach,34.0285,-118.84098
1129,Lopez Lake,35.19894,-120.46351
19771,Point Conception,34.44948,-120.47033
90902,Santa Barbara Light 4,34.40805,-119.6851
567378,Will Rogers Beach,34.03144,-118.52737
540519,Port Hueneme Light,34.14398,-119.21627
448,Arroyo Laguna,35.66507,-121.28464
650,Oxnard,34.2008,-119.2072
709,S.B. East Buoy,34.24,-119.85
708,S.B. West Buoy,34.2739,-120.4681
179929,Lake Castaic (SCE-032),34.51912,-118.59327
973,Santa Maria Buoy,34.88,-120.87
15895,Point Mugu NAS,34.12,-119.12
523285,SCE Santa Felicia Canyon Rd CA US SC-EDISON,34.46058,-118.75402
194924,Cottonwood Cove Resort,35.49025,-114.68841
971,Cape San Martin Buoy,35.74,-121.89
18783,Bullhead City,35.15,-114.56
69679,Gaviota,34.47,-120.23
100770,Santa Barbara Harbor,34.4083,-119.685
179934,Malibu,34.02436,-118.78527
4363,Port San Luis,35.169,-120.754
50189,Isabella Dam,35.64583,-118.47722
645,Vandenberg AFB,34.73,-120.58
644,Santa Maria Airport,34.9,-120.45
974,SLO Airport,35.2376,-120.6361
183780,Ventura Yacht Club,34.245,-119.265
169543,Deer Creek,34.07917,-118.99
537123,Little Pico Creek CA US PGE,35.63275,-121.16207
8752,Malibu Canyon,34.0997,-118.7033
657,Palmdale,34.6294,-118.0846
120873,Lake Havasu City Airport,34.57111,-114.35828
152686,Cal Poly Pier,35.16975,-120.74063
183752,Whale Rock Reservoir,35.448,-120.886
160405,Nipomo Dunes,35.00876,-120.59998
188585,SCE-2295 CA US SC-EDISON,34.4709,-120.35916
656,Ontario Airport,34.05,-117.6
18768,Van Nuys,34.22,-118.48
146316,KHII,34.45,-114.36
174725,Cathedral Peak Trail,34.49467,-119.71317
1072,Bakersfield,35.43444,-119.05417
15926,Camarillo Airport,34.2138,-119.1072
158829,Laguna Lake,35.26411,-120.69111
521654,Mugu Canyon (SCE-2900),34.09901,-119.07892
8638,Cheeseboro,34.1847,-118.7172
8645,Placerita Canyon,34.3531,-118.4186
8798,Poppy Park,34.7325,-118.3833
18769,Mojave,35.07,-118.15
19983,Big Bear City,34.27,-116.85
31242,Santa Ynez Airport,34.6,-120.07
84849,Point Mugu SP,34.09683,-118.95683
115408,Crestline Glider Launch,34.2365,-117.31417
538628,Castaic-Town,34.50394,-118.624
538629,FW9504 Ventura CA US,34.25183,-119.26733
15471,Lompoc,34.67,-120.47
184592,SCE Pyramid Lake CA US,34.69581,-118.79271
185667,Bodfish,35.59628,-118.51307
186802,SCE Silverwood Lake CA US,34.27701,-117.33412
187671,Whale Rock Reservoir Alt CA US,35.46411,-120.8582
554042,Isabella-Gautche Point,35.64802,-118.42261
568666,Castaic Lower Lagoon,34.501,-118.603
7065,Kernville,35.778,-118.433
8837,Saugus,34.425,-118.525
8957,Whitaker Peak,34.5686,-118.7403
9262,Angeles Natl Forest-Chilao,34.3317,-118.0303
15832,China Lake-Airfield,35.68,-117.68
16679,Twentynine Palms Airport,34.3,-116.17
48668,Topanga Hills,34.07467,-118.62783
101611,PHELAN CA US UPR,34.47944,-117.57215
158243,REFUGIO CA US,34.51666,-120.07533
181278,SC Edison 100 CA US,35.70575,-118.18004
181297,Toro Creek CA US,35.4555,-120.79608
189872,Happy Canyon Hill CA US PGE,34.63159,-119.99153
191062,Isabella-Ponderosa,35.63824,-118.47552
193065,Oak View Bluff,34.40493,-119.3021
195409,Autumn Drive,34.51817,-114.35733
517228,Las Yeguas CA US PGE,35.44087,-119.95697
517829,Marshall Peak - CSS CA US HOLFUY,34.209,-117.3027
523608,Hwy 154 CA US PGE,34.55696,-119.91594
527303,Cayucos Road CA US PGE,35.44541,-120.86725
548191,Cruz Rock CA US PGE,35.71185,-121.29581
549093,SCE Kern County Landfill CA US SC-EDISON,35.70915,-118.41408
552207,SCE-3424 CA US SC-EDISON,34.49604,-119.78945
554909,SCE-3463 CA US SC-EDISON,34.03684,-118.82889
975,Paso Robles,35.62,-120.7
1073,Kingman,35.25778,-113.93306
2886,N7CW Prescott,34.5705,-112.51467
6022,STANTON,34.1647,-112.7353
7169,Jawbone,35.295,-118.2267
7248,Opal Mountain,35.1542,-117.1756
8741,Lake Palmdale,34.5372,-118.1014
8948,Wiley Ridge,34.3717,-118.8408
9502,Walker Pass,35.6658,-118.0569
11196,Grass Mountain,34.6408,-118.4142
15817,Edwards Air Force Base,34.9,-117.88
15946,Lancaster-Airfield,34.73,-118.22
19463,Mojave Valley,34.93056,-114.56389
20306,KK6KU Rosamond,34.86867,-118.20917
20501,CW9067 Ridgecrest,35.58646,-117.69407
63317,Tehachapi Municipal Airport,35.135,-118.43922
73220,Mojave Central,35.057,-118.15133
85407,Boulder City Airport,35.94748,-114.86109
93809,Topanga North,34.1361,-118.6061
100353,Lebec CA US CARB,34.84155,-118.86058
101202,PLMDLE CA US UPR,34.60438,-118.12134
116476,KR6C Quartz Hill CA US,34.65473,-118.2212
119934,I-5 @ Grapevine Rd. CA US CALTRANS,34.93904,-118.93024
165361,VANDENBERG MOBLE RAWS CA US,34.6701,-120.56091
175217,GAVIOTA CA US,34.4884,-120.23576
175631,SCEdison 015 CA US,34.51004,-118.16558
181329,Isabella Highlands,35.67379,-118.49486
181655,South El Pomar Road CA US,35.53108,-120.63174
184260,SCE Los Robles Trail CA US,34.16468,-118.9113
184597,SCE Acton CA US,34.48942,-118.19724
186736,SCE El Centro Rd CA US,34.3993,-117.53828
187085,SCE Lucerne Valley CA US,34.42868,-116.80584
187087,SCE Johnson Valley CA US,34.37018,-116.64957
187848,Casmalia Alt CA US,34.84402,-120.51891
188272,SCE-2308 CA US,34.45763,-118.71862
196770,SCE-2607 CA US SC-EDISON,34.30404,-116.82136
198445,Jolon Hills CA US PGE,35.88446,-120.95584
198527,Laughlin NV US NV-ENERGY,35.13344,-114.61569
199510,Brookridge Cir,35.10384,-114.57396
529014,De La Concepcion CA US PGE,34.56675,-120.49904
537611,Hillcrest Drive CA US PGE,35.37535,-120.84712
548688,Isabella-Kneale,35.62806,-118.4752
549985,SCE Javon Peak CA US SC-EDISON,34.34245,-119.39944
567463,Searchlight NV US NV-ENERGY,35.45998,-114.9384
568482,Castle Rock Cir,35.09908,-114.64286
575983,Ice Station Zebra,34.44579,-117.23952
579623,SCE Refugio Beach CA US SC-EDISON,34.46479,-120.07602
614307,SCE Silverwood West CA US SC-EDISON,34.29776,-117.35957
621231,Ocean Dr,34.15268,-119.2193
622849,Lake Havasu City,34.44253,-114.25726
641487,SCE Hollister Ranch Rd CA US SC-EDISON,34.4691,-120.32625
3031,CW1020 Tehachapi,35.165,-118.504
3138,Joshua Tree,34.09533,-116.31783
3953,CW6906 Tehachapi,35.0819,-118.52795
4841,N6GIW Landers,34.2239,-116.40981
5758,FIVE MILE,35.8711,-117.9183
5826,INDIAN WELLS CANYON,35.685,-117.8894
5873,Laurel Mountain,35.4783,-117.6992
5991,GOODWIN MESA,34.7575,-113.2969
6127,Truxton Canyon,35.7825,-113.7942
6209,Wofford Heights,35.7217,-118.4989
6565,Balch CA US UPR,35.0444,-116.0768
6567,Cima CA US UPR,35.25893,-115.4736
6659,Moore CA US UPR,35.41203,-115.2598
6713,Manix CA US UPR,34.97432,-116.6123
7137,Frazier Wells,35.8456,-113.055
7228,MORMON ROCK,34.3175,-117.5019
8840,Saddleback Butte,34.6847,-117.8208
9184,BURNS CANYON,34.2083,-116.6217
9462,Twin Buttes North,35.1231,-115.4114
9473,Mill Creek,34.3903,-118.0825
9476,MEANS LAKE,34.3844,-116.5239
9577,RICE VALLEY,34.0608,-114.7322
9615,SQUAW SPRINGS,35.3683,-117.5703
9640,Five Points,35.0714,-118.4811
9732,Warm Springs,34.5958,-118.5786
12558,Lake Elizabeth,34.65883,-118.38833
14451,K7GIL Victorville,34.49883,-117.321
15054,Daggett,34.85,-116.78
15084,Sandberg,34.74338,-118.7253
15831,Edwards North Base,34.97,-117.87
15953,Needles Airport,34.77,-114.62
16116,Sky Harbor,35.97,-115.13
18763,"KIYK inyokern, ca",35.67,-117.83
19123,George AFB,34.58,-117.38
19459,Mesquite Creek,34.97,-114.61
19483,TWENTY NINE PALMS CA US SUPERAWOS,34.13159,-115.94582
19489,APPLE VALLEY CA US SUPERAWOS,34.57533,-117.18619
26371,CW2900 Yucca Valley,34.19417,-116.4
29458,GRANITE MOUNTAIN,34.53556,-117.02583
30552,Palmdale CA US CIMIS,34.615,-118.0325
31394,CW9763 Inyokern,35.627,-117.8005
31590,I-40 @ Fort Rock,35.19062,-113.3707
31591,I-40 @ Crookton,35.2586,-112.71378
31597,US-93 @ Kaiser Bridge,34.57978,-113.49263
48585,HFLC1,35.2511,-118.6003
48586,Reward,35.3625,-119.8233
69684,UP478,35.1,-118.29
72994,Kingman North,35.56,-113.9095
88290,Bicycle Lake Army Air Field,35.28053,-116.63003
94466,WX6HNX-13 Jawbone Cyn CA US,35.3015,-118.0016
96711,Sweeney Granite Mountains CA US DRI,34.782,-115.653
97935,Red Hills,35.64366,-120.23134
100458,Heaps Peak,34.2361,-117.1392
100466,Bird Springs Pass,35.5358,-118.1403
101494,BROMEL CA US UPR,35.00978,-120.5789
101507,WASH CA US UPR,34.52916,-117.8339
101695,ANTONI CA US UPR,34.83611,-120.57171
101797,HIVOLT CA US UPR,34.39078,-117.40766
101884,ERIE NV US UPR,35.84882,-115.26502
102804,NR6G-6 Cache Creek CA US,35.11383,-118.23633
111407,Leona Valley,34.60683,-118.29783
111969,BAKER (P618) CA PSD,35.142,-116.104
115103,San Miguelito,34.604,-120.489
115362,EW3060 Hesperia CA US,34.41967,-117.26533
116305,VIDAL JUNCTION (P623) CA PSD,34.19,-114.6
119935,Kecks Corner,35.67853,-120.06912
130188,N6EQ Victorville CA US,34.37233,-117.3685
159876,TEPUSQUET CA US,34.91988,-120.18108
167321,FW0069 Henderson NV US,35.97767,-115.079
168535,Sandstone CA US LOXWFO,34.12018,-118.93275
169119,KJ6TAG Palmdale CA US,34.5705,-118.08417
169349,FW0490 Hesperia CA US,34.40167,-117.403
170029,SWEENEY GRANITE RESERVE NEAR KELSO 16S HADS,34.7822,-115.653
172740,Cable Arpt,34.11161,-117.68767
175754,SCEdison 026 CA US,34.39428,-118.49066
180234,SC Edison 040 CA US,34.40222,-118.70645
180372,SC Edison 044 CA US,34.33457,-119.00992
180466,SCEdison 048 CA US,34.35449,-118.9897
180563,SCEdison 058 CA US,35.1186,-118.338
180596,SCEdison 063 CA US,34.5467,-118.21676
180597,SCEdison 064 CA US,34.24031,-117.43549
180599,SCEdison 067 CA US,35.10906,-118.57779
180665,SCEdison 075 CA US,34.60159,-118.28301
180669,SCEdison 079 CA US,34.3242,-118.5834
180833,BLUE MAX CA US,35.70975,-117.97205
181336,Cholame CA US,35.68917,-120.29268
181341,Mt Pozo Hills CA US,35.60228,-118.96299
181421,Old Woman Mountain CA US,34.59,-115.20617
181653,TV Towers CA US,35.36046,-120.65595
182173,Highland CA US,35.08548,-120.4866
182176,Camino Del Capitan CA US,35.5457,-120.90533
182177,El Monte Road CA US,35.50329,-120.7596
182650,Foxen Canyon CA US,34.79014,-120.17679
183170,SCE Devils Canyon Rd CA US,34.21403,-117.33056
184068,SCE Rattle Snake Rd CA US,34.45632,-118.36531
184431,SCE Lytle Creek Wash CA US,34.18911,-117.44068
184432,SCE Lytle Creek Rd CA US,34.17264,-117.45335
184433,Round Mountain Road CA US,35.4861,-118.88996
184497,Falcon Road CA US,35.4463,-120.7131
184500,TV Towers Road 2 CA US,35.39129,-120.7085
184508,Jade Canyon Road CA US,35.47261,-120.5855
184595,SCE Mt. Emma Rd CA US,34.50736,-118.04524
184598,SCE 3 Points Rd CA US,34.76142,-118.59507
184599,SCE Tentrock Canyon CA US,34.77564,-118.67591
184601,SCE Godde Pass CA US,34.62156,-118.23367
184843,SCE Piuma Rd CA US,34.07073,-118.69172
184924,SCE Las Posas Hills 2 CA US,34.25439,-118.93437
184928,SCE-2220 CA US,35.04724,-118.35067
185351,SCE East Valley Blvd CA US,35.12433,-118.4278
185352,SCE-2165 CA US,35.03269,-118.3509
185353,SCE Gaviota CA US,34.47241,-120.21487
185354,Isabella-South Lake,35.65237,-118.35214
186004,SCE Yucca Circle Rd CA US,34.43819,-117.71598
186011,SCE Sundance Rd CA US,34.36354,-116.94442
186251,SCE-2365 CA US,34.406,-117.04193
186254,SCE Cushenbury Springs CA US,34.36278,-116.85625
186381,SCE Powerline Rd CA US,34.37289,-116.90696
186436,SCE Happy Camp Rd CA US,34.33086,-118.87478
186478,SCE Little Oak Canyon CA US,34.90743,-118.52388
186492,SCE Calle Aqueducto CA US,34.51776,-117.99623
186493,SCE Burns Canyon Rd CA US,34.19795,-116.5614
186495,SCE Canyon House Rd CA US,34.04147,-116.58675
186511,Williams Hill CA US,35.95096,-121.00198
186524,SCE Fort Tejon Rd CA US,34.48174,-117.91744
186541,SCE Pidgeon Spring Rd CA US,35.08013,-118.48841
186544,SCE Pamela St CA US,35.40179,-118.49258
186545,SCE Ox Ct CA US,35.46881,-118.54736
186660,SCE-2444 CA US,34.49437,-117.9758
186661,SCE-2431 CA US,35.38194,-118.41263
186695,SCE Cajon Lookout Rd CA US,34.34845,-117.4459
186728,SCE Chapelin Rd CA US,34.39397,-117.46834
186731,SCE Llano CA US,34.48497,-117.83526
186733,SCE-2407 CA US,34.34912,-117.24794
186737,SCE-2434 CA US,34.26834,-117.2195
186781,SCE-2402 CA US,34.1826,-116.46215
186807,Tampa Peak Towers CA US,35.36653,-118.72548
186813,Highway 178 CA US,35.43779,-118.74096
186831,SCE Ridge Rd CA US,34.11513,-116.49117
186836,SCE Dart Canyon Rd N CA US,34.2587,-117.2664
186840,SCE Hickory Dr CA US,34.26437,-117.14714
186846,SCE Rim of the World CA US,34.23342,-117.1744
186848,SCE Pioneertown Rd CA US,34.15608,-116.49266
186849,SCE Hesperia CA US,34.31277,-117.32036
186920,SCE Tehachapi Pass CA US,35.11752,-118.20396
187044,Davis Peak CA US,35.23351,-120.78512
187872,Green Valley Road CA US,35.53392,-120.99955
188273,SCE-2391 CA US,34.66176,-118.33064
188279,SCE-2359 CA US,34.56774,-118.26682
188301,SCE-2130 CA US SC-EDISON,35.95763,-117.91289
188302,SCE-2279 CA US SC-EDISON,35.732,-117.87001
188659,SCE Golden Hills Blvd CA US SC-EDISON,35.1075,-118.4872
189004,SCE Salt Lick Trail CA US SC-EDISON,34.78206,-118.83732
189557,Hunter Liggett CA US PGE,35.9508,-121.23293
189796,Arco-Cholame CA US PGE,35.70976,-120.10179
189798,Digier Road Hilltop CA US PGE,34.89531,-118.9452
189871,Beartrap Road CA US PGE,34.86586,-118.8342
189873,SCE Newhall Pass CA US SC-EDISON,34.34314,-118.4988
190677,SCE Sand Canyon CA US SC-EDISON,35.1786,-118.311
190700,MILLER RANCH CA US,34.14838,-119.01106
191188,PURISIMA HILLS CA US,34.71222,-120.3914
191204,SCE-2546 CA US SC-EDISON,35.12399,-118.37461
191205,SCE-2549 CA US SC-EDISON,34.27915,-118.67139
191207,SCE-2543 CA US SC-EDISON,35.11691,-118.43917
191209,SCE-2547 CA US SC-EDISON,35.02734,-118.35237
191275,SCE Reeves St CA US SC-EDISON,35.12441,-118.47631
191278,SCE Duncan Canyon Rd CA US SC-EDISON,34.16496,-117.45413
191281,SCE Summit Ave CA US SC-EDISON,34.14771,-117.48084
191282,SCE-2574 CA US SC-EDISON,35.06221,-118.3537
191283,SCE Citrus Ave E CA US SC-EDISON,34.16391,-117.4524
191300,PORTER RANCH CA US,34.30339,-118.57661
191373,"Henderson Nevada, Sun City Anthem",35.95011,-115.09221
191640,Silverado,35.62788,-120.54961
191994,Heron Crest,35.18813,-120.73349
192164,home,35.23784,-118.63071
193331,om,35.18967,-114.32389
193685,Pine Knoll,34.0271,-117.1887
193933,Century City ,34.05537,-118.42081
194017,S Goodsprings ,35.83039,-115.43435
194802,WS-UP,34.12387,-117.64221
194803,Big Sky,34.29982,-118.75964
194841,BenttreeWx,34.24619,-118.90325
194902,Talking Rock - W. Three Forks Rd.,34.75439,-112.56844
195050,Rancho Vista de Dios,34.2529,-118.91494
195235,El Refugio at Rochemont Rock,34.11218,-118.57902
195720,Big R Villa,34.11336,-117.47056
195802,Nipomo-MR,35.02664,-120.50194
195872,Darrah Home,34.27077,-118.72309
195920,Anemoi,34.15963,-117.42216
196068,Backyard,34.6561,-120.4703
196322,SCE-2578 CA US SC-EDISON,34.11021,-116.47763
196324,SCE-2592 CA US SC-EDISON,34.09624,-116.31176
196601,SCE-2528 CA US SC-EDISON,34.00511,-116.58708
196613,SCE-2583 CA US SC-EDISON,34.03967,-116.58522
196614,SCE-2599 CA US SC-EDISON,34.43196,-117.54717
196623,SCE La Contenta Rd CA US SC-EDISON,34.11072,-116.36933
196768,SCE-2591 CA US SC-EDISON,34.35629,-117.38994
196773,SCE-2616 CA US SC-EDISON,34.17044,-117.422
196777,SCE SW Lake Palmdale CA US SC-EDISON,34.54083,-118.13267
196944,Orchard Ave,34.43795,-119.60272
197095,SCE Elizabeth Lake Rd CA US SC-EDISON,34.59008,-118.20405
197101,SCE-2602 CA US SC-EDISON,34.55819,-118.1508
197104,SCE-2641 CA US SC-EDISON,34.36983,-117.23632
197106,SCE-2553 CA US SC-EDISON,34.5727,-118.1577
197110,SCE-2620 CA US SC-EDISON,34.23478,-117.29838
197341,Pelato Peak CA US PGE,34.92047,-119.40578
197345,US-95 MM 53 NV US NV DOT,35.88479,-114.92782
197808,SCE Tuckerway Ranch-W Ave U CA US SC-EDISON,34.52436,-118.14344
197814,SCE-2603 CA US SC-EDISON,34.53324,-118.10848
197822,SCE-2624 CA US SC-EDISON,35.55871,-118.18748
197828,SCE-2610 CA US SC-EDISON,35.5473,-118.14252
197829,SCE-2619 CA US SC-EDISON,34.54403,-118.284
197831,SCE-2674 CA US SC-EDISON,34.42375,-118.45611
197958,Old Creek Road CA US PGE,35.49152,-120.82263
197961,Cat Canyon Road CA US PGE,34.79213,-120.26144
197964,Black Mountain CA US PGE,35.38808,-120.35413
198002,SCE-2687 CA US SC-EDISON,34.38703,-118.33906
198006,SCE-2660 CA US SC-EDISON,34.58444,-118.72368
198008,SCE-2717 CA US SC-EDISON,34.15565,-117.43604
198010,SCE-2721 CA US SC-EDISON,34.51605,-120.38485
198023,SCE-2709 CA US SC-EDISON,34.1439,-117.41821
198226,Eastmont Road CA US PGE,35.49947,-118.86429
198227,Kern Canyon CA US PGE,35.43223,-118.78015
198246,SCE Browns Canyon CA US SC-EDISON,34.28738,-118.59578
198256,SCE-2739 CA US SC-EDISON,34.23012,-117.47012
198260,SCE-2724 CA US SC-EDISON,34.22566,-117.42398
198460,Round Mountain Microtowers CA US PGE,35.45641,-118.87233
198523,Lewis Ranch Road CA US PGE,35.38026,-120.22211
198525,Lompoc Hill CA US PGE,34.62789,-120.44226
198568,SCE Jurupa Hills CA US SC-EDISON,34.02216,-117.50643
199463,SCE Soledad Canyon-2 CA US SC-EDISON,34.43843,-118.22145
199465,SCE Sacramento Ave CA US SC-EDISON,34.47296,-118.21657
199470,SCE-2822 CA US SC-EDISON,34.29751,-119.2741
199613,Vintage Canyon St,35.97736,-115.20092
199696,Canyon Grove Ct,35.92743,-115.11003
200165,SCE Summit Valley CA US SC-EDISON,34.36658,-117.3212
200172,SCE-2804 CA US SC-EDISON,34.18958,-117.32696
200173,SCE-2821 CA US SC-EDISON,34.30686,-117.46699
200694,Woodworth Way,34.52281,-117.34494
200731,Big House,34.57343,-112.51105
201072,N Falcon Way,34.93716,-112.52139
201096,KN6KS Quartz Hill CA US,34.65483,-118.247
201116,Divide-Cabrillo CA US PGE,34.72994,-120.43637
201556,SCE Falset St CA US SC-EDISON,34.57507,-118.14747
201557,SCE W City Ranch Rd CA US SC-EDISON,34.56776,-118.145
201561,SCE 47th ST E CA US SC-EDISON,34.54449,-118.04537
201564,SCE Swan Dr CA US SC-EDISON,34.55601,-118.10582
202409,SCE Penstock Ridge 5SE CA US SC-EDISON,34.16462,-117.4091
202411,SCE Inland Empire CA US SC-EDISON,34.16136,-117.39844
517230,Los Alamos CA US PGE,34.70746,-120.16966
517847,Nacimiento Lake Drive CA US PGE,35.8364,-120.84446
517921,Martin Rd,34.90438,-116.66591
519614,SCE-2990 CA US SC-EDISON,34.19763,-118.93599
519619,SCE-2950 CA US SC-EDISON,35.0908,-118.6023
521651,SCE-2933 CA US SC-EDISON,34.44805,-118.58521
521657,SCE-2951 CA US SC-EDISON,34.72435,-118.51816
521706,Lower Vineyard Canyon Road CA US PGE,35.7765,-120.69406
521707,Indian Valley Road South CA US PGE,35.85306,-120.70057
522752,SCE-3059 CA US SC-EDISON,34.31443,-117.35487
522761,SCE-3054 CA US SC-EDISON,34.30748,-117.28195
522764,SCE-3063 CA US SC-EDISON,34.33274,-117.30618
522771,SCE-2947 CA US SC-EDISON,34.45793,-118.30035
523281,SCE Mariposa Rd CA US SC-EDISON,34.38039,-117.41323
523283,SCE Buena Vis CA US SC-EDISON,34.15566,-117.31386
523284,SCE S Mountain Lookout Rd CA US SC-EDISON,34.3308,-119.02304
523288,SCE Reservoir St CA US SC-EDISON,34.16161,-117.36377
523293,SCE Magic Mountain CA US SC-EDISON,34.42503,-118.37337
523294,SCE Holiday Ave CA US SC-EDISON,34.84717,-118.51937
523297,SCE-2877 CA US SC-EDISON,34.35118,-117.52682
523606,Orcutt Road CA US PGE,35.22503,-120.59892
523642,SCE-3038 CA US SC-EDISON,34.20085,-117.48395
524021,SCE San Bernardino Mountain CA US SC-EDISON,34.32577,-117.27178
524402,Mt. Lowe CA US PGE,35.30858,-120.59963
524403,Friis Camp CA US PGE,35.36934,-120.3251
524404,High School Hill CA US PGE,35.28012,-120.63117
525116,FW7304 Prescott AZ US,34.665,-112.53383
525674,Mira Sol Dr 3,35.30471,-120.68217
525889,Adelaida CA US PGE,35.66858,-120.84789
526630,Grapevine Road East CA US PGE,34.92787,-118.92623
526635,Tepusquet Road CA US PGE,34.85384,-120.25965
526636,Santa Rosa Road CA US PGE,34.60653,-120.21062
527644,Friendly Meadow Rd,34.70918,-112.52353
528167,SCE Jameson St CA US SC-EDISON,35.10557,-118.37915
529767,I-40 - Barstow Maintenance Yard CA US CALTRANS,34.88632,-116.99706
534630,Cable Airport CA US NWS/FAA,34.11161,-117.68739
537291,Gemstone Ave,35.19609,-113.96553
539832,Quail St,35.73766,-117.84428
540004,Station 29,34.15019,-116.06935
540929,Davis Road CA US PGE,35.66622,-120.19194
540960,SCE Mt. Hillyer Rd CA US SC-EDISON,34.34011,-118.03044
540962,SCE Big Valley Rd CA US SC-EDISON,34.53045,-118.18958
540963,SCE Florencell Ave CA US SC-EDISON,34.51152,-118.19078
540964,SCE Cumorah Crest Camp Rd CA US SC-EDISON,34.34665,-117.98424
542694,EW7644 St Charles MO US,35.13783,-114.12217
543037,Elder Ave,34.82688,-118.25601
545153,Stellbar Pl,34.03597,-118.40018
545345,SCE-3124 CA US SC-EDISON,34.23285,-117.13799
545361,SCE Barley Flats Rd CA US SC-EDISON,34.27297,-118.0453
545852,SCE Conte Lena Rd CA US SC-EDISON,35.12705,-118.57838
546482,GW0032 Temecula CA US,35.02967,-115.1535
546856,Pima St,35.84797,-115.66309
547686,SCE Richardson Canyon CA US SC-EDISON,34.34384,-119.03593
547699,SCE-3175 CA US SC-EDISON,34.19817,-117.28661
548174,SCE-3181 CA US SC-EDISON,34.90287,-118.90474
548679,SCE Pine Cone Curve CA US SC-EDISON,34.19683,-117.12625
549088,SCE Keisha Dr CA US SC-EDISON,34.26117,-118.86597
549099,SCE Maricopa Hwy CA US SC-EDISON,34.72528,-119.3879
549552,SCE Griffis Rd CA US SC-EDISON,34.15342,-116.41923
549556,SCE Sky Vista Terrace CA US SC-EDISON,34.53263,-118.14172
549561,SCE Katee Ln CA US SC-EDISON,34.51157,-118.10163
549564,SCE Barrel Springs Rd CA US SC-EDISON,34.53873,-118.08407
549988,SCE Green Trail CA US SC-EDISON,34.06938,-116.55259
549990,SCE Mecca Rd CA US SC-EDISON,34.07964,-116.56675
549996,SCE Bird of Paradise Rd CA US SC-EDISON,34.04885,-116.60385
551257,SCE Nighthawk CA US SC-EDISON,34.45039,-118.59915
551266,SCE Forest View Rd CA US SC-EDISON,34.50465,-118.11627
551268,SCE Acton Canyon Rd CA US SC-EDISON,34.49525,-118.17389
551280,SCE Willow Spring Gulch Rd CA US SC-EDISON,34.53726,-118.27295
551284,SCE Boiling Point CA US SC-EDISON,34.52318,-118.25347
551286,SCE Coastal View CA US SC-EDISON,34.47899,-120.12347
551287,SCE Cruthers Creek Rd CA US SC-EDISON,34.44092,-117.88785
551292,SCE Moody Truck Trail CA US SC-EDISON,34.42741,-118.19818
551296,SCE-3353 CA US SC-EDISON,34.43817,-117.58368
551298,SCE-3331 CA US SC-EDISON,35.1168,-118.61925
551689,SCE-3322 CA US SC-EDISON,35.39699,-118.44128
551692,SCE-3362 CA US SC-EDISON,34.39202,-118.08223
552198,SCE Ecotopia CA US SC-EDISON,34.50219,-119.35021
552199,SCE Trust Me Canyon CA US SC-EDISON,34.76131,-118.7978
552200,SCE Quail Mountain Dr CA US SC-EDISON,35.19578,-118.38297
552209,SCE-3425 CA US SC-EDISON,34.28164,-117.28434
552211,SCE-3442 CA US SC-EDISON,34.79887,-118.86747
552212,SCE-3443 CA US SC-EDISON,34.83836,-118.86262
552216,SCE-3402 CA US SC-EDISON,35.77788,-118.4333
552505,SCE-3410 CA US SC-EDISON,34.84064,-118.78527
552506,SCE-3419 CA US SC-EDISON,35.07365,-118.37205
552509,SCE-3398 CA US SC-EDISON,34.08195,-116.4539
552512,SCE-3435 CA US SC-EDISON,34.82766,-118.70769
552821,SCE Cambria Rd CA US SC-EDISON,34.42642,-117.51404
552823,SCE Grapevine Canyon Rd CA US SC-EDISON,34.39602,-117.05895
552871,SCE Quail Canyon CA US SC-EDISON,34.73333,-118.79874
554474,SCE-3489 CA US SC-EDISON,34.13507,-116.37814
554890,SCE Martin Ranch Rd CA US SC-EDISON,34.22581,-117.37308
554894,SCE-3474 CA US SC-EDISON,34.31698,-118.60625
554895,SCE-3479 CA US SC-EDISON,34.76501,-118.72246
554896,SCE-3484 CA US SC-EDISON,34.80548,-118.72723
554898,SCE-3480 CA US SC-EDISON,34.67956,-118.43357
554900,SCE-3487 CA US SC-EDISON,34.78311,-118.63821
554903,SCE-3486 CA US SC-EDISON,34.28664,-118.29122
554904,SCE-3488 CA US SC-EDISON,34.64725,-118.2711
554912,SCE-3470 CA US SC-EDISON,34.51351,-118.35967
555617,Highway 46 CA US PGE,35.72676,-120.19569
556079,Pismo Bodega,35.11138,-120.616
557922,E Meadow Ln,34.26574,-116.83141
559174,Ft Mohave CA US AZMET,34.96909,-114.64504
559854,La Mesa Rd,35.17716,-114.50038
561862,Foxen Canyon Rd,34.83832,-120.24036
564089,N3FAA Lancaster CA US,34.785,-118.2745
566682,Robison St,35.75409,-117.84386
567137,Seibenthal Rd,35.70218,-117.84685
567464,Sandy Valley NV US NV-ENERGY,35.80938,-115.59104
567927,Stirrup Ct,34.59717,-118.20393
568614,SCE-3472 CA US SC-EDISON,34.67304,-118.39512
569210,SCE-3515 CA US SC-EDISON,34.5128,-118.21816
569218,Sycamore Cove Beach (SCE-2810B),34.06646,-119.00464
569220,SCE-3501 CA US SC-EDISON,34.75472,-118.54503
569585,SCE-3547 CA US SC-EDISON,34.49403,-118.24819
569597,Rancho De Cielo CA US SC-EDISON,34.04063,-118.7897
569598,SCE-3526 CA US SC-EDISON,34.58823,-118.18515
569600,SCE-3534 CA US SC-EDISON,34.53358,-118.21577
569811,Homestead Valley,34.34213,-116.43905
570050,SCE Saddletree Ranch CA US SC-EDISON,34.32449,-118.47557
570773,Mesa Vincent 2 CA US SC-EDISON,34.3759,-118.14862
570774,SCE-3536 CA US SC-EDISON,34.08139,-118.64524
570825,SCE-3558 CA US SC-EDISON,34.43295,-118.09824
571238,SCE-3596 CA US SC-EDISON,34.42236,-118.08632
573371,SCE El Tejon School CA US SC-EDISON,34.87226,-118.88907
573374,SCE Rancho Ronnie Rd CA US SC-EDISON,35.40242,-118.80812
574114,SCE-3622 CA US SC-EDISON,34.20315,-118.80594
574314,Wolf Dr,34.49451,-117.50987
576287,Signature Dr,34.2871,-118.5121
577706,SCE Cameron Ridge CA US SC-EDISON,35.07252,-118.31977
577708,SCE Rocky Court CA US SC-EDISON,35.08966,-118.34749
578667,Breckenridge Road South CA US PGE,35.40776,-118.76142
578669,SCE Williamson Rd CA US SC-EDISON,35.15654,-118.37852
580082,SR-58 - Tehachapi Summit CA US CALTRANS,35.12539,-118.41069
580092,US-395 - Bradys CA US CALTRANS,35.7234,-117.86922
580989,Guadalupe CA US PGE,34.93181,-120.60615
581700,Tejon Overlook CA US PGE,34.8536,-118.8553
581705,Renwick Ave CA US PGE,34.67289,-120.55418
582156,GW2395 Tehachapi CA US,35.10133,-118.42217
582573,SCE Dead Ox Creek CA US SC-EDISON,35.67899,-118.91949
583837,SCE-3761 CA US SC-EDISON,34.61081,-118.68456
585665,Burke Rd,34.44932,-118.30241
586013,SR-14 - InyoKern CALTRANS,35.64173,-117.88257
587354,SCE Liebre Gulch SC-EDISON,34.71348,-118.74579
587355,SCE Lebec Bear Trap SC-EDISON,34.87445,-118.8078
587356,SCE Cottonwood Creek West SC-EDISON,34.93456,-118.50292
588762,Cleardale St,34.38662,-118.51237
591946,GW2993 Ontario CA US,34.05683,-117.61883
592721,Isabella-Stine Hill,35.6876,-118.42043
593552,N Ave del Burro,35.34555,-114.00613
593838,Flora St,35.26697,-120.63491
596496,Jet Stream Dr,35.97184,-115.13899
596533,La Salle Cir,34.48785,-117.3746
600889,SCE I5 Marple Canyon CA US SC-EDISON,34.55417,-118.65896
600892,Lower Refugio CA US PGE,34.52401,-120.0821
603499,Conception,34.4668,-120.40072
604358,Arden Mountain,35.94669,-115.04324
609505,SCE-3686 CA US SC-EDISON,34.35483,-118.45983
610098,Sunny Vista Rd,34.20579,-116.33474
610453,SCE Salty Potrero CA US SC-EDISON,34.39206,-118.65885
610454,SCE Brite Valley CA US SC-EDISON,35.10992,-118.5524
612036,Near Condor Gate,34.19251,-116.03613
612569,SCE Sandberg West CA US SC-EDISON,34.74374,-118.72578
612570,SCE Mesa View CA US SC-EDISON,34.7495,-118.71693
613291,Blackwells Corner CA US PGE,35.61336,-119.86603
614258,SCE Rehabilitation Ranch CA US SC-EDISON,34.70311,-118.37744
614259,SCE Myrick Siphon CA US SC-EDISON,34.71004,-118.41457
614261,SCE Quail Canal North CA US SC-EDISON,34.77559,-118.77479
614291,Reef Station CA US PGE,35.89147,-120.04716
614369,Larkspur Dr,35.41137,-113.85867
615186,Mustang Rd,34.20004,-115.88583
615485,SCE LA Aqueduct CA US SC-EDISON,34.77583,-118.59462
616515,GW3928 LOS ANGELES CA US,34.06617,-118.2985
616759,SCE Carr Canyon CA US SC-EDISON,34.50815,-118.01822
617588,SCE Lytle Creek Power House CA US SC-EDISON,34.20979,-117.45135
618813,N Saddle Pass Rd,34.69648,-112.54742
619265,SCE Pack Mem Trail CA US SC-EDISON,34.36695,-117.18875
619266,SCE Hesperia South CA US SC-EDISON,34.36518,-117.27659
619267,SCE Grass Valley CA US SC-EDISON,34.289,-117.22552
621566,Los Olivos,34.67453,-120.09008
622823,Ventura Harbor Patrol,34.25195,-119.26691
622909,SCE Anaverde Valley CA US SC-EDISON,34.55725,-118.18302
622911,SCE Rough Road CA US SC-EDISON,34.49954,-118.09947
623492,SCE-3722 CA US SC-EDISON,34.46179,-118.12826
624045,Drummond Ave,35.63639,-117.70158
624349,Lucerne Way,35.61177,-118.48635
625489,Top of Clearpoint ,34.29615,-119.20236
626159,Random Oaks Rd,34.64737,-120.12244
629950,Valencia Cir,34.2154,-118.90163
629976,GW4469 KINGMAN AZ US,35.25817,-114.01783
630382,Sumac Ave,34.41999,-117.26204
630417,GW4454 JUNIPER HILLS CA US,34.45217,-117.94883
630633,Reinclaud Ct,35.05083,-118.44518
632286,Blacksmith Way,35.13668,-114.51235
633112,SCE-3690 CA US SC-EDISON,34.32016,-118.56521
635098,784SE CA US SC-EDISON,34.50062,-119.84216
637679,Running Iron,34.70156,-112.53455
639354,GW4987 PRESCOTT AZ US,34.56367,-112.52117
639646,Justin Ln,35.02109,-120.55606
641267,Indio Dr,35.1731,-120.70187
645583,SCE Oakridge Oil Field CA US SC-EDISON,34.36354,-118.80315
645584,SCE Julians Ridge CA US SC-EDISON,34.45787,-118.27259
646690,SCE-3801 CA US SC-EDISON,34.40438,-117.20169
647495,SCE E Tehachapi Blvd CA US SC-EDISON,35.10846,-118.31549
2352,Leo Carrillo_raws,34.0456,-118.9358
86680,SB Airport,34.4258,-119.8425
526508,Hillcrest Dr,35.37385,-120.84627
539768,Sunset Ln,34.17462,-119.23454
8753,Malibu Hills,34.0583,-118.6333
15246,Burbank Airport,34.2,-118.35
525149,Lopez Drive CA US PGE,35.17429,-120.52904
6198,Vandenberg North,34.8033,-120.5206
184263,SCE Thousand Oaks CA US,34.1997,-118.83333
583877,Lakeview Dr,34.74009,-117.34815
5637,CARRIZO,35.0964,-119.7728
6029,Bradley,35.8644,-120.8
20746,Victorville CA US CIMIS,34.478,-117.261
158242,San Marcos Pass Vol Fire,34.49133,-119.79639
180564,SCEdison 059 CA US,35.19867,-118.67716
189428,SR-178 - Kern Canyon Road CA US CALTRANS,35.39873,-118.8797
525152,Arroyo Grande CA US PGE,35.10923,-120.58076
546544,SCE Mt Lukens Truck Trail CA US SC-EDISON,34.23106,-118.18534
622586,12th St,35.63156,-120.71201
7066,BRANCH MOUNTAIN,35.1889,-120.0833
8603,Ravenna,34.4458,-118.2
9388,HORSE THIEF SPRINGS,35.7706,-115.9092
9544,Goose Lake,34.8075,-114.5347
32462,K7AC-13 White Hills,35.7145,-114.37383
48584,GVPC1,34.9017,-118.9033
97053,Burns Pinion Ridge Reserve (UCNR CA US DRI,34.14806,-116.45583
101606,KENBRK CA US UPR,34.25717,-117.47014
119926,I-5 @ Route 46 CA US CALTRANS,35.58647,-119.62648
149687,Lompoc CA US CIMIS,34.6722,-120.5131
175621,SCEdison 003 CA US,34.07684,-118.65901
175637,SCEdison 021 CA US,34.4259,-118.12344
179928,FW3178 Victorville Southwest CA US SGXWFO,34.48817,-117.36467
180595,SCEdison 062 CA US,34.49386,-118.2743
180661,SCEdison 071 CA US,34.65587,-118.46329
180797,SCEdison 086 CA US,34.35599,-118.71467
181282,SC Edison 104 CA US,34.3349,-118.72276
181654,Lockwood Jolon Road CA US,35.96637,-121.13233
182553,EW2593 Prescott AZ US,34.5765,-112.51283
182625,Flying Lady Road CA US,35.41359,-120.52551
182726,Nickel Creek Road CA US,35.76641,-120.61119
184144,SCE Carlisle Rd CA US,34.11798,-118.89481
184504,La Entrada Road CA US,35.40061,-120.4918
184602,SCE Lockwood Valley CA US,34.76263,-119.0673
184629,Long Valley Road CA US,34.70431,-120.05846
184640,SCE Lebec CA US,34.8246,-118.89512
184878,Calf Canyon Highway CA US,35.46,-120.42755
186006,SCE Creekside Rd CA US,34.39301,-117.60956
186247,SCE Rose Hills CA US,34.01677,-118.01703
186256,SCE-2393 CA US,34.17781,-117.48418
186474,SCE Soledad Canyon Rd CA US,34.43564,-118.34249
186626,SCE-2439 CA US,34.44452,-117.93478
186662,SCE-2445 CA US,34.81947,-119.46094
186814,Rancho Road CA US,35.08717,-118.82001
186815,April Lane CA US,35.50538,-118.97831
186830,SCE Little Morongo Rd CA US,34.10335,-116.52996
186834,SCE Mojave River Rd CA US,34.26327,-117.31503
186899,Pine Mountain Tower CA US,35.55264,-118.82338
187842,Twitchell Reservoir CA US,35.01667,-120.33661
188274,SCE-2478 CA US,34.65354,-118.3871
188589,SCE Letteau Canyon CA US SC-EDISON,34.52494,-118.2779
191276,SCE Jury Ranch Dr CA US SC-EDISON,35.12873,-118.52955
196318,SCE Ocean View Dr CA US SC-EDISON,34.22737,-117.25759
196766,Bena Road CA US PGE,35.33396,-118.7349
198239,SCE Wolcott Way CA US SC-EDISON,34.4267,-118.63792
198409,SCE Guardian St Hills CA US SC-EDISON,34.26478,-118.70892
200131,Foley Estates CA US PGE,34.64926,-120.30097
201562,SCE 10th St SW CA US SC-EDISON,34.65841,-118.14789
202425,SCE-2889 CA US SC-EDISON,34.1505,-117.37543
516895,SCE Cajon Wash CA US SC-EDISON,34.13623,-117.35266
516899,SCE-2895 CA US SC-EDISON,34.01916,-117.40155
518615,SCE-2952 CA US SC-EDISON,34.12706,-117.68559
521757,SCE Stallion Springs CA US SC-EDISON,35.12954,-118.60606
523292,SCE Palomino Dr CA US SC-EDISON,34.47644,-118.17165
524405,Black Mountain Foothills CA US PGE,35.36811,-120.36817
524785,Navajo Flats CA US PGE,35.37907,-120.28741
544133,Danbury Ave,34.39114,-117.29005
545364,Graciosa Road CA US PGE,34.82417,-120.4581
545733,Meyer Manor Winery,34.53312,-117.12693
546543,SCE Clear Creek CA US SC-EDISON,34.26739,-118.16232
547691,SCE Malibu Creek CA US SC-EDISON,34.06365,-118.6975
547696,SCE Rifle Range CA US SC-EDISON,34.17995,-117.3906
551694,SCE-3378 CA US SC-EDISON,34.52009,-120.07576
552188,SCE Beverly Anne St CA US SC-EDISON,34.83098,-119.05378
552203,SCE Gorman Post Rd CA US SC-EDISON,34.79028,-118.82748
552214,SCE-3403 CA US SC-EDISON,35.73821,-118.5566
563681,E Santa Maria St,34.34818,-119.06313
573372,SCE Tejon Hills CA US SC-EDISON,35.16589,-118.76423
573373,SCE-3606 CA US SC-EDISON,34.412,-118.67144
574115,SCE Wright Mountain Rd CA US SC-EDISON,34.35791,-117.60861
574947,Warbonnet Ln,34.74614,-112.58498
580081,SR-58 - Tehachapi - Broome Rd CA US CALTRANS,35.20059,-118.52189
580929,Saddle Peak Rd,34.0842,-118.63819
582177,SCE-3556 CA US SC-EDISON,34.04597,-117.47689
582572,SCE Woody Road CA US SC-EDISON,35.5846,-118.91969
584287,SCE County Line CA US SC-EDISON,34.77788,-118.87477
585060,N Upper Pass,34.82137,-112.63291
588669,Deep Creek Rd,34.42629,-117.22559
590444,GW2835 Lake Hughes CA US,34.65333,-118.47433
594105,Potosi Mtn. Mine Site NV US DRI,35.97194,-115.54194
599448,Pinecrest Mesa Rd,34.43753,-117.93497
599711,SCE Kelso Creek Rd CA US SC-EDISON,35.6671,-118.26438
609527,Lost Hills CA US PGE,35.60998,-119.69003
610457,SCE Tejon Creek CA US SC-EDISON,35.04026,-118.64813
610731,Blakes Ranch,34.42508,-112.75409
617586,SCE Cleghorn Ridge CA US SC-EDISON,34.31102,-117.44506
619769,Kiler Canyon Rd,35.60819,-120.71055
622171,SCE Rambla Pacifico CA US SC-EDISON,34.06257,-118.64881
623490,SCE Ellwood Ridge CA US SC-EDISON,34.5106,-119.87838
623491,SCE Lone Oak Canyon CA US SC-EDISON,34.21017,-118.73797
624124,SCE Newhall Orchards CA US SC-EDISON,34.41182,-118.73695
629686,Santa Maria,34.92878,-120.49673
632598,Buena Vista CA US PGE,35.65572,-120.67099
642667,Ocean Ave,35.63693,-117.69097
646155,Riccomini Ave,35.0477,-118.1405
7233,Gould Park,34.4614,-119.6481
157747,Dolphin Bay Resort,35.16425,-120.68925
518735,Hollister Ranch Rd,34.46955,-120.26248
8773,Newhall Pass,34.3369,-118.5203
517830,AJX - CSS CA US HOLFUY,34.19338,-117.32391
578171,Fernald Point Ln,34.41908,-119.62215
180600,SCEdison 068 CA US,34.51048,-119.77265
185348,SCE Gibraltar Rd CA US,34.47121,-119.67688
551547,Beachcomber Blvd,34.45313,-114.35706
5721,DEVORE,34.2211,-117.4044
19534,Joshua Tree Natl Monument,34.0676,-116.3889
34025,Shoshone CA US CEMP,35.9597,-116.2619
48090,San Bernadino Airport,34.1,-117.23
83556,Tank Farm,35.2461,-120.675
164168,Clarks Peak,34.08111,-118.96511
169618,FW0494 San Bernardino CSUSB CA US SGXWFO,34.18433,-117.32333
171133,FW1186 Kernville CA US,35.72817,-118.41967
180470,SCEdison 052 CA US,34.45472,-119.9231
180565,SCEdison 060 CA US,35.16111,-118.5798
181281,Zumirez,34.02951,-118.79475
183749,Cambria Bluff Trail,35.546,-121.096
184793,SCE-2195 CA US,34.1631,-117.341
624423,Mt Baldy Rd,34.27345,-117.60916
2926,WW6RY Lancaster,34.777,-118.2775
3838,CW6335 Arroyo Grande,35.10717,-120.38083
5877,LOST HORSE,34.0178,-116.1878
9552,Union Pass,35.2322,-114.3819
86785,WX6HNX-4 Grapevine CHP CA US,34.9606,-118.9381
92027,N6GKR Acton CA US,34.50121,-118.16165
94841,PARAMOUNT CA US SUPERAWOS,35.66638,-119.89638
99161,Shadow Mountains (Mountain Pass) CA US SCAN,35.4667,-115.7166
99291,Cadiz Valley CA US CIMIS,34.5136,-115.5106
100968,WX6HNX-15 Boron CA US,35.00344,-117.65037
150144,EW5448 Fort Mohave AZ US,34.99217,-114.58967
163556,EW8927 Ridgecrest CA US,35.61533,-117.659
172253,SBCFD PORTABLE 1 CA US,34.91511,-120.2505
173319,FW1895 Apple Valley Narrows CA US SGXWFO,34.533,-117.28
175591,Brentwood,34.0505,-118.468
175628,SCEdison 012 CA US,34.45997,-118.4224
175679,FILLMORE VENTURA CA,34.4489,-118.835
180133,SEDGWICK CA US,34.68063,-120.04744
180236,SC Edison 042 CA US,34.42341,-118.41527
180373,SC Edison 045 CA US,34.38932,-119.00779
180576,SCEdison 061 CA US,34.3688,-117.5685
180796,SCEdison 085 CA US,34.03479,-116.97013
182626,Misty Canyon CA US,35.50096,-120.60852
184069,SCE I5 Newhall CA US,34.36702,-118.55721
184262,SCE Moorpark College CA US,34.2969,-118.83389
184428,SCE 153 CA US,34.21283,-117.37707
184589,SCE Dry Canyon CA US,34.46655,-118.53664
184594,SCE Red Rover Mine CA US,34.5233,-118.21135
184600,SCE Pacoima Dam CA US,34.32755,-118.40229
184846,SCE Las Posas Hills CA US,34.25067,-118.9792
184917,SCE Henry Ridge CA US,34.10937,-118.61239
184922,SCE Long Canyon CA US,34.31818,-118.93658
185849,FW5355 Prescott AZ US,34.6565,-112.503
186010,SCE Boneyard Canyon CA US,34.39523,-117.63705
186497,SCE West Woolsey Canyon CA US,34.24174,-118.67515
186721,Round Mountain CA US,35.54335,-118.97573
187055,SCE Kern River CA US,35.84959,-118.45028
187556,Kern Hills CA US,35.54964,-118.92164
188640,Parkfield Tower CA US PGE,35.92592,-120.3748
188895,SCE-2290 CA US SC-EDISON,34.2202,-118.68987
190657,SCE Bear Valley Springs CA US SC-EDISON,35.0883,-118.6776
190937,HARMON CA US,34.31831,-119.19367
196112,Skysource Ranch,34.0894,-118.97105
196325,SCE-2594 CA US SC-EDISON,34.10856,-116.40327
196603,SCE Wasson Rd CA US SC-EDISON,34.00738,-116.58503
196612,SCE-2598 CA US SC-EDISON,34.14406,-116.40036
196757,SCE-2146 CA US SC-EDISON,34.19616,-117.36756
196779,SCE-2613 CA US SC-EDISON,34.18961,-117.28958
196784,SCE-2622 CA US SC-EDISON,34.18993,-117.35736
196786,SCE-2605 CA US SC-EDISON,34.20889,-117.36926
197093,SCE Sycamore Canyon Rd CA US SC-EDISON,34.18357,-117.29815
197830,SCE-2681 CA US SC-EDISON,34.45221,-118.43249
198024,SCE Corral Canyon Park CA US SC-EDISON,34.04639,-118.73889
198414,SCE Barnes St CA US SC-EDISON,34.26781,-118.73509
200171,SCE-2817 CA US SC-EDISON,34.04063,-117.41814
200341,Rancho Vista Ln,34.30947,-119.16051
201254,Sand Canyon Oaks Station,34.39613,-118.43009
201681,Athol St,34.08761,-117.41659
202415,SCE Montana Ave CA US SC-EDISON,34.01896,-117.40013
518600,Carey Ranch Ln,34.29132,-118.464
518612,SCE-3024 CA US SC-EDISON,34.41668,-118.43559
518616,SCE-3016 CA US SC-EDISON,34.41809,-118.53806
518623,SCE-2960 CA US SC-EDISON,34.05989,-117.35278
519621,SCE-2988 CA US SC-EDISON,34.04199,-117.31441
520194,SCE-3007 CA US SC-EDISON,34.1183,-117.34001
521650,SCE-3072 CA US SC-EDISON,34.4295,-118.40269
521760,SCE Santa Susana Pass Rd CA US SC-EDISON,34.27209,-118.62621
522751,SCE-2973 CA US SC-EDISON,34.47438,-119.82226
522762,SCE-2931 CA US SC-EDISON,34.02688,-117.35925
522766,SCE-2968 CA US SC-EDISON,34.48913,-118.32595
522774,SCE-3071 CA US SC-EDISON,34.3353,-117.42257
523278,SCE Evergreen Rd CA US SC-EDISON,34.42417,-117.62071
523289,SCE Raywood Flat Rd CA US SC-EDISON,34.03808,-116.83174
523641,SCE-2887 CA US SC-EDISON,34.20907,-117.50264
524433,SCE-2935 CA US SC-EDISON,34.41315,-117.67128
525888,Los Padres Highway 41 CA US PGE,35.6852,-120.33658
528118,Arrow Ranch Rd,34.71186,-112.54629
529770,SR-18 - SR-189 (Lake Gregory Dri CA US CALTRANS,34.22803,-117.25166
530393,Highacres Ave,34.60997,-117.83259
531371,Breckenridge Road CA US PGE,35.42493,-118.72984
532699,FW8695 Santa Paula CA US,34.363,-119.02217
534064,Interlake Rd,35.77767,-120.9315
537612,Tepusquet Canyon Road East CA US PGE,34.91092,-120.18722
540961,SCE Ewana Pl CA US SC-EDISON,34.28673,-118.61662
545333,SCE Oak Leaf Way CA US SC-EDISON,34.03189,-117.50679
545339,SCE NW Edison Rd CA US SC-EDISON,34.21977,-118.94614
545342,SCE Shekell Rd CA US SC-EDISON,34.32904,-118.90467
545346,SCE-3104 CA US SC-EDISON,34.22623,-117.30023
545785,Wyndfield Pl,35.16766,-118.58171
545848,SCE San Gorgonio River Valley CA US SC-EDISON,34.02286,-116.88339
546547,SCE Read Rd CA US SC-EDISON,34.24987,-118.86344
547181,SCE Fish Hatchery Rd CA US SC-EDISON,34.08694,-117.04193
547192,SCE-3150 CA US SC-EDISON,34.23236,-118.93074
547684,SCE Langside Ave CA US SC-EDISON,34.42319,-118.48412
548713,Dana Foothill CA US PGE,35.04055,-120.44406
549090,SCE Poindexter Ave CA US SC-EDISON,34.28498,-118.88572
549560,SCE Cadenhorn Dr CA US SC-EDISON,34.10592,-118.78255
549987,SCE Dry Morongo Creek CA US SC-EDISON,34.03464,-116.5969
549993,SCE Santa Clara River CA US SC-EDISON,34.42871,-118.49577
550441,SCE Bennett Rd CA US SC-EDISON,34.33584,-118.71266
550444,SCE Gillibrand Canyon CA US SC-EDISON,34.31281,-118.7214
551260,SCE Castaic Creek CA US SC-EDISON,34.45091,-118.61497
551290,SCE Big Rock Creek Rd CA US SC-EDISON,34.39725,-117.80944
551293,SCE Ranch Rd CA US SC-EDISON,34.4407,-118.14704
551295,SCE-3345 CA US SC-EDISON,35.10204,-118.5435
552186,SCE Piru Canyon Rd CA US SC-EDISON,34.42564,-118.76761
552187,SCE Edwards Canyon CA US SC-EDISON,34.4135,-118.80802
552204,SCE-3401 CA US SC-EDISON,35.1731,-118.58568
554893,SCE-3475 CA US SC-EDISON,34.47189,-118.89829
559313,Box Canyon - East,34.24073,-118.64889
559446,E Javis Ave,35.58032,-117.65034
559584,Camarillo Airport,34.21248,-119.07296
569581,SCE-3516 CA US SC-EDISON,34.39539,-118.87997
570045,SCE Peppertree Ln CA US SC-EDISON,34.52642,-118.3039
570048,SCE Ridge View St CA US SC-EDISON,34.20559,-118.99823
570049,SCE Greencourt Dr CA US SC-EDISON,34.44916,-118.38796
570803,Tarina CA US PGE,35.38739,-118.81099
572000,SCE-3584 CA US SC-EDISON,35.32887,-118.41964
573369,SCE Bell Ranch Rd CA US SC-EDISON,34.24776,-119.00607
574983,SCE-3623 CA US SC-EDISON,34.39998,-118.85319
577727,Red Rock Mountain CA US PGE,34.69117,-120.26743
579037,Roosevelt Rd,34.85228,-114.59166
581706,SCE-3765 CA US SC-EDISON,34.25744,-118.88565
583033,SCE Kern River Overlook CA US SC-EDISON,35.46328,-118.78509
584286,SCE Ridge Route Rd West CA US SC-EDISON,34.53522,-118.64879
586016,SCE Poema Place SC-EDISON,34.27913,-118.59975
586017,SCE Trigger St SC-EDISON,34.2478,-118.62807
586018,SCE-3685 SC-EDISON,34.15827,-117.5236
590591,Tapo St. &amp; Walnut Ave. ,34.29716,-118.70894
590955,Kings Canyon Dr,34.16477,-118.90387
592172,E Fortuna Ct,35.20637,-113.97154
593163,GW3110 Quartz Hill CA US,34.61533,-118.29083
599036,SCE Villa Canyon CA US SC-EDISON,34.46413,-118.61638
599355,Woofy AZ,35.10634,-113.69937
600335,SCE Alder Jurupa CA US SC-EDISON,34.04768,-117.4181
603079,Chimney Canyon Road CA US PGE,35.05294,-120.22353
608681,SCE Mount Lukens CA US SC-EDISON,34.26934,-118.23813
611472,Live Oak St,34.42326,-117.25675
611945,SCE Rogers Creek CA US SC-EDISON,34.57168,-118.25991
612973,Whitehawk  #2,34.3276,-118.40604
614432,PEPPERDINE RAWS CA US,34.04811,-118.71589
615486,SCE Harmon Canyon CA US SC-EDISON,34.30226,-119.20823
617058,SCE Canada Seca CA US SC-EDISON,34.33622,-119.2518
617059,SCE Ruby Canyon CA US SC-EDISON,34.59508,-118.49155
618263,Clarksberg Road CA US PGE,35.27117,-119.94517
618269,SCE Simi Valley Landfill CA US SC-EDISON,34.29247,-118.80114
618938,Olmo Way,35.97774,-114.81731
619264,SCE Upper Big Tujunga Canyon CA US SC-EDISON,34.30632,-118.0629
620323,Christenson Rd,34.45164,-116.97761
620370,CALFIRE PORTABLE 34B CA US,35.17043,-120.76998
622607,Zubia St,35.19471,-114.00295
622910,SCE Rancho Guadalasca CA US SC-EDISON,34.1563,-118.97272
624125,SCE Cable Canyon CA US SC-EDISON,34.32663,-119.30922
624128,SCE North Wildwood Park CA US SC-EDISON,34.19409,-117.27345
624130,GW4178 CARPINTERIA CA US,34.49117,-119.50883
625239,Hierba Rd,34.52649,-118.30549
628229,Roberto Ct,35.25912,-120.64436
629198,Conception,34.47488,-120.40781
629411,Kew Dr,34.10884,-118.37634
630498,Reserve Ct,35.36793,-119.15823
630986,Frogmore Ct,35.12992,-114.62262
631420,Stearman Ave,35.51155,-119.18966
633110,SCE-3662 CA US SC-EDISON,35.02268,-118.61128
639341,SCE Oak Ridge Canyon CA US SC-EDISON,34.35698,-118.87816
641526,Mohave ETo AZ US AZMET,34.89514,-114.61568
645536,KI6KEP HESPERIA CA US,34.4295,-117.33617
645581,SCE Santa Paula Creek CA US SC-EDISON,34.37204,-119.04936
648680,GRANITES DRIPPING SPRING CA US,34.78722,-115.63639
648777,W McGrath Dr,35.75319,-114.34451
658,Santa Monica Airport,34.0158,-118.4514
93813,SB Botanic Garden,34.4558,-119.7056
183781,Mandalay Beach,34.196,-119.247
191125,SCE-2516 CA US SC-EDISON,34.43829,-119.90974
2570,Santa Ynez West,34.60217,-120.09467
97055,Norris Rancho,35.53417,-121.08333
97934,Nipomo-Guadalupe Road CA US CARB,35.02079,-120.56389
181287,SC Edison 109 CA US,34.50632,-118.61731
187765,SCE Paradise Rd CA US,34.54443,-119.83684
551269,SCE Bates Ranch CA US SC-EDISON,34.37826,-119.45865
18788,La Verne - San Dimas,34.1,-117.78
46526,LOKC1,34.73389,-119.10056
46585,LGRC1,34.41722,-119.42361
46586,Ventura County Parks,34.2673,-119.2108
97196,Chatsworth CA US CIMIS,34.29139,-118.58667
175086,FW2489 Los Osos CA US,35.32354,-120.82968
180798,SCEdison 087 CA US,35.63626,-118.2496
183750,Cambria Oceanview,35.546,-121.092
198250,Point Dume (SCE-272),34.0138,-118.80911
551262,SCE Shepard Mesa Rd CA US SC-EDISON,34.39312,-119.46585
559693,Pacific View Ln,34.28416,-119.28528
617668,Azurelee Dr,34.05249,-118.6463
2571,Palmdale Springline,34.56483,-118.10767
6004,IRON SPRINGS,34.5853,-112.5019
6007,MOSS BASIN,35.0342,-113.8942
8244,Boulder City,35.985,-114.84139
8666,Val Verde,34.4311,-118.6828
8864,San Rafael Hills,34.1942,-118.2125
9199,Breckenridge,35.4506,-118.5839
9545,SMITH PEAK,34.115,-113.3472
9720,VALYERMO,34.4456,-117.8511
46527,RSVC1,34.53944,-119.18722
71877,Studio City-Toluca Lake,34.15,-118.36667
88152,FILLMORE VENTURA CA,34.5833,-119.0758
90836,Los Osos,35.3,-120.86
91726,Rancho Cucamonga CA,34.151,-117.63333
91993,Santa Clarita CA US CIMIS,34.42694,-118.51722
93811,IRAWS 21 (Gibraltar Ridge),34.48911,-119.64975
101795,BENA CA US UPR,35.3249,-118.7265
101890,WODFRD CA US UPR,35.23033,-118.56523
102274,EW0673 New Cuyama CA US,34.94583,-119.682
102908,NR6G-5 Lamont CA US,35.28883,-118.85667
103200,Joshua Tree CA US CIMIS,34.13806,-116.21306
111274,El Rio,34.25238,-119.14318
111276,Piru,34.40426,-118.80991
111278,Simi Valley - Cochran CA US,34.2764,-118.68375
113573,NR6G-8 Allensworth CA US,35.8612,-119.3854
115203,Winchester - 33700 Borel Road CA US CARB,35.58333,-117.08333
116279,SOMIS (P729) CA PSD,34.26,-119.1
119901,EW3855 Camarillo CA US,34.2355,-119.02717
160403,Ontario - NW Corner I-10 and Eti CA US CARB,34.0678,-117.52671
166494,AZTCA_PORT1 AZ US,35.55522,-113.42775
171967,CALFIRE PORTABLE 34 CA US,35.32611,-120.6825
175344,MANZANITA MTN CA US CNRFC,34.8888,-120.0813
175622,SCEdison 005 CA US,34.49828,-118.45637
175756,SCEdison 028 CA US,34.30004,-118.71139
180468,SCEdison 050 CA US,34.24051,-117.40861
180562,SCEdison 057 CA US,34.31732,-118.96056
180672,SCEdison 082 CA US,34.42221,-119.06824
180802,SCEdison 091 CA US,34.4495,-119.11693
180918,SCEdison 095 CA US,34.16769,-117.08143
182175,Smith Road CA US,35.80746,-121.05169
184259,SCE El Rio CA US,34.25895,-119.10566
184436,Clear Canyon Road CA US,34.84685,-118.88279
184487,SCE East Highlands CA US,34.10618,-117.16845
184591,SCE Kagel Canyon CA US,34.31854,-118.37266
184799,SCE Corriganville Park CA US,34.26652,-118.64892
184849,SCE Somis CA US,34.29684,-118.95281
184885,SCE-2319 CA US,34.48985,-119.3075
185339,FW4784 Keene CA US,35.23833,-118.62983
186009,SCE Summit Valley Rd CA US,34.32537,-117.39842
186435,SCE San Francisquito Canyon Rd CA US,34.57512,-118.4606
186438,SCE Westlake Edison Rd CA US,34.16259,-118.87539
186500,SCE-2410 CA US,34.38203,-118.83255
186567,SCE Thompson Canyon Ave CA US,35.43213,-118.47704
186621,SCE-2446 CA US,35.65601,-118.27683
186658,SCE-2441 CA US,34.83826,-119.37765
186738,SCE-2440 CA US,34.0813,-116.59731
186914,SCE-2481 CA US,34.25505,-117.09205
187541,Los Osos Road CA US,35.3457,-120.79586
187771,SCE Baldwin Hills CA US,34.00741,-118.37793
188271,SCE Piru Ridge CA US,34.41288,-118.7686
188276,SCE-2283 CA US,34.39414,-117.58188
188280,Adelaida Foothills CA US,35.62088,-120.92137
188303,SCE-2355 CA US SC-EDISON,35.31556,-118.04597
188305,SCE-2331 CA US SC-EDISON,34.60314,-118.5572
188586,SCE Dos Vientos Ranch CA US SC-EDISON,34.15622,-118.98689
188819,SCE-2372 CA US SC-EDISON,34.06913,-118.87595
188960,SCE-2349 CA US SC-EDISON,34.07239,-118.78365
189048,SCE Tehachapi Loop CA US SC-EDISON,35.20422,-118.543
189463,SR-58 - West of Cottonwood Road CA US CALTRANS,35.35271,-118.98397
189795,Tepesquet Canyon Road CA US PGE,34.917,-120.21675
191127,SCE-2514 CA US SC-EDISON,35.48159,-118.79092
191198,SCE-2500 CA US SC-EDISON,34.47544,-120.15277
191284,SCE-2536 CA US SC-EDISON,34.14303,-117.54249
191285,SCE-2558 CA US SC-EDISON,34.13686,-117.50485
191287,SCE-2568 CA US SC-EDISON,34.45042,-118.50227
196611,SCE-2579 CA US SC-EDISON,34.39025,-117.58091
196775,SCE-2527 CA US SC-EDISON,34.18024,-117.26639
196780,SCE-2621 CA US SC-EDISON,34.30288,-118.92052
197625,SCE-2611 CA US SC-EDISON,34.4844,-118.08442
198001,SCE-2667 CA US SC-EDISON,34.43807,-118.26327
198009,SCE-2719 CA US SC-EDISON,34.47114,-119.77827
198016,SCE-2686 CA US SC-EDISON,34.27702,-118.94357
198020,SCE-2706 CA US SC-EDISON,34.50449,-118.33396
198021,SCE-2710 CA US SC-EDISON,34.51151,-118.29713
198257,SCE-2728 CA US SC-EDISON,34.27512,-118.81708
198259,SCE-2741 CA US SC-EDISON,34.27147,-118.78119
198423,SCE Wilderness Rd Park CA US SC-EDISON,34.21605,-117.11171
198434,SCE-2782 CA US SC-EDISON,34.42629,-118.58799
198435,SCE-2788 CA US SC-EDISON,34.39942,-118.57348
198573,SCE Pyrite St CA US SC-EDISON,34.02243,-117.46041
198574,SCE Camino Real CA US SC-EDISON,34.01494,-117.45014
199464,SCE 72nd St W CA US SC-EDISON,34.61033,-118.258
199474,SCE-2786 CA US SC-EDISON,35.62334,-118.37253
199476,SCE-2820 CA US SC-EDISON,34.27349,-117.17194
200686,Jasmine St,34.17759,-117.33995
202390,Coyote Canyon Road CA US PGE,35.24925,-120.58529
516526,Pacific Crest Dr,34.34774,-117.60755
516911,SCE-2862 CA US SC-EDISON,34.21727,-118.06385
520189,SCE-2996 CA US SC-EDISON,34.11458,-117.32925
521595,SCE-3096 CA US SC-EDISON,34.44961,-118.55898
521648,SCE-2942 CA US SC-EDISON,34.42967,-118.46484
521652,SCE-2948 CA US SC-EDISON,34.29299,-119.11761
521653,SCE-3080 CA US SC-EDISON,34.04342,-117.32427
521658,SCE-3073 CA US SC-EDISON,34.43385,-118.47618
521705,Sebastian Road CA US PGE,35.0321,-118.7726
521764,SCE Corral Canyon Rd CA US SC-EDISON,34.06441,-118.75379
521851,La Luna Ct,35.26453,-120.70449
521894,Legacy Trail,34.53148,-112.50572
522770,SCE-3065 CA US SC-EDISON,34.05241,-117.34638
522773,SCE-3068 CA US SC-EDISON,34.10711,-117.33732
523654,LPF01 PORTABLE CA US,35.99589,-121.2365
524007,Gold Tree Sub CA US PGE,35.32087,-120.69324
524022,SCE Jesus Canyon Rd CA US SC-EDISON,34.43323,-117.69749
525134,SCE Mountain Park CA US SC-EDISON,34.12814,-118.65691
525275,Pawnee,34.13914,-118.59783
531370,Bull Canyon Road CA US PGE,34.9688,-120.40587
537610,Stolo Winery CA US PGE,35.57248,-121.05415
537965,W Tamarisk Ave,35.63589,-117.69539
538871,Carriage Way,34.62786,-118.30445
540965,SCE-3033 CA US SC-EDISON,34.16636,-117.5757
544287,Avenales Ranch Road CA US PGE,35.26151,-120.27967
545360,SCE Sierra-Dolan CA US SC-EDISON,34.41927,-118.45452
545851,SCE N Lower Valley Rd CA US SC-EDISON,35.16633,-118.64419
546550,SCE Mount Disappointment Rd CA US SC-EDISON,34.24682,-118.10406
547186,SCE Edgar Canyon Rd CA US SC-EDISON,34.00887,-116.95252
547187,SCE Wildwood Canyon CA US SC-EDISON,34.00735,-116.9753
547195,SCE-3169 CA US SC-EDISON,34.2348,-118.93434
547989,Chestnut Ridge St,34.2617,-118.90429
548172,SCE-3187 CA US SC-EDISON,34.29767,-118.3729
548175,SCE-3182 CA US SC-EDISON,34.37879,-118.48545
548179,SCE-3194 CA US SC-EDISON,34.14857,-118.69694
548670,SCE Lucas Ct CA US SC-EDISON,34.47175,-118.51287
548671,SCE Broadway Rd CA US SC-EDISON,34.31523,-118.90411
548678,SCE Forest Rte 2N19 CA US SC-EDISON,34.23803,-117.05812
548682,SCE Rocky Mountain CA US SC-EDISON,34.35326,-119.30117
549089,SCE Barrymore Dr CA US SC-EDISON,34.05145,-118.74857
549097,SCE Crafton Hills Dr CA US SC-EDISON,34.03457,-117.1127
549098,SCE El Casco CA US SC-EDISON,34.0257,-117.22278
549100,SCE Malibu View Ct CA US SC-EDISON,34.13003,-118.77103
549546,SCE Water Canyon CA US SC-EDISON,34.13559,-116.46365
549986,SCE Sultus St CA US SC-EDISON,34.39845,-118.42794
550434,SCE Pacific View Dr CA US SC-EDISON,34.08653,-118.97039
550435,SCE Lancer Way CA US SC-EDISON,34.21321,-118.87079
550446,SCE Krohn Ridge CA US SC-EDISON,34.30253,-119.06011
551258,SCE The Old Rd CA US SC-EDISON,34.49351,-118.62277
551288,SCE Bermite Rd CA US SC-EDISON,34.4096,-118.5234
551291,SCE Aden Ave CA US SC-EDISON,34.38301,-118.52455
551690,SCE-3338 CA US SC-EDISON,35.10909,-118.65055
551691,SCE-3358 CA US SC-EDISON,34.17996,-117.18461
552189,SCE Arroyo Sequit CA US SC-EDISON,34.07584,-118.92436
552201,SCE Red Mountain Fire Rd CA US SC-EDISON,34.37835,-119.37717
552510,SCE-3426 CA US SC-EDISON,34.03603,-116.51475
552822,SCE N Bank Dr CA US SC-EDISON,34.26953,-119.16002
554037,Alisal Road CA US PGE,34.54741,-120.12013
554891,SCE-3481 CA US SC-EDISON,34.4101,-119.36598
554899,SCE-3485 CA US SC-EDISON,34.2975,-117.83888
554902,SCE-3458 CA US SC-EDISON,34.10732,-118.8972
554906,SCE-3490 CA US SC-EDISON,34.3087,-118.39311
554910,SCE-3492 CA US SC-EDISON,34.10633,-117.13856
557162,Steeg Rd,34.20204,-115.91537
558290,Zurich Dr,35.08409,-118.52912
558580,GW0869 Camarillo CA US,34.216,-119.04533
561932,Cam Hermanos,34.64409,-118.19468
566646,Gamma Gulch Rd,34.21903,-116.55844
566895,Coral Reef Dr,35.10238,-114.61717
566919,San Felipe Ct,35.4711,-120.73314
567845,Arvin Hills CA US PGE,35.19989,-118.76973
569211,SCE-3522 CA US SC-EDISON,34.56513,-118.1298
570042,SCE Malibu Vista CA US SC-EDISON,34.04429,-118.77422
570046,SCE Rico Ranch CA US SC-EDISON,35.94118,-118.94536
571244,SCE-3595 CA US SC-EDISON,34.21649,-117.96127
571644,SCE-3588 CA US SC-EDISON,34.31133,-119.10025
573378,SCE-3644 CA US SC-EDISON,34.26845,-118.83637
574506,Saddle Peak Rd,34.06926,-118.61966
575914,Chinook Dr,35.19352,-113.99091
577699,SCE Sutton Peak CA US SC-EDISON,34.43255,-119.49552
577796,Rancheria Road CA US PGE,35.48829,-118.808
579099,SCE Carneros Creek CA US SC-EDISON,34.46212,-119.86919
580171,Seminole Cir,34.28381,-118.55836
582576,SCE Tennessee Ridge CA US SC-EDISON,35.9495,-118.91695
583388,Tejon-Lebec CA US PGE,34.89758,-118.9226
583389,Santa Maria IDSM CA US PGE,34.91601,-120.45626
583836,Cabrillo-Santa Ynez CA US PGE,34.64979,-120.3669
585386,W COUNTY LINE ROAD-CALIMESA,34.00361,-117.06917
586729,Studio Rd,34.25266,-118.64853
591148,Jamestown Ln,34.17874,-119.22849
591165,Renate,35.63453,-120.66961
591417,WeatherOrKnot,34.29124,-118.70852
592493,Via Mira Valle,35.01231,-120.51975
595000,9th St,35.32214,-120.83359
595802,Ahwanee Ln,34.28255,-118.56683
597313,Ranchita Vista Way,35.78461,-120.60552
597438,SCE-3740 CA US SC-EDISON,35.24642,-118.62946
597439,SCE-3764 CA US SC-EDISON,34.47207,-118.43596
599218,Tamarack Dr,34.5116,-114.35532
601148,W 4th St,34.15374,-114.29939
602119,Montecielo Dr,34.6699,-120.07166
602286,Lakeview Road CA US PGE,35.75883,-121.02408
603024,Alamo Creek Road CA US PGE,35.07359,-120.28247
603947,SCE-3657 CA US SC-EDISON,34.08752,-116.43471
608459,Stonewood Ct,34.87807,-120.41498
609503,SCE-3699 CA US SC-EDISON,34.45644,-119.66813
609531,Hermosa Road CA US PGE,35.31072,-118.89245
610455,SCE Potrero Rd CA US SC-EDISON,34.15619,-118.95462
612023,Desert Lakes Dr Huukan 18,34.98635,-114.58289
613110,Autumn Ridge Dr,34.21703,-118.81426
613717,Cats Eye Dr,35.99167,-114.82755
614527,Vida Dr,34.21425,-119.1611
614566,Camino Purisima,35.1728,-120.50003
614960,Comanche Drive CA US PGE,35.40223,-118.85612
616057,Adobe CA US PGE,35.12598,-118.97653
616768,Boy Scout Camp Rd,34.74916,-119.1338
618276,King Road CA US PGE,35.78562,-119.86649
620832,Rancho Dos Vientos,34.16026,-118.98644
621515,K5KHP CAMARILLO CA US,34.226,-119.041
622025,Knight Ave,34.24607,-116.90416
622912,SCE Center Rd CA US SC-EDISON,34.27957,-119.10222
623393,Spinnaker Dr,34.2406,-119.26291
623909,Braceo St,34.4044,-117.44342
624121,SCE North Sexton Canyon CA US SC-EDISON,34.33017,-119.2238
624122,SCE Epworth CA US SC-EDISON,34.32019,-118.88012
624368,Cambria,35.67908,-121.06355
625047,Buckskin Ln,35.78347,-115.58836
626396,Weather Station ,35.06121,-120.17014
626401,Arroyo St,35.6429,-117.69396
626629,Hart Oaks Dr,35.2527,-118.62283
627517,Championship Ln,35.5662,-120.70384
629065,Evanwood Ave,34.17779,-118.77833
629721,S Allen St,35.60328,-117.68058
629751,Greencrest Way,34.62784,-118.21769
629819,Santa Clarita,34.38375,-118.49503
631278,W Church Ave,35.61909,-117.68498
631318,Sharp Terrace Dr,34.22577,-116.35775
631913,Riverfront Dr,35.11844,-114.62675
631917,Outer Loop Rd,35.40181,-116.32774
633111,SCE-3609 CA US SC-EDISON,34.0852,-118.78424
635097,SCE-3456 CA US SC-EDISON,34.50136,-119.72547
639296,SCE Muranaka Farm CA US SC-EDISON,34.27548,-118.92716
641486,SCE Moorpark Quarry CA US SC-EDISON,34.34103,-118.87508
641488,SCE Tick Canyon CA US SC-EDISON,34.46794,-118.37811
641489,SCE Tajiguas Ranch CA US SC-EDISON,34.48903,-120.08851
645586,Temblor CA US PGE,35.38339,-119.6965
645821,Buttemere Rd,34.41174,-117.5043
646164,Co Hwy 193,35.1039,-113.6673
646319,Yucca Valley,34.07013,-116.38889
646691,SCE-3800 CA US SC-EDISON,34.01807,-117.47686
647132,Medcliff Rd,34.39917,-119.73416
45435,Shell Beach,35.15972,-120.67528
6126,Lake Piru,34.4739,-118.7606
88794,Carpinteria Bluff,34.39,-119.511
516777,SCE-2811 CA US SC-EDISON,34.59606,-117.63146
7250,Ventucopa,34.6819,-119.3539
9454,Little Tujunga,34.2936,-118.3608
198971,Home Ranch,34.48691,-114.35467
5692,Lake Casitas,34.4081,-119.3703
6669,Borax NV US UPR,35.66195,-115.3553
7298,ROSE VALLEY,34.5433,-119.1842
9304,Democrat,35.5317,-118.6303
14361,Dodger Stadium,34.06694,-118.22667
93121,Montecito,34.445,-119.6258
175770,LA CONCHITA - SCHAEFER RANCH CA US CNRFC,34.36694,-119.44167
183754,Morro Bay Panorama,35.402,-120.861
183767,More Mesa Beach,34.418,-119.806
183785,Malibu Bluffs,34.037,-118.709
184847,SCE Topanga Beach CA US,34.0404,-118.5807
198557,SCE Lillie Ave CA US SC-EDISON,34.41952,-119.59425
549095,SCE PCH1 CA US SC-EDISON,34.03024,-118.75448
4112,Santa Paula,34.35186,-119.08179
7095,CHUCHUPATE,34.8064,-119.0128
7186,Frazier Park,34.8236,-118.9631
8628,Mulholland,34.125,-118.4122
8643,CLAREMONT,34.1369,-117.7069
9450,La Panza,35.3806,-120.1881
14362,Santa Clarita,34.38361,-118.52556
14385,Pomona,34.06667,-117.75
46580,Spanish Hills North,34.28278,-119.09333
73139,"South Fontana, CA",34.061,-117.486
83078,Mission Canyon,34.448,-119.725
90230,San Marcos Pass,34.49917,-119.81783
97936,Callender,35.04676,-120.58777
99618,AHAKHAV PRESERVE AZ US,34.1311,-114.3275
111279,Thousand Oaks,34.21014,-118.8705
113113,Camino Real Park,34.26911,-119.24111
118772,EW3443 Twentynine Palms CA US,34.16167,-116.09717
164171,East Mesa,34.40111,-119.71311
166671,EW9869 Big Bear Lake CA US,34.24267,-116.91783
169724,FW0665 Big Bear Lake CA US,34.22783,-116.86114
170820,Tecolote Meadows,34.441,-119.918
181343,Mt Poso North CA US,35.62741,-118.97961
183747,Leimert Estates,35.574,-121.104
183788,Huntington Palisades,34.042,-118.521
184851,SCE-2203 CA US,34.34889,-119.33793
186379,CARPINTERIA CA US,34.44453,-119.51311
186498,SCE-2386 CA US,34.61896,-117.63276
197098,SCE Ice House Canyon Rd CA US SC-EDISON,34.25034,-117.63666
197999,SCE-2665 CA US SC-EDISON,34.29455,-118.40277
198413,SCE Ridgemont Dr CA US SC-EDISON,34.04092,-118.6731
541448,Sacate Rd,34.48771,-120.29933
541522,FW9733 Fawsnkin CA US,34.26933,-116.93567
547608,Van Nuys Ave,34.15,-119.21504
550433,SCE Zuma Edison Rd CA US SC-EDISON,34.06136,-118.80367
552269,Morro Bay Power Plant EMS CA US PGE,35.37608,-120.85188
569170,GW1632 LAKE HAVASU CITY AZ US,34.49,-114.28633
574325,Gleneagles Pl,34.21097,-118.17587
576530,Sundance Trail,35.53616,-120.55756
618411,S Ocean Ave,35.44798,-120.90212
620761,Rincon Ave,34.22723,-118.39761
2614,WB6YPF Altadena,34.204,-118.138
2981,CW0464 Tehachapi,35.1505,-118.51667
3509,Oxnard East,34.207,-119.1381
3870,CW6479 Phelan,34.40217,-117.45917
4239,CW8284 Monrovia,34.1315,-118.01867
4408,CAL STATE U BAKERSFIELD CA US MISC,35.34661,-119.10004
5559,Saucelito Creek,35.1792,-120.3919
5765,Fountain Springs,35.8911,-118.9156
5962,PARKFIELD,35.8983,-120.4325
6033,ROCK CAMP,34.2881,-117.2125
6121,TANBARK,34.2069,-117.7606
6194,YUCCA VALLEY,34.1242,-116.4081
7064,Big Pine Flat,34.3194,-117.0131
7096,Converse,34.1942,-116.9131
7136,Fawnskin,34.2661,-116.8989
7201,Los Prietos,34.5358,-119.7833
7209,LYTLE CREEK,34.2339,-117.4803
7226,Mill Creek,34.0836,-117.0347
8865,SANTA FE DAM,34.1208,-117.9458
9216,BIG PINES,34.3789,-117.6919
9251,Clear Creek,34.2711,-118.1525
9402,Johnsondale,35.9706,-118.5408
9520,Piutes,35.4456,-118.2789
9546,MUSIC MOUNTAIN,35.6147,-113.7939
9643,Stallion Springs,35.0822,-118.5811
11217,Pine Flat,35.8867,-118.6483
12702,Lake Havasu City North,34.52383,-114.31383
13261,CW8508 Duarte,34.15167,-117.94967
13535,CW1772 Yucaipa,34.01583,-117.02617
14286,Piru,34.41208,-118.79241
14300,Bakersfield-California Avenue CA US CARB,35.35611,-119.04028
14305,Edison CA US CARB,35.34583,-118.85056
14311,Oildale CA US CARB,35.43861,-119.01694
14313,Paso Robles East,35.64389,-120.65611
14318,Shafter CA US CARB,35.50361,-119.27278
14339,Riverside-Rubidoux,34.00056,-117.41528
14350,Lake Gregory CA US CARB,34.24139,-117.27556
14351,Fontana-Arrow Highway,34.10056,-117.49222
14352,San Bernardino CA US CARB,34.10667,-117.27361
14363,Glendora-Laurel CA US CARB,34.14444,-117.85
14366,Redlands-Dearborn CA US CARB,34.05889,-117.14778
14367,Pasadena-S Wilson Ave CA US CARB,34.13278,-118.12722
14376,West LA-VA Hospital,34.05056,-118.45667
14386,Maricopa-Stanislaus St CA US CARB,35.05139,-119.40278
14420,Canon Perdido,34.42778,-119.69083
14884,CW7929 Yucca Valley,34.10217,-116.3855
19035,El Monte,34.08,-118.03
19441,Shafter/USDA CA US CIMIS,35.533,-119.281
19662,Delano CA US CIMIS,35.833,-119.256
20324,Claraville,35.4455,-118.32633
20714,Monrovia CA US CIMIS,34.145,-117.985
20726,Big Bear Lake CA US CIMIS,34.23806,-116.86528
20760,Santa Monica CA US CIMIS,34.044,-118.476
26212,Fredensborg Canyon,34.60917,-120.13467
30451,Pomona - CSPU,34.058,-117.812
30507,Santa Ynez CA US CIMIS,34.583,-120.078
30515,Cuyama CA US CIMIS,34.932,-119.605
30523,Santa Barbara CA US CIMIS,34.438,-119.736
30529,Arvin-Edison CA US CIMIS,35.206,-118.778
30538,Belridge CA US CIMIS,35.505,-119.69
30539,Camarillo CA US CIMIS,34.232,-118.994
30548,Nipomo CA US CIMIS,35.0283,-120.56
30550,Sisquoc CA US CIMIS,34.841,-120.212
30551,Lake Arrowhead CA US CIMIS,34.25778,-117.21889
30706,Stagecoach,35.13844,-120.56042
30773,San Luis Obispo West CA US CIMIS,35.335,-120.734
30774,Atascadero CA US CIMIS,35.472,-120.646
31133,San Luis Obispo CA US CIMIS,35.306,-120.66
31381,CW9548 Santa Barbara,34.44983,-119.72567
35137,DW0394 Redlands CA US,34.04133,-117.17167
36478,Redlands Airport,34.08526,-117.14637
46315,D1271,34.10351,-118.2697
46594,AOMC1,34.6703,-118.9801
47768,D1871,34.2365,-117.65883
47979,Casa Conejo,34.19111,-118.95639
48032,Camarillo - Ponderosa Dr.,34.23113,-119.02989
55081,D3624,34.1585,-118.04083
55841,D3845,34.36583,-117.63867
66998,Bakersfield/meadows,35.4336,-119.05677
70610,Ventura-Arroyo Verde Park,34.28333,-119.22783
70922,Eaton Canyon Park,34.195,-118.0933
71700,Sloan,35.97,-115.19817
84086,DW5026 Las Vegas NV US,35.9995,-115.2835
86039,DW5544 Topanga CA US,34.11583,-118.628
92037,DW7412 Santa Paula CA US,34.4,-119.1
93752,DW7923 San Gabriel CA US,34.10617,-118.1
94465,WX6HNX-12 Taft CA US,35.1499,-119.4296
94515,DW8313 Yucaipa CA US,34.04217,-117.01617
94798,KB6HGN Rialto CA US,34.08017,-117.37967
97028,Rancho Sierra Vista,34.17533,-118.95867
97199,Palmdale Central CA US CIMIS,34.5922,-118.1275
97203,Santa Maria II CA US CIMIS,34.9136,-120.4647
97915,Pico Rivera-4144 San Gabriel CA US CARB,34.01028,-118.06861
99162,Essex CA US SCAN,34.6667,-115.1667
100185,WX6HNX-14 Mettler CA US,35.05833,-119.08417
100327,K6FW Chino CA,34.0095,-117.6705
100528,Bakersfield-Municipal Airport CA US CARB,35.33131,-119.00004
101196,LOMA1 CA US UPR,34.03912,-117.22108
101208,VNAVST CA US UPR,34.06426,-117.53746
101843,EDISN1 CA US UPR,35.35338,-118.89269
103205,Woody,35.7061,-118.8325
110709,Simi Valley CA,34.27294,-118.73084
110748,EW0585 Wrightwood CA US,34.3495,-117.62217
110858,Frey Canyon,34.383,-118.85317
111275,Ojai,34.44804,-119.23131
111419,Patterson,34.45717,-119.81067
112027,Santa Rosa Valley,34.24183,-118.92283
112037,EW2260 Atascadero CA US,35.43383,-120.632
112554,OX Ranch CA US,35.2022,-115.1983
114021,Saratoga Spring CA US,35.68052,-116.42221
114263,EW2726 Arroyo Grande CA US,35.14967,-120.55333
115356,EW3043 Big Bear City CA US,34.23667,-116.84117
115363,N6BWX Big Bear City CA US,34.25417,-116.81217
116339,EW3172 Lake Arrowhead CA US,34.2705,-117.1885
119931,Route 99 Delano CA US CALTRANS,35.77351,-119.25233
146412,Stunt Ranch Reserve (UCNRS) CA US DRI,34.09472,-118.65667
147133,K6BPM Santa Barbara CA US,34.44267,-119.68217
150912,KC7O Sierra Madre CA US,34.167,-118.05383
151449,Los Osos Mt View,35.31667,-120.8265
152525,EW6409 Pasadena CA US,34.1745,-118.18683
152527,EW6473 Mentone CA US,34.07283,-117.07917
152645,EW6394 Atascadero CA US,35.50783,-120.734
152899,EW6547 Forest Falls CA US,34.08267,-116.90067
152957,EW6576 San Marino CA US,34.12133,-118.10583
153681,Atascadero - Lift Station 5 CA US CARB,35.49453,-120.66617
154993,EW7239 Eastvale CA US,34.02667,-117.553
157870,LPF05 PORTABLE CA US,34.80411,-119.0153
158108,EW7619 Lompoc CA US,34.637,-120.438
159408,Moorpark CA US CIMIS,34.26903,-118.84932
160269,COCHORA RANCH CA US SCAN,35.12,-119.6
160413,Ontario - Route 60 Near Road CA US CARB,34.03083,-117.61722
160470,EW8187 Alta Loma CA US,34.1,-117.4
160812,EW8196 Woodland Hills CA US,34.17467,-118.615
160962,EW8254 Altadena CA US,34.183,-118.12783
161471,EW8363 Altadena CA US,34.20083,-118.12467
162436,"The Tcimpidis Compound Weather, Granada",34.29,-118.51
162954,EW8682 Sylmar CA US,34.32033,-118.40583
163438,EW8879 Wrightwood CA US,34.36117,-117.63883
164382,Lake Nacimiento - Oak Shores,35.74967,-120.988
164976,Pinon Hills CA US SGXWFO,34.42917,-117.65183
166673,EW9887 Angelus Oaks CA US,34.14817,-116.98117
166677,EW9911 Twentynine Palms CA US,34.109,-116.04783
166679,EW9929 Crestline CA US,34.23,-117.262
166680,EW9930 Rim Forest CA US,34.228,-117.223
166681,EW9931 Green Valley Lake CA US,34.245,-117.072
167224,FW0025 Lake Arrowhead South CA US,34.237,-117.17783
167769,LAKE MEAD COMMUNICATIONS NEAR BO NV US NPS,35.98083,-114.84667
168837,Delano Municipal Airport,35.74558,-119.2365
169113,FW0194 Arroyo Grande CA US,35.13083,-120.58967
169344,FW0412 Nipomo CA US,35.04717,-120.48233
169600,FW0577 Woodland Hills CA US,34.14704,-118.59597
169735,FW0664 Big Bear Lake CA US,34.2364,-116.88931
170268,EW9934 Lake Arrowhead East CA US SGXWFO,34.26717,-117.1685
171255,FW1313 Running Springs CA US,34.21367,-117.12833
172350,EW6431 Ojai CA US,34.55699,-119.19874
174951,DW7457 Thousand Oaks CA US,34.21583,-118.84067
175188,SAN LUIS OBISPO COAST CA US,35.60503,-121.1142
175624,SCEdison 007 CA US,34.08498,-118.59477
175626,SCEdison 009 CA US,34.1788,-118.02373
175629,SCEdison 013 CA US,34.1231,-118.6324
175632,SCEdison 016 CA US,34.16603,-118.01004
175633,SCEdison 017 CA US,34.10696,-118.7005
175683,SCEdison 004 CA US,34.16891,-118.02279
175734,SCEdison 025 CA US,34.16462,-118.00588
175755,SCEdison 027 CA US,34.15954,-116.85256
175757,SCEdison 029 CA US,34.18308,-116.86808
175758,SCEdison 030 CA US,34.10083,-118.605
175759,SCEdison 031 CA US,34.09722,-118.59944
179931,SCEdison 034 CA US,34.47458,-118.63111
180233,SCEdison 039 CA US,34.4195,-119.53849
180235,SC Edison 041 CA US,34.4754,-118.67638
180371,SC Edison 043 CA US,34.30528,-118.99326
180374,SC Edison 046 CA US,34.46264,-119.1833
180434,SCEdison 047 CA US,34.40943,-119.20185
180467,SCEdison 049 CA US,34.41652,-118.93611
180469,SCEdison 051 CA US,34.46722,-119.9053
180501,SCEdison 053 CA US,34.44809,-119.59916
180502,SCEdison 054 CA US,34.47472,-119.79917
180530,SCEdison 055 CA US,34.24293,-118.22677
180673,SCEdison 083 CA US,34.09037,-116.92652
180801,SCEdison 090 CA US,34.17664,-117.98355
180882,SCEdison 099 CA US,34.27396,-118.3026
180920,FW3855 Hackberry AZ US,35.3455,-113.757
181283,SC Edison 105 CA US,34.39007,-118.40701
181284,SC Edison 106 CA US,34.2161,-117.67295
181285,SC Edison 107 CA US,35.80243,-118.66759
181286,SC Edison 108 CA US,34.1618,-117.98345
181289,SCEdison 111 CA US,34.2469,-118.23865
181328,SCEdison 112 CA US,34.18337,-117.67741
181331,SCEdison 116 CA US,34.00462,-116.90644
181340,Williams Ranch Road CA US,35.64158,-118.81006
181413,Wofford Heights,35.71204,-118.47596
181864,Ranchita Canyon CA US,35.81294,-120.54933
182174,Interlake Road CA US,35.77578,-120.89398
182440,FW4250 Ojai CA US,34.431,-119.32433
182492,SCE Highway 155 CA US,35.7382,-118.63774
182567,FW4319 Fontana CA US,34.16767,-117.47233
183171,SCE-2176 CA US,34.21591,-117.28917
184021,FW4370 Prescott AZ US,34.724,-112.55267
184142,SCE Rubio Canyon CA US,34.20023,-118.12309
184261,SCE Sinaloa Lake CA US,34.25517,-118.79803
184426,SCE East Fork City Creek CA US,34.1864,-117.17955
184429,SCE Harrison Canyon CA US,34.16764,-117.26205
184434,Highland Way CA US,34.8502,-118.903
184492,SCE-2256 CA US,34.1563,-117.6704
184498,Camatta Creek Road CA US,35.43265,-120.2868
184499,Granite Road CA US,35.60943,-118.90006
184501,Pine Mountain-Kern CA US,35.59422,-118.82716
184505,Park Hill Road CA US,35.3699,-120.405
184506,Park Hill Road East CA US,35.36976,-120.35639
184507,Park Hill Road West CA US,35.3835,-120.4918
184509,San Juan Creek Road CA US,35.31035,-120.12462
184520,Woody Granite Road CA US,35.63347,-118.84259
184590,SCE Green Valley CA US,34.62163,-118.41466
184593,SCE Veterans Memorial Park CA US,34.32773,-118.42085
184596,SCE Placerita Canyon CA US,34.38006,-118.46277
184603,SCE Castaic Junction CA US,34.4552,-118.5894
184605,SCE San Dimas Reservoir CA US,34.14992,-117.77247
184620,SCE Trancas Canyon CA US,34.04531,-118.85089
184628,Foxen Canyon Road East CA US,34.76255,-120.11527
184631,Los Pilitas Road CA US,35.35094,-120.49777
184789,SCE Puente Hills CA US,34.0064,-117.99576
184791,SCE Marshall Canyon CA US,34.15159,-117.74575
184792,SCE Johnstone Peak CA US,34.15357,-117.79788
184800,SCE Bell Canyon CA US,34.20282,-118.65829
184801,SCE-2227 CA US,34.24951,-119.05044
184839,SCE Kanan Rd CA US,34.10978,-118.80465
184840,SCE Camulet Canyon CA US,34.36771,-118.86495
184841,SCE Santa Paula CA US,34.33453,-119.0945
184842,SCE Malibu Lake CA US,34.1139,-118.7515
184844,SCE Conejo Grade CA US,34.20665,-118.97677
184845,SCE Broome Ranch CA US,34.1385,-119.0355
184848,SCE-2206 CA US,34.29971,-119.04174
184850,SCE-2143 CA US,34.45059,-119.28541
184852,SCE-2194 CA US,34.17542,-118.0958
184853,SCE-2316 CA US,34.17219,-117.57818
184859,FW5131 Bakersfield CA US,35.37667,-119.04333
184883,SCE Grimes Canyon CA US,34.34542,-118.90541
184914,SCE Archibald Ave CA US,34.16487,-117.59324
184923,SCE Moorpark CA US,34.29243,-118.90051
184927,SCE-2178 CA US,34.29448,-119.23124
185347,SCE Sycamore Dr CA US,34.36356,-119.30785
185349,SCE Kernville South CA US,35.75071,-118.42018
185350,SCE-2183 CA US,34.47136,-119.8718
185355,SCE El Capitan CA US,34.47663,-120.01983
185356,SCE Laguna CA US,34.40253,-119.44881
185357,SCE Mission Creek CA US,34.46586,-119.71101
185358,SCE Snowball Foothills CA US,34.41112,-119.50245
185363,FW2368 Montecito CA US,34.43417,-119.6265
185368,FW2444 Sierra Madre CA US,34.1715,-118.05983
185576,FW4689 Santa Paula CA US,34.67133,-119.1255
185581,FW4729 Nipomo CA US,35.018,-120.51233
185596,FW4845 San Bernardino CA US,34.145,-117.235
185663,SCE Refugio Rd CA US,34.49084,-120.06571
185664,SCE Big Sycamore Canyon CA US,34.12439,-118.99707
185770,FW1035 Ojai CA US,34.46467,-119.25583
186044,SCE Largo Vista Rd CA US,34.41234,-117.77126
186045,FW1806 Paso Robles CA US,35.6,-120.6
186246,SCE Santa Ana River CA US,34.17188,-116.9484
186248,SCE Santa Ana Canyon Rd CA US,34.10609,-117.10228
186252,SCE Cactus Flat CA US,34.32276,-116.81819
186255,SCE-2378 CA US,34.32805,-118.34102
186378,CUYAMA VALLEY CA US,34.96537,-119.88015
186380,SCE Holcomb Valley CA US,34.31249,-116.92745
186432,SCE East Foothill Dr CA US,34.15758,-117.24387
186433,SCE Garces Hwy CA US,35.74275,-118.90291
186440,SCE-2397 CA US,34.14896,-118.66519
186475,SCE Hidden Valley Rd CA US,34.14506,-118.93164
186477,EW9395 Newbury Park CA US,34.17767,-118.95883
186482,River Road CA US,35.34109,-120.4008
186485,SCE Copper Canyon CA US,34.43555,-119.3305
186499,SCE Palo Camado Canyon Rd CA US,34.16804,-118.74011
186501,SCE-2400 CA US,34.16752,-118.67796
186543,SCE Valley Vista Rd CA US,35.14089,-118.51352
186550,SCE-2423 CA US,35.55506,-118.50716
186551,SCE-2426 CA US,35.59772,-118.45348
186554,SCE-2421 CA US,34.21461,-118.14682
186555,SCE-2442 CA US,34.07044,-117.81355
186620,SCE-2154 CA US,34.43533,-119.64149
186623,SCE-2141 CA US,34.46973,-118.88176
186625,SCE-2438 CA US,34.8529,-119.14223
186663,SCE-2447 CA US,34.4048,-119.00912
186692,EW8841 San Luis Obispo CA US,35.26517,-120.64067
186693,SCE Goodenough Rd CA US,34.44522,-118.92239
186697,SCE-2412 CA US,34.20505,-117.09239
186729,SCE-2453 CA US,35.84114,-118.61675
186730,SCE-2437 CA US,34.232,-117.02598
186735,SCE Avenue 120 CA US,35.99653,-118.93808
186747,SCE Paso Flat Rd CA US,35.61999,-118.68994
186833,SCE Mozumdar Dr CA US,34.26261,-117.3287
186835,SCE Neptune Way CA US,34.23173,-117.28359
186837,SCE Middle Rd CA US,34.23696,-117.24357
186839,SCE Tunnel Ridge CA US,34.2513,-117.24302
186851,SCE Deep Creek Camp Rd CA US,34.24889,-117.13887
186889,KE6RLG Malibu CA US,34.0095,-118.802
186894,SCE-2416 CA US,34.22755,-117.03788
186910,Cal State Northridge CA US LOXWFO,34.2447,-118.525
186916,SCE Heaps Peak CA US,34.2367,-117.15308
186917,SCE Crest Park CA US,34.23255,-117.19893
187042,Sapaque Valley Road CA US,35.82591,-121.10389
187086,SCE San Gabriel River CA US,34.23289,-117.79849
187126,SCE Mentone CA US,34.07207,-117.11253
187538,Avila Beach CA US,35.19118,-120.67545
187539,Camp Roberts CA US,35.70162,-120.81199
187540,Vineyard Canyon Road CA US,35.92583,-120.50098
187660,Pismo-Old Oak Park,35.15099,-120.60777
187729,Cuyama Highway Hills CA US,35.07144,-120.16187
187761,SCE Broome Rd CA US,34.15935,-119.0378
187762,SCE Casitas Pass Rd CA US,34.38998,-119.41596
187763,SCE Oil Canyon CA US,34.45393,-119.54846
187764,SCE North Peck Rd CA US,34.34806,-119.0918
187766,SCE Sheffield CA US,34.45037,-119.5743
187767,SCE Howard Rd CA US,34.18665,-119.00065
187768,SCE Via Gaitero CA US,34.47038,-119.7622
187769,SCE Muirfield CA US,34.24999,-118.76188
187770,SCE West Point CA US,34.15995,-117.64648
188270,SCE Old Stage Dr CA US,35.83403,-118.8637
188275,SCE-2347 CA US,34.2221,-118.18828
188277,SCE-2291 CA US,34.18309,-118.18165
188278,SCE-2298 CA US,34.32103,-118.12943
188304,SCE-2341 CA US SC-EDISON,34.00379,-117.16196
188309,Stags Leap Overlook CA US PGE,35.65776,-120.76315
188329,FW6046 West Hills CA US,34.21617,-118.63217
188417,SCE North Yucca Ridge Rd CA US SC-EDISON,34.14843,-117.8878
188587,SCE Las Virgenes Rd CA US SC-EDISON,34.16678,-118.70305
188588,SCE Spunky Canyon CA US SC-EDISON,34.58545,-118.3618
188590,SCE-2144 CA US SC-EDISON,34.28265,-118.71498
188591,SCE-2155 CA US SC-EDISON,34.2387,-118.90006
188592,SCE-2288 CA US SC-EDISON,35.08466,-118.32584
188657,SCE Caliente Spring CA US SC-EDISON,35.29978,-118.59426
188658,SCE Indian Creek Rd CA US SC-EDISON,35.29857,-118.43141
188676,SCE Back Canyon Rd CA US SC-EDISON,35.32034,-118.34358
188798,SCE Foothill Rd CA US SC-EDISON,34.46999,-119.25295
188799,SCE-2153 CA US SC-EDISON,34.41538,-118.83223
188800,SCE-2307 CA US SC-EDISON,34.07748,-118.94152
188959,SCE-2339 CA US SC-EDISON,34.05592,-118.63911
188963,SCE-2371 CA US SC-EDISON,34.20579,-117.85681
189066,SCE Aliso Canyon CA US SC-EDISON,34.35591,-119.16873
189256,FW1624 Silverlake CA US,34.09404,-118.25362
189260,FW5488 La Crescenta CA US,34.2365,-118.258
189262,DW0529 Bel Air CA US,34.11983,-118.45983
189272,FW3101 Valley Glen CA US,34.175,-118.41733
189278,FW4236 Granada Hills CA US,34.3,-118.503
189558,York Mountain Road CA US PGE,35.54428,-120.83129
189564,SCE Big Falls 2 CA US SC-EDISON,34.09103,-116.93829
189776,FW6490 San Luis Obispo CA US,35.25742,-120.7009
189800,SCE-2490 CA US SC-EDISON,34.15918,-117.82785
189808,Webster Road CA US PGE,35.44795,-120.54788
189852,SCE Tuna Canyon Rd CA US SC-EDISON,34.0652,-118.61669
190432,FW6609 Ventura CA US,34.27383,-119.2315
190654,SCE Box Canyon CA US SC-EDISON,34.25583,-118.64778
190656,SCE Calabasas CA US SC-EDISON,34.1093,-118.6215
190673,SCE Sleepy Valley CA US SC-EDISON,34.50352,-118.37587
191063,SCE-2495 CA US SC-EDISON,35.97333,-118.5334
191097,SCE-2090 CA US SC-EDISON,35.70589,-118.55977
191106,SCE-2491 CA US SC-EDISON,35.82596,-118.63546
191107,SCE-2504 CA US SC-EDISON,34.45266,-119.75533
191108,SCE-2521 CA US SC-EDISON,34.44774,-119.73337
191109,SCE-2503 CA US SC-EDISON,34.44169,-119.67302
191110,SCE-2506 CA US SC-EDISON,34.43373,-119.68991
191111,SCE-2519 CA US SC-EDISON,34.44899,-119.75991
191112,SCE-2502 CA US SC-EDISON,34.43198,-119.68191
191113,SCE-2509 CA US SC-EDISON,34.4638,-119.88113
191114,SCE-2510 CA US SC-EDISON,34.43375,-119.63084
191115,SCE-2512 CA US SC-EDISON,34.45496,-119.76119
191116,SCE-2513 CA US SC-EDISON,34.407,-119.51029
191117,SCE-2520 CA US SC-EDISON,34.4412,-119.70763
191118,SCE-2517 CA US SC-EDISON,34.43896,-119.63372
191119,SCE-2518 CA US SC-EDISON,34.44908,-119.64988
191120,SCE-2507 CA US SC-EDISON,34.44555,-119.69512
191121,SCE-2511 CA US SC-EDISON,35.4597,-118.77931
191122,SCE-2501 CA US SC-EDISON,34.43105,-119.67364
191123,SCE-2515 CA US SC-EDISON,35.84183,-118.91096
191124,SCE-2523 CA US SC-EDISON,34.45016,-119.71341
191202,SCE-2544 CA US SC-EDISON,34.43713,-119.60284
191203,SCE-2539 CA US SC-EDISON,34.43923,-119.62008
191206,SCE-2529 CA US SC-EDISON,34.2923,-118.74235
191259,FW6602 Running Springs CA US,34.1935,-117.09683
191271,SCE Summit Ave S CA US SC-EDISON,34.29919,-118.70096
191279,SCE Burnett Rd CA US SC-EDISON,35.13248,-118.41415
191288,SCE-2556 CA US SC-EDISON,34.19118,-118.08756
191289,SCE-2561 CA US SC-EDISON,34.40732,-118.46267
196312,San Simeon Creek Road CA US PGE,35.64226,-121.05893
196316,SCE Davison Rd CA US SC-EDISON,34.25203,-117.33032
196321,SCE-2576 CA US SC-EDISON,34.2327,-117.25363
196326,SCE-2545 CA US SC-EDISON,34.08739,-116.90989
196327,SCE-2569 CA US SC-EDISON,34.2037,-117.14231
196604,SCE-2582 CA US SC-EDISON,34.20822,-117.10367
196605,SCE-2586 CA US SC-EDISON,34.20497,-117.11202
196607,SCE-2588 CA US SC-EDISON,34.36441,-117.64012
196608,SCE-2562 CA US SC-EDISON,35.79058,-118.96639
196609,SCE-2593 CA US SC-EDISON,34.38015,-117.6929
196617,SCE-2612 CA US SC-EDISON,34.35956,-117.62574
196618,SCE-2600 CA US SC-EDISON,34.3551,-117.62071
196767,SCE-2555 CA US SC-EDISON,35.87093,-118.63837
196769,SCE-2595 CA US SC-EDISON,34.20404,-118.13221
196772,SCE Henninger Trailhead CA US SC-EDISON,34.18289,-118.10405
196776,SCE-2584 CA US SC-EDISON,34.28608,-118.37353
196778,SCE Baily Canyon CA US SC-EDISON,34.17263,-118.06293
196781,SCE-2587 CA US SC-EDISON,34.21751,-118.15856
196782,SCE-2635 CA US SC-EDISON,34.17107,-118.04065
196783,SCE-2636 CA US SC-EDISON,34.22634,-118.23519
196787,SCE-2631 CA US SC-EDISON,34.16676,-118.068
196788,SCE-2647 CA US SC-EDISON,34.1663,-118.0598
196892,Hudson Canyon CA US PGE,34.90377,-120.22789
197091,Huasna CA US PGE,35.11621,-120.3913
197094,SCE W Poppyfields Dr CA US SC-EDISON,34.2009,-118.15248
197096,SCE McNally Loma Alta CA US SC-EDISON,34.20347,-118.14144
197097,SCE Delphin Pl CA US SC-EDISON,34.1653,-117.61169
197099,SCE-2608 CA US SC-EDISON,34.16074,-118.00347
197100,SCE Greencrest Rd CA US SC-EDISON,34.21539,-118.19412
197102,SCE-2627 CA US SC-EDISON,34.1622,-118.02864
197105,SCE-2648 CA US SC-EDISON,34.19161,-118.10538
197107,SCE-2629 CA US SC-EDISON,34.15552,-117.96747
197108,SCE-2630 CA US SC-EDISON,34.15963,-117.98949
197317,SCE-2637 CA US SC-EDISON,34.15437,-118.0215
197318,SCE-2639 CA US SC-EDISON,34.19415,-118.16814
197319,SCE-2640 CA US SC-EDISON,34.22289,-118.20493
197320,SCE-2634 CA US SC-EDISON,34.19194,-118.17617
197321,SCE-2625 CA US SC-EDISON,34.12997,-117.74285
197343,FW7101 Morro Bay CA US,35.359,-120.83767
197601,FW7176 Nipomo CA US,35.034,-120.49683
197621,SCE-2632 CA US SC-EDISON,34.36078,-117.63711
197634,SCE-2661 CA US SC-EDISON,34.25148,-117.3041
197635,SCE W Lehigh St CA US SC-EDISON,34.19163,-118.1694
197641,SCE Edison Rd CA US SC-EDISON,34.19665,-118.20521
197700,SCE-2652 CA US SC-EDISON,34.2448,-117.27879
197703,SCE Alta Canyada Rd CA US SC-EDISON,34.22797,-118.21086
197774,Pozo Road CA US PGE,35.31295,-120.32421
197809,SCE Deerick Sta Ballfield CA US SC-EDISON,34.20294,-117.09051
197810,SCE Hilltop Blvd CA US SC-EDISON,34.20702,-117.11228
197812,SCE Brunt Mill Rd CA US SC-EDISON,34.23442,-117.2002
197813,SCE Community Dr CA US SC-EDISON,34.23765,-117.18884
197815,SCE-2656 CA US SC-EDISON,34.24696,-117.27694
197816,SCE-2658 CA US SC-EDISON,34.2469,-117.2649
197826,SCE-2695 CA US SC-EDISON,34.08865,-116.92079
197832,SCE-2688 CA US SC-EDISON,34.37658,-118.79238
197997,SCE-2694 CA US SC-EDISON,34.57143,-118.38948
198007,SCE-2712 CA US SC-EDISON,34.45641,-119.97201
198011,SCE-2723 CA US SC-EDISON,34.40783,-118.99186
198012,SCE-2614 CA US SC-EDISON,35.15248,-118.58922
198013,SCE-2680 CA US SC-EDISON,34.31108,-119.17419
198014,SCE-2714 CA US SC-EDISON,34.37907,-119.02791
198015,SCE-2715 CA US SC-EDISON,34.42905,-118.72248
198018,SCE-2653 CA US SC-EDISON,34.33385,-119.06482
198028,SCE-2722 CA US SC-EDISON,34.40014,-119.08035
198240,SCE Florencita Ave CA US SC-EDISON,34.20703,-118.2293
198241,SCE Dalbo St CA US SC-EDISON,34.14671,-117.95108
198244,SCE Mesa Mint Ct CA US SC-EDISON,34.26822,-118.69206
198245,SCE Breckenridge CA US SC-EDISON,35.45311,-118.59134
198247,SCE Susan Brook Pl CA US SC-EDISON,34.15,-117.95084
198248,SCE Encanto Pkwy CA US SC-EDISON,34.15587,-117.92561
198252,SCE-2730 CA US SC-EDISON,34.13123,-117.81734
198254,SCE-2738 CA US SC-EDISON,34.12499,-117.8082
198258,SCE-2729 CA US SC-EDISON,34.26141,-117.49861
198415,SCE San Ysidro Rd CA US SC-EDISON,34.43921,-119.63245
198416,SCE N Jameson Ln CA US SC-EDISON,34.42111,-119.62391
198417,SCE Santa Rosa Ln CA US SC-EDISON,34.43259,-119.62884
198418,SCE De Ville Way CA US SC-EDISON,34.03691,-118.69814
198419,SCE San Antonio Creek Rd CA US SC-EDISON,34.23791,-117.65457
198420,SCE Alston Rd CA US SC-EDISON,34.42866,-119.64578
198421,SCE St Bernard Way CA US SC-EDISON,34.27055,-117.19443
198422,SCE Morada Ln CA US SC-EDISON,34.45341,-119.73981
198424,SCE Santa Barbara St CA US SC-EDISON,34.43812,-119.71938
198427,SCE Wagon Wheel Dr CA US SC-EDISON,34.21134,-117.11598
198429,SCE E Anapamu St CA US SC-EDISON,34.43249,-119.69483
198503,SCE-2644 CA US SC-EDISON,34.21667,-118.22556
198505,SCE Amhurst Dr CA US SC-EDISON,34.45235,-118.66417
198524,Diablo Gates CA US PGE,35.81882,-120.37975
198553,SCE E Mountain Dr CA US SC-EDISON,34.44761,-119.63012
198556,SCE E Mountain-2 Dr CA US SC-EDISON,34.44578,-119.62204
198558,SCE Laguna Mission St CA US SC-EDISON,34.43607,-119.711
198564,SCE Geordie Way CA US SC-EDISON,34.02549,-117.49382
198566,SCE Wayne Cir CA US SC-EDISON,34.2788,-118.75877
198567,SCE Fitzgerald Rd CA US SC-EDISON,34.25727,-118.74568
198570,SCE Stunt Rd CA US SC-EDISON,34.10106,-118.65773
198571,SCE Calabasas HS CA US SC-EDISON,34.13748,-118.62754
198914,Santa Ana Rd,35.49959,-120.73542
199313,Huer Huero Rd,35.4335,-120.49331
199467,SCE Malibu Canyon Rd CA US SC-EDISON,34.04152,-118.69584
199468,SCE N Ventura Ave CA US SC-EDISON,34.31465,-119.291
199472,SCE-2806 CA US SC-EDISON,34.29702,-119.25825
199475,SCE-2800 CA US SC-EDISON,34.36664,-119.10879
199477,SCE-2815 CA US SC-EDISON,34.36052,-119.06917
199480,SCE-2808 CA US SC-EDISON,34.14907,-117.93975
200132,Chimney Rock Road CA US PGE,35.66933,-120.99138
200168,SCE Crafton Reservoir CA US SC-EDISON,34.05905,-117.11218
200175,SCE-2813 CA US SC-EDISON,34.06276,-117.02127
200176,SCE-2816 CA US SC-EDISON,34.06122,-117.04105
200259,wxKarma,35.98442,-115.2616
200446,E Lemon Dr,34.24173,-119.03187
200453,Navajo Rd,34.49109,-117.22855
200536,Vineyard Dr,35.6065,-120.83872
200604,West Wrightwood,34.36167,-117.65004
200719,Ravenhill Rd,34.38278,-118.41884
200972,Winchester Canyon Rd,34.44106,-119.90314
201053,N Papa Talk Trail,34.7699,-112.53269
201109,SCE-2837 CA US SC-EDISON,34.13973,-117.829
201568,SCE-2830 CA US SC-EDISON,34.13775,-117.71808
201569,SCE-2840 CA US SC-EDISON,34.04677,-117.27105
201576,SCE-2835 CA US SC-EDISON,34.02376,-117.26248
201590,SCE-2846 CA US SC-EDISON,34.15215,-117.23076
202422,SCE-2888 CA US SC-EDISON,34.03833,-116.91083
202423,SCE-2915 CA US SC-EDISON,34.26794,-117.1798
202427,SCE-2883 CA US SC-EDISON,34.00608,-117.41327
516564,Iroquois Ct,34.28562,-118.68372
516657,Squire Ct,35.1976,-120.68367
516722,Don Pio Dr,34.15433,-118.60396
516744,Lindamere Pl,34.10413,-118.4578
516896,SCE-2904 CA US SC-EDISON,34.09051,-118.65527
516897,SCE Mulholland Hwy CA US SC-EDISON,34.10668,-118.7148
516901,SCE-2898 CA US SC-EDISON,34.32082,-119.33558
516902,SCE-2855 CA US SC-EDISON,34.43623,-119.26807
516904,SCE-2852 CA US SC-EDISON,34.42086,-118.94081
516905,SCE-2864 CA US SC-EDISON,34.28353,-119.26401
516906,SCE-2865 CA US SC-EDISON,34.28444,-119.22826
516908,SCE-2869 CA US SC-EDISON,34.28332,-119.25133
516909,SCE-2851 CA US SC-EDISON,34.41312,-118.47063
516910,SCE-2858 CA US SC-EDISON,34.41336,-117.43135
516912,SCE-2857 CA US SC-EDISON,34.18815,-118.20136
516929,Warm Springs Ln,35.5897,-120.67151
517605,Santa Barbara,34.42451,-119.7178
517694,"Redlands, Ca Tempest",34.04931,-117.16618
517707,Harbor Hills Ln,34.40529,-119.71524
517835,FW7887 Porter Ranch CA US,34.26217,-118.55433
517842,SCE Kilkare Rd CA US SC-EDISON,34.10121,-117.00622
517844,SCE-3002 CA US SC-EDISON,34.05457,-117.88153
518007,Covello St,34.20747,-118.60872
518539,Stallion Meadows Trail,34.48698,-118.17113
518607,SCE-3021 CA US SC-EDISON,34.486,-118.5443
518611,SCE-3015 CA US SC-EDISON,34.46164,-118.5426
518618,SCE-3009 CA US SC-EDISON,34.382,-118.56658
518619,SCE-3012 CA US SC-EDISON,34.05033,-117.91384
518620,SCE-3013 CA US SC-EDISON,34.12343,-117.85993
518624,SCE-2961 CA US SC-EDISON,34.00213,-117.01778
518664,SCE Dix Canyon CA US SC-EDISON,34.07361,-118.60888
518942,Bridge Creek Rd,35.24097,-120.59453
519056,K6LOT-13 Hollywood CA US,34.108,-118.335
519078,Seven Oaks Dam CA US CW3E,34.11566,-117.09369
519612,SCE-2914 CA US SC-EDISON,34.09107,-117.83406
519617,SCE-2999 CA US SC-EDISON,34.27921,-118.87068
519618,SCE-2964 CA US SC-EDISON,35.07601,-118.62421
519620,SCE-2978 CA US SC-EDISON,34.08573,-117.19123
519998,Sterling Hills,34.2417,-119.09536
520186,SCE S Skyline Dr CA US SC-EDISON,34.16644,-118.84657
520187,SCE Agoura Hills CA US SC-EDISON,34.14428,-118.77076
520191,SCE-2980 CA US SC-EDISON,34.02104,-117.09101
520192,SCE-2982 CA US SC-EDISON,34.14687,-118.76353
520196,SCE-3019 CA US SC-EDISON,34.03675,-117.22594
520827,Nisqually Rd,34.48408,-117.17878
520915,SCE-3093 CA US SC-EDISON,34.15314,-117.29842
520918,SCE-3005 CA US SC-EDISON,34.05627,-117.85607
521263,SCE-2986 CA US SC-EDISON,34.02834,-117.16356
521265,SCE-2997 CA US SC-EDISON,34.0259,-117.16605
521266,SCE-2923 CA US SC-EDISON,34.08143,-117.16505
521268,SCE-2902 CA US SC-EDISON,34.04875,-117.85354
521269,SCE-2913 CA US SC-EDISON,34.12522,-117.84782
521340,"Casa de Catuna, Cambria",35.57746,-121.09781
521374,Supervsn,34.19974,-118.18011
521469,N Kenwood St,34.17491,-118.3524
521594,SCE-2944 CA US SC-EDISON,34.42946,-118.52856
521598,Kiler Canyon Road CA US PGE,35.60706,-120.72479
521647,SCE-2905 CA US SC-EDISON,34.09034,-118.60519
521649,SCE-3083 CA US SC-EDISON,34.3665,-118.49893
521656,SCE-3055 CA US SC-EDISON,34.17712,-118.83895
521659,SCE-3085 CA US SC-EDISON,34.15719,-118.805
521751,SCE South Hills Park CA US SC-EDISON,34.11814,-117.8552
521752,SCE Glen Way CA US SC-EDISON,34.1255,-117.73333
521755,SCE N Lyman Ave CA US SC-EDISON,34.0887,-117.85
521758,SCE E Covina Hills Rd CA US SC-EDISON,34.07282,-117.84976
521759,SCE N Grand Ave CA US SC-EDISON,34.06081,-117.86867
521761,SCE Caropolo Peak CA US SC-EDISON,35.16829,-118.67868
521762,SCE Arroyo Conejo CA US SC-EDISON,34.206,-118.92273
521763,SCE Percolation Basin CA US SC-EDISON,34.15605,-117.83598
521765,SCE Etzel Fork CA US SC-EDISON,34.45733,-118.64269
521766,SCE Via Fresa CA US SC-EDISON,34.0669,-117.83128
521767,SCE Gillette Rd CA US SC-EDISON,34.07502,-117.78433
521869,Rio Del Loma,35.78081,-118.44437
521870,Bungalow Heaven - N Chester,34.16561,-118.1249
522382,Old Oak Park Rd,35.15131,-120.59395
522452,MacKenzie Ranch,34.39904,-118.4132
522750,SCE-3076 CA US SC-EDISON,34.45943,-119.83052
522756,SCE-2972 CA US SC-EDISON,34.10234,-118.17286
522763,SCE-3053 CA US SC-EDISON,34.13843,-117.64317
523240,Morro Road CA US PGE,35.46506,-120.67178
523243,Live Oak Road CA US PGE,35.58972,-120.72485
523244,Lower Arbor Road CA US PGE,35.59964,-120.71607
523250,Woodmansee Way CA US PGE,35.73978,-120.72034
523275,SCE Terrace View Dr CA US SC-EDISON,34.03833,-117.33863
523276,SCE W Country Line Rd CA US SC-EDISON,34.00392,-117.08357
523277,SCE Calimesa Blvd CA US SC-EDISON,34.01302,-117.07461
523279,SCE Oakgrove Canyon CA US SC-EDISON,34.71722,-118.57794
523280,SCE Western Ave CA US SC-EDISON,34.16797,-117.31482
523286,SCE Burnt Mill Creek CA US SC-EDISON,34.24529,-117.19321
523287,SCE Happy Camp Canyon Fire Rd CA US SC-EDISON,34.31016,-118.85883
523290,SCE Blue Jay Canyon CA US SC-EDISON,34.24621,-117.19855
523291,SCE Palisades Point CA US SC-EDISON,34.25834,-117.17594
523295,SCE Glen Avon Dr CA US SC-EDISON,34.25423,-117.16234
523296,SCE Mountain Top Dr CA US SC-EDISON,34.14687,-117.19884
523431,Meadowstone Dr,34.28823,-118.73611
523605,San Diego Road CA US PGE,35.4454,-120.66801
523644,SCE-2927 CA US SC-EDISON,34.24254,-117.07046
523885,Northridge Rd,34.46345,-119.74058
523935,Tuscan Dr,34.30402,-118.51401
524386,FW8471 Alta Loma CA US,34.15167,-117.61367
524393,FW8506 Templeton CA US,35.56083,-120.72217
524590,E Aeroplane Blvd,34.25878,-116.84183
524798,SCE Duarte Bike Trail CA US SC-EDISON,34.14382,-117.96003
524799,SCE-3026 CA US SC-EDISON,34.25594,-118.09627
524800,SCE-3045 CA US SC-EDISON,34.208,-118.18858
525133,SCE Tapo Canyon Rd CA US SC-EDISON,34.32559,-118.70894
525135,SCE Hitch Blvd CA US SC-EDISON,34.26212,-118.91439
525136,SCE Sloan Canyon Rd CA US SC-EDISON,34.48475,-118.64933
525137,SCE-3046 CA US SC-EDISON,34.08332,-116.89707
525254,SCE Winston St CA US SC-EDISON,34.14479,-117.97117
525458,FW8620 Tehachapi CA US,35.13667,-118.49183
525634,Nimbus Way,34.44332,-118.45694
526411,Encina Ave CA US PGE,35.39174,-120.60727
526493,Wilderness Dr,34.24286,-116.81495
526634,Lynch Canyon Road CA US PGE,35.781,-120.98354
526643,SCE Small Canyon CA US SC-EDISON,34.13599,-117.18967
526644,SCE Mt. Mooney Trail CA US SC-EDISON,34.29954,-118.00544
526695,FW8694 Santa Paula CA US,34.3165,-119.13283
526697,FW8697 Moorpark CA US,34.31017,-118.87717
526698,FW8698 Moorpark CA US,34.3115,-118.88933
527075,Reynolds St,35.28818,-118.91586
527230,Sunland Canyon,34.24957,-118.35331
527289,Park Hill Road CA US PGE,35.36736,-120.39933
528129,FW8729 Ventura CA US,34.27883,-119.18133
528641,Harris St,35.27105,-120.66373
529768,SR-2 - Wrightwood Fire Station CA US CALTRANS,34.35956,-117.62932
530456,Shoshone Ave,34.21291,-118.51639
530622,Shrine Dr,34.34364,-112.74667
530632,Pine Dr,34.42643,-119.73002
530729,Vineyard Cir,35.64727,-120.67835
531374,SCE Running Springs CA US SC-EDISON,34.18807,-117.09369
531776,Del Prado Dr,35.97284,-114.8216
531952,Skyline Canyon,35.9941,-115.07593
532111,Barley Grain Rd,35.59179,-120.67108
532320,Jacks Hill Rd,35.09657,-118.65925
533352,Harbor Blvd,34.1747,-119.22916
533396,VNC PORTABLE 1 CA US,34.24306,-118.8325
533414,La Cresta Dr,35.39976,-118.99686
533535,Raindance St,34.22457,-118.88718
533577,Tempest,34.10906,-118.46453
534305,Sunburst St,34.23487,-118.5238
534533,Gina Dr,34.21352,-119.19581
534690,Berwick Dr,35.5452,-121.08314
534739,Via Capote,34.16704,-118.98966
534932,Shasta Ln,34.47736,-114.31953
534961,W Crestview Dr,34.57247,-112.52331
535128,Mateo St,34.03483,-118.23267
535502,DARC Observatory,34.46901,-114.33196
535570,Switzerland Dr,34.23671,-116.88358
536508,FW9262 Mar Vista CA US,34.00833,-118.43167
536690,N Dana Foothill Rd,35.08184,-120.50392
537124,Los Osos Valley Road CA US PGE,35.30015,-120.77585
537613,Hearst Ranch CA US PGE,35.65636,-121.18586
537841,Alto Vista Dr,35.98879,-115.07642
539472,Harvest Ln,34.56882,-118.13232
539699,Las Brisas AccuWeather,34.4711,-118.56301
539918,Interlake Road CA US PGE,35.91961,-121.07929
540872,Crestline Dr,34.41902,-119.73422
540967,SCE-3034 CA US SC-EDISON,34.04259,-116.94712
541360,Merida Dr,34.44535,-119.8148
541372,Atmore Dr,34.3509,-119.08046
541550,SCE Pendleton Rd CA US SC-EDISON,34.04023,-117.01941
541878,Adoree Ave,35.42472,-120.87725
541991,3100 Rd,35.675,-120.74113
542061,SCE-3082 CA US SC-EDISON,34.16353,-118.83327
542467,Wilderness Dr,34.24171,-116.81471
542706,FW7879 Ventura CA US,34.27917,-119.21417
542730,EW7217 Nipomo CA US,35.03233,-120.54033
542807,FW7638 Santa Barabra CA US,34.45133,-119.70167
542809,FW7664 Ontario CA US,34.0775,-117.622
542870,San Antonio Road - Monterey CA US PGE,35.82345,-120.98039
542891,Aluffo Road CA US PGE,35.71287,-120.95749
544269,Skyline Dr,34.55018,-112.57351
545337,SCE E Hill Dr CA US SC-EDISON,34.17599,-117.27892
545338,SCE Mint Canyon CA US SC-EDISON,34.43905,-118.42989
545340,SCE Cypress Way CA US SC-EDISON,34.0187,-117.22341
545343,SCE Beneda Ln CA US SC-EDISON,34.42603,-118.44972
545408,Forman Ave,34.14828,-118.35303
545668,Whitewater Way,35.09442,-114.63206
545847,SCE Kuehner Dr CA US SC-EDISON,34.26472,-118.66217
545849,SCE Big Oaks Powerhouse CA US SC-EDISON,34.03048,-116.85068
545855,SCE-3117 CA US SC-EDISON,34.15296,-117.85061
545858,SCE-3118 CA US SC-EDISON,34.16609,-118.65769
545859,SCE-3121 CA US SC-EDISON,34.14504,-117.83204
545860,SCE-2474b CA US SC-EDISON,35.18314,-118.64673
545863,SCE-3115 CA US SC-EDISON,34.1479,-118.73756
545990,Osceola Rd,34.52897,-117.24385
546531,SCE Lisa Ct CA US SC-EDISON,34.18824,-118.93942
546539,SCE Gabbert Rd CA US SC-EDISON,34.28129,-118.90081
546545,SCE Lake Eleanor CA US SC-EDISON,34.13382,-118.85177
546546,SCE Canyon Rd CA US SC-EDISON,34.02098,-117.15202
546549,SCE Crossridge Ct CA US SC-EDISON,34.2334,-118.86708
546551,SCE Hilltop Dr CA US SC-EDISON,34.02191,-117.11734
546552,SCE-3123 CA US SC-EDISON,34.18464,-118.02281
546553,SCE-3125 CA US SC-EDISON,34.08312,-118.42269
546554,SCE Camino Manzanas CA US SC-EDISON,34.19829,-118.88723
546555,SCE Combes Ave CA US SC-EDISON,34.18764,-118.86432
547183,SCE Yucaipa Creek CA US SC-EDISON,34.00761,-117.11252
547194,SCE-3167 CA US SC-EDISON,34.16821,-116.93071
547198,SCE-3170 CA US SC-EDISON,34.16993,-116.90071
547204,GW0054 Lompoc CA US,34.6795,-120.4545
547299,SCE Cold Canyon Rd CA US SC-EDISON,34.08832,-118.68058
547364,Cam Del Rio,35.07571,-114.60303
547419,Blackrock Ave,34.12457,-117.52724
547528,Topanga Skyline Dr,34.11512,-118.62631
547563,Horse Flat Rd,35.82704,-113.82697
547688,SCE Chimney Rd CA US SC-EDISON,35.99923,-118.81706
547692,SCE Mesa Peak CA US SC-EDISON,34.06706,-118.70831
547693,SCE Liberty Canyon CA US SC-EDISON,34.11736,-118.70842
547694,SCE Hemlock Rd CA US SC-EDISON,34.1729,-118.90336
547700,SCE-3151 CA US SC-EDISON,34.03395,-117.02204
547720,SCE E Palm St CA US SC-EDISON,34.19307,-118.12399
548008,Edgehill Rd,34.59774,-120.06831
548173,SCE-3188 CA US SC-EDISON,34.37842,-118.42243
548176,SCE-3195 CA US SC-EDISON,34.32919,-118.53118
548177,SCE-3180 CA US SC-EDISON,34.1477,-118.71939
548181,SCE-3200 CA US SC-EDISON,34.34083,-119.28853
548183,SCE-3201 CA US SC-EDISON,34.32777,-118.32106
548383,Marty St,34.04647,-117.19868
548439,Knollwood Dr,34.17011,-118.9598
548496,Black Lake Canyon,35.05758,-120.54498
548585,Renee Ct,34.29034,-118.7478
548668,SCE Green Valley Lake Rd CA US SC-EDISON,34.22897,-117.09593
548673,SCE Arrowbear Lake CA US SC-EDISON,34.21373,-117.07867
548675,SCE Camp Scott CA US SC-EDISON,34.45885,-118.48599
548676,SCE Fairmont Dr CA US SC-EDISON,34.02076,-117.15997
548680,SCE Ardenwood Ave CA US SC-EDISON,34.27174,-118.65797
548681,SCE Alessandro Rd CA US SC-EDISON,34.02478,-117.17802
548683,SCE Center St CA US SC-EDISON,34.01065,-117.27618
548684,SCE Baycrest Farms CA US SC-EDISON,34.29965,-118.34967
548686,SCE Miles AI CA US SC-EDISON,34.14857,-117.30979
548687,SCE Pepsico CA US SC-EDISON,34.08529,-117.25235
548689,SCE-3224 CA US SC-EDISON,34.07766,-117.60064
548702,Indian Valley Road Central CA US PGE,35.94429,-120.66643
548703,Parkfield Coalinga Road CA US PGE,35.89751,-120.43779
548704,Buckhorn Ridge CA US PGE,35.02529,-120.19794
548954,Symeron Rd,34.52965,-117.27261
548990,Eldridge Ave,34.32299,-118.43154
549081,SCE Creekside Park CA US SC-EDISON,34.13369,-118.63556
549085,SCE Zuniga Rd CA US SC-EDISON,34.11469,-118.63919
549086,SCE Hampton Rd CA US SC-EDISON,34.02826,-117.12508
549091,SCE Yucaipa Valley GC CA US SC-EDISON,34.03289,-117.07778
549094,SCE McClenny Dr CA US SC-EDISON,35.82354,-118.64155
549096,SCE Triunfo Canyon Rd CA US SC-EDISON,34.13189,-118.80408
549259,Modoc Rd,34.42476,-119.72479
549554,SCE Springwood Ct CA US SC-EDISON,35.19288,-118.65324
549555,SCE Spring Mtn Ranch CA US SC-EDISON,34.00821,-117.29828
549566,SCE Las Virgenes Trail CA US SC-EDISON,34.12463,-118.7231
549980,SCE Altadena Dr CA US SC-EDISON,34.09755,-116.51784
549982,SCE Los Sauces Creek CA US SC-EDISON,34.34873,-119.42159
549983,SCE Northridge Rd CA US SC-EDISON,34.09046,-116.54492
549984,SCE Schaeffer Rd CA US SC-EDISON,34.47108,-118.3314
549995,SCE Mentryville Park CA US SC-EDISON,34.37986,-118.6091
549997,SCE-3317 CA US SC-EDISON,34.09581,-118.37271
550430,SCE Decker Rd CA US SC-EDISON,34.05631,-118.89697
550432,SCE Mipolomol Rd CA US SC-EDISON,34.10342,-118.95474
550437,SCE Ventura River Trail CA US SC-EDISON,34.34987,-119.30103
550439,SCE Poli St CA US SC-EDISON,34.27925,-119.25808
550440,SCE Long Canyon Rd CA US SC-EDISON,34.30652,-119.18654
550443,SCE Vineta Ave CA US SC-EDISON,34.19932,-118.18781
550447,SCE Gordon Gulch CA US SC-EDISON,35.76118,-118.81616
550448,SCE Santa Rosa Valley CA US SC-EDISON,34.23739,-118.96707
550450,SCE Chambers Ln CA US SC-EDISON,34.27888,-118.78589
550451,SCE Mitchell Rd CA US SC-EDISON,34.18774,-118.92576
550452,SCE-3321 CA US SC-EDISON,34.45796,-118.16714
550453,SCE-3323 CA US SC-EDISON,34.46812,-118.14003
550457,Starr Ranch CA US PGE,35.66897,-120.8558
550884,SCE-3303 CA US SC-EDISON,35.64696,-118.78992
550885,SCE-3319 CA US SC-EDISON,35.58669,-118.78643
551263,SCE Merlin CA US SC-EDISON,34.04223,-118.76995
551267,SCE Oak Springs Ln CA US SC-EDISON,34.44058,-119.65327
551270,SCE Barger Canyon Rd CA US SC-EDISON,34.46336,-119.74741
551271,SCE N Topanga Canyon Blvd CA US SC-EDISON,34.13712,-118.59956
551272,SCE Calle Yucca CA US SC-EDISON,34.18613,-118.89403
551273,SCE Newbury Rd CA US SC-EDISON,34.18162,-118.90145
551275,SCE E Valley Rd CA US SC-EDISON,34.43524,-119.57368
551276,SCE Brazil St CA US SC-EDISON,34.18455,-118.87504
551277,SCE Green Earth CA US SC-EDISON,34.41721,-119.52364
551279,SCE Greenfield Ranch CA US SC-EDISON,34.14178,-118.90789
551281,SCE Fordyce Rd CA US SC-EDISON,34.45758,-119.21494
551282,SCE Clark Ranch Rd CA US SC-EDISON,34.40762,-119.26413
551283,SCE Paradise Valley CA US SC-EDISON,35.06159,-118.50389
551285,SCE Ojai Grant CA US SC-EDISON,34.42167,-119.12628
551289,SCE Twinridge Rd CA US SC-EDISON,34.46892,-119.79758
551294,SCE Yvette Ln CA US SC-EDISON,34.39178,-118.54241
551347,SCE Tapia Canyon Rd CA US SC-EDISON,34.48023,-118.59642
551688,SCE-3357 CA US SC-EDISON,34.23652,-117.2688
551693,SCE-3354 CA US SC-EDISON,34.3409,-118.10865
551695,SCE-3387 CA US SC-EDISON,34.48244,-119.96524
551696,SCE-3397 CA US SC-EDISON,34.40913,-118.50058
551697,SCE-3375 CA US SC-EDISON,34.37741,-118.52895
551700,SCE-3389 CA US SC-EDISON,34.41545,-119.08699
551703,SCE-3388 CA US SC-EDISON,34.41956,-118.4457
551704,SCE-3390 CA US SC-EDISON,34.2722,-118.69965
551705,SCE-3391 CA US SC-EDISON,34.47822,-118.55951
551714,Pecho Valley Road CA US PGE,35.30398,-120.86035
552170,Sturrock Dr,35.93475,-115.10944
552184,SCE Rock Tree Dr CA US SC-EDISON,34.15134,-118.75828
552185,SCE El Cajon Dr CA US SC-EDISON,34.19796,-118.85197
552190,SCE Pacoima Wash CA US SC-EDISON,34.35196,-118.38079
552191,SCE Truman Trail CA US SC-EDISON,34.81769,-118.95643
552192,SCE Chestnut Ct CA US SC-EDISON,34.83744,-119.14524
552193,SCE Campus Park CA US SC-EDISON,34.29348,-118.8504
552194,SCE Lake of the Woods CA US SC-EDISON,34.81654,-119.00748
552195,SCE Wheeler Canyon Rd CA US SC-EDISON,34.39502,-119.13913
552196,SCE Willoughby Rd CA US SC-EDISON,34.3747,-119.17045
552197,SCE Chaparro Dr CA US SC-EDISON,34.44158,-118.53348
552202,SCE Sunset St CA US SC-EDISON,34.40324,-119.29664
552205,SCE Iron Horse Trailhead CA US SC-EDISON,34.42315,-118.57642
552206,SCE Cielito CA US SC-EDISON,34.45609,-119.68439
552208,SCE-3377 CA US SC-EDISON,35.19046,-118.61568
552210,SCE-3441 CA US SC-EDISON,34.26146,-117.35762
552217,SCE-3429 CA US SC-EDISON,34.14665,-117.06058
552261,GW0529 Ontario CA US,34.06333,-117.65083
552511,SCE-3433 CA US SC-EDISON,35.85866,-118.76659
552513,SCE-3392 CA US SC-EDISON,34.15704,-118.63797
552514,SCE-3446 CA US SC-EDISON,34.07366,-117.073
552555,Pleonastic,34.29115,-119.16484
552820,SCE W Shore Rd CA US SC-EDISON,34.26726,-117.1946
552824,SCE Ridgebrook Dr CA US SC-EDISON,34.16121,-118.78111
554741,Parker Strip,34.29848,-114.12757
554897,SCE-3457 CA US SC-EDISON,34.30232,-118.87867
554901,SCE-3476 CA US SC-EDISON,34.1638,-117.89547
556152,Hi Mountain Road CA US PGE,35.20396,-120.42075
556218,Pozo CA US PGE,35.30348,-120.36999
557322,Printz Rd,35.14221,-120.5805
557432,GW0783 Los Angeles CA US,34.10367,-118.4545
558007,Margarita Vineyards CA US PGE,35.35835,-120.55548
558135,Roma Rd,35.21937,-113.96931
558860,Twinridge Rd,34.46773,-119.79929
559044,Casitas Ln,35.09961,-120.59946
559068,Royal Valley St,35.99239,-114.98652
559345,Deertrail Dr,35.19973,-118.65527
559589,Pso Isabella,34.08543,-117.82642
560818,Bainbury St,34.42691,-118.42749
560973,Medicine Bow Ct,35.20699,-118.6653
561238,Orcutt Rd,35.22798,-120.59954
561401,Bertini Wy,34.15255,-117.45278
561583,McCrea Rd,34.22782,-118.8406
561919,GW1010 Atascadero CA US,35.51683,-120.67367
562199,Cerrillos Dr,34.16016,-118.61365
562200,Pine Valley Dr,35.14274,-118.61868
562271,Sardinia Ct,34.39821,-118.55627
562884,Running Fawn Ct,34.15737,-117.57141
563028,Cordero Ranch,35.96159,-115.16232
563089,GW1098 Rancho Cascades CA US,34.31983,-118.4745
563311,Bakersfield,35.15846,-118.97214
563353,Tamarisk Cir,34.00571,-117.01602
563430,Casitas Pass Rd,34.37901,-119.3828
563792,Neglected Orchard,35.14849,-120.54286
564023,Del Mar - North Morro Bay,35.38768,-120.85332
564025,Tiburon Way,35.26244,-120.62527
564031,Hanging Tree Rd,35.58022,-120.66601
564038,houseofcats,35.32844,-120.82626
566031,Lancaster CA W Ave J8,34.68187,-118.13797
566059,K6LCM-13 Santa Barbara CA US,34.40117,-119.72033
566087,Lola Ln,35.1029,-118.5026
566343,CA-178,35.68819,-118.05259
566499,Reservation Dr,34.46832,-114.26676
566561,Bangor Ln,34.26484,-119.27496
566947,Williamson,34.83287,-112.63623
567056,Hollister St,34.27617,-119.18425
567290,McFarlane Ave,34.14871,-118.34663
567320,Rio Lindo Shores Dr,34.24575,-114.17316
567491,Via Baja,34.2883,-119.20515
567809,Twin Tornadoes,34.35453,-119.04565
567815,E 21st St,34.13942,-117.65027
567956,W Exposition Pl,34.02068,-118.3282
568244,SCE-3471 CA US SC-EDISON,34.00411,-118.04958
568404,Starland Dr,35.18744,-118.65852
568606,SCE-3454 CA US SC-EDISON,34.12308,-118.74994
568607,SCE-3452 CA US SC-EDISON,34.14238,-117.7721
568609,SCE-3459 CA US SC-EDISON,34.02356,-118.78833
568662,Village Dr,34.87445,-120.41698
568693,Ely Way,34.26351,-118.74294
568728,Cattle Dr,35.16782,-112.51837
569219,SCE Gembrook Ave CA US SC-EDISON,34.01743,-117.99232
569579,SCE-3507 CA US SC-EDISON,34.02555,-118.77307
569582,SCE-3530 CA US SC-EDISON,34.35516,-117.63864
569583,SCE-3539 CA US SC-EDISON,34.27977,-117.2097
569586,SCE-3421 CA US SC-EDISON,35.08609,-118.64988
569587,SCE-3512 CA US SC-EDISON,34.03142,-118.76369
569599,SCE-3537 CA US SC-EDISON,34.26297,-117.22523
569602,SCE-3500 CA US SC-EDISON,34.12821,-117.83956
570047,SCE Meaford Ave CA US SC-EDISON,34.34747,-118.53181
570195,Villa Grande Way,35.99942,-114.81981
570357,SCE-3554 CA US SC-EDISON,34.28836,-119.27706
570358,SCE-3570 CA US SC-EDISON,34.35961,-119.31675
570359,SCE-3551 CA US SC-EDISON,34.31098,-119.15599
570826,SCE-3543 CA US SC-EDISON,34.12211,-118.59062
570827,SCE-3532 CA US SC-EDISON,34.47494,-120.17855
570967,Jacaranda Dr,35.17342,-118.60796
571218,SCE-3578 CA US SC-EDISON,34.42942,-118.69042
571640,SCE S Ventura St CA US SC-EDISON,34.36409,-118.92952
571641,SCE Moonridge Ave CA US SC-EDISON,34.16975,-118.92547
571643,SCE-3587 CA US SC-EDISON,34.34512,-119.04721
571647,SCE-3585 CA US SC-EDISON,34.32463,-119.08072
571693,Hopi Rd,34.50884,-117.20685
571968,SCE-3581 CA US SC-EDISON,35.42659,-118.51234
572001,SCE-3586 CA US SC-EDISON,35.46127,-118.53013
572002,SCE-3599 CA US SC-EDISON,35.52915,-118.51207
572209,Nightshade Cir,34.30056,-119.21149
572304,San Antonio Creek Rd,34.46082,-119.78117
573213,1323 Weather,34.41426,-119.71809
573239,Nathan Rd,34.45138,-119.74718
573313,W Cielo Ave,35.58263,-117.67204
573370,SCE Stump Rd CA US SC-EDISON,34.37491,-118.90237
573375,SCE Pope Ln CA US SC-EDISON,34.44341,-119.24077
573376,SCE Sun Devils CA US SC-EDISON,34.07386,-118.70491
573377,SCE-3640 CA US SC-EDISON,34.2346,-118.70328
573379,SCE Westlake Blvd CA US SC-EDISON,34.11147,-118.85336
573385,GW1944 LA VERNE CA US,34.13183,-117.75083
573621,Stagecoach Rd,34.21074,-118.68816
574116,SCE-3608 CA US SC-EDISON,34.22636,-118.85058
574298,RKR Ranch,34.39462,-112.7754
574307,Monte Vista St,34.12815,-117.60155
574857,Oakmont Ct,34.62314,-118.18903
574975,SCE-3635 CA US SC-EDISON,34.19934,-118.83964
575398,Hopi Rd,34.51584,-117.19722
575405,W Carriage Ln,34.80953,-112.54099
575550,Casa Club Dr,35.40046,-118.83061
575774,Cedar Ridge Pl,34.41277,-118.58563
575936,Prado De Oro,34.13734,-118.68309
576027,Ramona Dr,34.11491,-117.46256
576032,Cranston Ave,34.31289,-118.42124
576269,Rikkard Dr,34.22341,-118.83835
576288,Yuma Dr,34.46336,-114.29491
576540,Gamma Gulch Rd,34.22254,-116.55532
576641,Silla Rd,35.50646,-120.68801
576766,Camellia Rd,34.51154,-117.56771
577084,Fairway Ct,34.22859,-119.21038
577105,Vello Valley ,34.67831,-118.20274
577218,Rodman Dr,35.3004,-120.84879
577638,Gladstone,34.10965,-117.53896
577691,SCE Camarillo St CA US SC-EDISON,34.175,-119.04323
577704,SCE Debs Park CA US SC-EDISON,34.09216,-118.19298
577705,SCE Glendale Narrows CA US SC-EDISON,34.15673,-118.2944
578133,Via Esperanza,34.42555,-119.77569
578188,Highland Oaks Dr,34.00547,-116.96953
578262,SCE Thornton Ranch Rd CA US SC-EDISON,34.15987,-118.89851
579094,Midway-Santa Maria CA US PGE,34.99967,-120.22141
579098,Los Padres Hills CA US PGE,34.67598,-120.33592
579100,SCE-3751 CA US SC-EDISON,34.32065,-119.26552
579475,Northland St,34.17654,-118.95944
579624,SCE Calle Ecuestre CA US SC-EDISON,34.46422,-119.99518
580194,W Avenida De Los Arboles,34.21692,-118.88469
580218,Shepherd Dr,34.6872,-120.44571
580742,Foxtail Creek Ave,35.9428,-115.10848
580914,Country Club Estates,35.21851,-120.62504
581223,Canyon Springs Rd,34.11757,-117.1606
581710,Avenales Ranch CA US PGE,35.2579,-120.27471
581752,Antelope Dr,35.00209,-114.56293
581769,Montrose Ave,34.2281,-118.25902
581835,Kern Ave,35.3554,-120.84161
581844,Cameo St,34.13736,-117.62171
581959,Sumner Ave,34.45605,-118.52956
582173,O'Neil Canyon CA US PGE,34.85943,-118.88254
582174,Bakersfield IDSM CA US PGE,35.31783,-119.0686
582273,E I St,35.13432,-118.44446
582414,Ivy Ave,34.07061,-117.03745
582454,E Larkellen Ct,34.17611,-118.76081
582919,Mission Ridge Rd,34.44022,-119.70226
582976,Dune Rd,34.85131,-116.71291
583184,4 J Ranch,34.66413,-112.53346
583222,Sisar Rd,34.43743,-119.13694
583525,High Point Dr,34.29071,-119.20094
583673,Theresa Dr,34.17915,-118.94249
583979,RockingOxRanch,35.03642,-120.17907
583980,Jolette Ave,34.2984,-118.50569
584110,Hawk St,34.28071,-118.75342
584288,SCE Horsethief Mtn CA US SC-EDISON,35.10281,-118.7195
584335,Yolanda Ave,34.26333,-118.5393
584568,Arbor Rd,35.59616,-120.71555
584611,Williams St,35.36993,-118.97874
584817,E Riverfront Dr,34.16749,-114.28628
584935,Saddle Peak Rd,34.06972,-118.61112
585139,Forbidden Fruit Ln,34.67799,-120.36732
585592,Parker Ct,34.27706,-118.75916
585689,White Stallion Rd,34.15883,-118.9241
585793,Las Canoas Ridge Way,34.45911,-119.70206
585879,Capistrano Ct,35.26159,-120.70489
586053,Scadlock,34.13964,-118.46979
586071,Penny Ln,34.42853,-119.6181
586087,McCrea Rd,34.22671,-118.83106
586257,Naomi Pl,34.52358,-112.50722
586598,34th St,34.02343,-118.45048
586680,"Chatsworth, CA",34.2555,-118.56979
586684,Piedra Ct,35.20941,-120.60623
586691,Sand Canyon Rd,35.17634,-118.33978
586726,Ruby Ave,34.27111,-119.18566
586840,Big Rock Dr,34.04246,-118.62166
586847,Bee Canyon Rd,34.26785,-118.60855
586927,Nichols Canyon Rd,34.12601,-118.36217
587146,Mendenhall Ct,34.13449,-118.59018
587243,Summitridge Dr,34.12107,-118.41865
587352,Paso Robles IDSM PGE,35.56664,-120.6985
587655,Cleon Ave,34.17581,-118.36813
587786,Houghton Rd,35.23744,-119.06405
587973,Yucaipa Valley CA US CW3E,34.0074,-117.0915
588412,A St,34.91884,-120.4654
588417,Falcon Crest Dr,35.10727,-120.56693
588548,Kentland Ave,34.24525,-118.61734
588682,Laughlin,35.02042,-114.65282
588780,Via Pavion,34.85605,-120.41871
588815,Romneya Ln,34.85521,-120.42178
588992,Opal Valley St,35.97035,-115.11019
589339,Valley of the Falls Dr,34.08824,-116.93093
589366,Congress,34.27506,-112.93465
589385,Jasper St,34.15682,-117.62067
589401,Live Oak Rd,35.59206,-120.7492
589699,Channing Way,34.4025,-119.7281
590035,Rotella St,34.15735,-118.95512
590157,Day St,34.25284,-118.27432
590272,Village 20,34.21565,-118.9902
590371,La Mesa Rd,34.48429,-117.5345
590517,Haskell Vista Ln,34.36557,-118.5352
590529,Dorwin Ln,34.41742,-119.81136
590605,Osage St,35.03706,-120.50502
590698,Via Vaquero,35.12781,-120.59037
590749,Stanley Ct,34.44023,-118.48405
591013,Calle Zocalo,34.24181,-118.84955
591028,Carmelita Ave,35.47826,-120.67249
591063,Capri Ave,34.0751,-117.13127
591233,GW2929 Corpus Christi TX US,34.43783,-119.7425
591383,Kling St,34.1554,-118.41109
591399,Langley Pl,34.46349,-118.62264
591480,Pine Dr,35.76419,-118.43254
591541,Yankee Farm Rd,34.40767,-119.74955
591569,S Sparks St,34.16434,-118.32069
591623,PILOT ROCK FIRE CENTER CA US,34.2729,-117.284
591675,Hillcrest Drive,34.01879,-118.3437
591759,Los Felis Dr,34.03912,-117.78649
592200,Lang Ranch Pkwy,34.21482,-118.809
592536,GW3053 Atascadero CA US,35.50167,-120.65983
592538,GW3055 Diamond Bar CA US,34.0325,-117.78917
592842,Spring St,34.10097,-117.41013
592980,Laguna Del Campo,35.59212,-120.65868
593027,Castle Oaks Ct,35.97545,-115.20037
593440,Pinnacle Ln,34.1819,-117.33604
593468,Live Oak View Ave,34.14248,-118.22193
594371,Isabella-Mud Hen,35.66378,-118.54709
594454,Augusta Dr,34.30465,-118.90702
595015,Peppermint St,34.16983,-118.94591
595250,Creemore Dr,34.24019,-118.27142
595966,Dove Tree Dr,34.13425,-117.53445
596283,Keota Rd,34.51881,-117.24343
596441,Kinevan Rd,34.50924,-119.82394
596450,Henrietta Ave,34.23961,-118.24714
596601,Califa St,34.1767,-118.44336
596617,Nacimiento Shores Rd,35.75896,-120.95314
596763,Thousand Oaks,34.15735,-118.91539
597054,S Sepulveda Blvd,34.01394,-118.41829
597377,Tehachapi,35.11996,-118.44164
597419,GW3329 Thousand Oaks CA US,34.19717,-118.88517
597652,Branch St,34.08207,-118.21581
597713,Shearwater Ln,34.01358,-118.81686
597979,Agoura Hills,34.15204,-118.74931
598015,Juniper Ave,34.05607,-117.4397
598029,Morning Star Pl,35.62873,-120.52655
598077,SCE Columbia Rd CA US SC-EDISON,34.20198,-118.86936
598078,SCE Talopop CA US SC-EDISON,34.1009,-118.69311
598129,Las Virgenes Rd,34.1368,-118.70134
598131,Dunkirk Dr,34.19521,-119.20605
598264,Jamaica Blvd S,34.46878,-114.29813
598447,Arcadia St,35.40636,-118.94821
598613,SCE-3643 CA US SC-EDISON,34.28435,-118.74993
598846,Gilmore St,34.1874,-118.63692
598849,S Sandpiper Pl,34.02957,-117.62359
598883,High Ridge Rd,35.58711,-120.59837
598981,Isabella-Lupine,35.61405,-118.47362
599006,Templeton,35.56327,-120.80175
599220,Harvest St,34.27821,-118.45811
599671,Valerio St,34.20481,-118.5197
599706,SCE Avenue G CA US SC-EDISON,34.01289,-117.04757
599707,SCE Yucaipa CA US SC-EDISON,34.03709,-117.049
599708,SCE Alicante Ave CA US SC-EDISON,34.03281,-117.39509
600085,Norton Ave,34.06501,-117.00753
600326,GW3385 Santa Monica CA US,34.06967,-118.44267
600329,SCE Calle Pimiento CA US SC-EDISON,34.2132,-118.85135
600333,SCE Hulda Crooks Park CA US SC-EDISON,34.03665,-117.24368
600466,Sandra Dr,35.96276,-114.83759
601722,Los Olivos,34.7787,-120.03797
602281,SCE-3637 CA US SC-EDISON,34.38253,-118.84838
602634,W Plaza Serena Dr,34.16459,-117.42439
602719,Mt Francis Rd,34.49174,-112.54351
602870,Skyview Terrace,34.29095,-119.2111
602993,SCE Charmlee Park CA US SC-EDISON,34.05256,-118.8703
603080,Huasna Road CA US PGE,35.15612,-120.35704
603081,La Panza CA US PGE,35.23249,-120.22684
603535,Smiley Heights Dr,34.03115,-117.19349
603949,SCE Serpentine Dr CA US SC-EDISON,34.03063,-117.19109
603969,SCE Wagon Road Trail CA US SC-EDISON,34.25878,-118.62074
604146,Sulphur Mountain Rd,34.41054,-119.20232
604199,Albret St,34.69693,-118.19044
604532,SCE Stockton Rd CA US SC-EDISON,34.32517,-118.92652
604851,Great Sands St,35.96497,-114.84823
605273,Cielo Grande,35.51594,-120.67182
608047,16th St W,34.62774,-118.15951
608195,Vineyard Cir,35.64842,-120.67513
608483,Camden Way,34.65094,-118.25414
608501,Greenfield Ct,34.09179,-117.65919
608888,Dearborn Ave,34.59901,-118.18456
609012,Paso Robles,35.68512,-120.72197
609097,Adriana Ct,35.63987,-120.66591
609488,GW3660 CLAREMONT CA US,34.0765,-117.71833
609506,SCE-3726 CA US SC-EDISON,35.72526,-118.72227
609508,SCE Brackett Field CA US SC-EDISON,34.08951,-117.78718
609525,Wasco Way CA US PGE,35.4057,-119.44764
609820,Seth Ct,34.49673,-117.23259
609841,Andasol Ave,34.28153,-118.51235
609993,Camp 8 Rd,35.55236,-120.49789
610055,Elmira St,34.18139,-118.93263
610073,Stoner Ave,34.02447,-118.44182
610080,Rockfarm,34.43713,-117.65773
610180,Mutahar St,34.13098,-114.27504
610456,SCE Seclusion Rd CA US SC-EDISON,35.62357,-118.41473
610463,Manor Street CA US PGE,35.43634,-119.01241
610695,Thompson Ave,34.24346,-118.63498
610741,Alpaca Ave,34.8563,-118.17323
610818,Big Springs Ave,34.2939,-118.70245
611336,Tyneside St,35.93905,-115.10892
611456,N Highfield Way,35.94704,-115.08551
611494,Carnation Ave,34.0941,-118.27211
611699,Easy St,34.62394,-120.18614
611944,SCE Eagle Rock High CA US SC-EDISON,34.13103,-118.20383
611997,S Mahan St,35.60293,-117.6973
612181,Greentree Rd,34.08938,-117.65466
612326,Interlake Rd,35.79747,-120.90782
612403,Glenside Ln,34.2395,-118.9094
612882,Hi Mountain Rd,35.20572,-120.37151
613266,SCE SG River Trail CA US SC-EDISON,34.13689,-117.93963
614260,SCE-3734 CA US SC-EDISON,35.27074,-118.41659
614262,SCE Calleguas Creek CA US SC-EDISON,34.12637,-119.07372
614304,SCE-3571 CA US SC-EDISON,34.01977,-117.30532
614305,SCE Dex Trail CA US SC-EDISON,34.12905,-117.76699
614306,SCE Pilot Rock Fire Center CA US SC-EDISON,34.27142,-117.28515
614386,N American Ranch Rd,34.67669,-112.5423
614405,Spring Dr,34.2086,-117.10582
614464,Lakeside Ave,34.03917,-117.19587
614551,Golden Springs Dr,34.00663,-117.81999
614559,W Casmalia St,34.13672,-117.38021
614562,Mallory Ct,34.30644,-118.8408
614693,Sunset Blvd,34.0482,-118.51119
614883,Cielo Ln,35.01196,-120.48541
614958,SCE-3730 CA US SC-EDISON,35.23751,-118.4142
615101,E Woodland Ln,34.13416,-117.84737
615488,SCE Rose Bowl Overlook CA US SC-EDISON,34.16343,-118.18871
615680,shady grove,34.03261,-117.71862
615842,Half Moon Bay Ct,35.11145,-120.61142
615896,Cambridge Ln,34.40553,-119.51157
616269,Tierra Dr,35.30658,-120.82634
616388,Diabase Dr,35.19201,-114.22512
616850,159th St E,34.64161,-117.84698
616890,Hylton Way,34.15673,-112.85381
617101,Paso Robles,35.64592,-120.72475
617856,Laurel Rd,35.46559,-120.704
618034,Arcade Dr,34.27539,-119.26421
618115,Calle Galicia,34.40667,-119.72983
618268,Country Line Avenue CA US PGE,35.78975,-119.57322
618312,McKinley St,35.14202,-119.47234
618898,Lathrop Ave,34.29619,-118.7142
619217,Pontiac St,34.23145,-118.24677
619328,Monte Rd,35.18561,-120.69788
619352,Manor Dr,34.50294,-114.32501
619444,Modena Ln,34.27856,-118.58164
619659,Dresser Rd,34.07557,-118.64207
619660,Mayfield St,34.18138,-118.8468
619981,Montgomery Ave,34.27447,-119.18216
620210,SCE Falls Rd CA US SC-EDISON,34.26642,-117.62685
620253,Adelaida,35.62748,-120.83709
620343,Via Vaquero,35.12885,-120.58944
620447,W Fair Oaks Rd,34.72554,-112.7541
620813,E Eleka Trl,35.22641,-113.42184
620944,S Centinela Ave,34.02978,-118.45614
620964,Halsted St,34.24394,-118.60873
620973,5th St,35.32349,-120.83739
621036,Annapolis Ct,34.27369,-119.22144
621146,Suburban Rd,35.05126,-120.55563
621159,Parkhill Rd,35.38718,-120.46928
621205,EKSteel,34.00444,-118.13747
621275,Nottingham Dr,34.03377,-117.19048
621294,Lincoln Ave,34.67584,-118.10659
621340,Alamo Pintado Rd,34.64706,-120.11546
621414,Lavell Dr,34.11153,-118.22897
621423,Bannock Ct,34.48048,-117.21756
621473,Nipomo,35.05621,-120.55383
621479,Staten Pl,34.44086,-118.54326
621522,SCE-3693 CA US SC-EDISON,34.14667,-118.79267
621523,SCE Roller Hill CA US SC-EDISON,34.30236,-117.34231
621568,Simi Valley - Highland Rd,34.25293,-118.79836
621722,Oakhorn Ave,34.49247,-118.63603
621899,Temettate Ridge Ln,35.08759,-120.47742
621925,N Brenda Rd,34.75311,-112.54649
622146,N Ontare Rd,34.46683,-119.73137
622243,Camino Dos Rios,34.19395,-118.90356
622417,Echo Creek St,35.97998,-115.1247
622480,Ovington St,34.6918,-118.24389
622641,Forked Trail,34.74121,-112.57182
622863,Monte Vista Ave,34.29172,-119.20387
623038,Oak Flat Rd,35.66307,-120.73124
623058,Hemmingway St,34.21354,-118.50922
623069,Monte Rd,35.19776,-120.69474
623142,Kilbern Way,35.25376,-120.63626
623159,Northview Ave,35.07267,-120.58876
623243,W 25th St,34.1564,-117.66151
623318,Whispering Pines Rd,34.83405,-119.0467
623404,Shell Beach Rd,35.17486,-120.69777
623463,Silver Hawk Dr,34.0399,-117.06359
623489,SCE Greenwell Ave CA US SC-EDISON,34.43107,-119.59471
623600,Desnok St,34.83296,-114.59947
623951,Camrose Ct,34.51088,-117.28919
623960,Crestline,34.25646,-117.2557
623971,Home,34.04319,-117.18694
624123,SCE Arroyo Simi CA US SC-EDISON,34.28547,-118.80669
624274,W Maddie Ln,34.77349,-112.57114
624335,Boulder Oaks Lot 108,35.98109,-114.85023
624425,Cima De Colina,35.14469,-120.62537
625184,Finch Dr,34.00327,-116.98238
625278,S Sorrel St,35.61481,-117.66438
625329,Camino Cielo,34.48042,-119.29831
625535,N Kenwood St,34.18383,-118.3521
625543,Moffett Pl,34.42319,-119.83464
625555,Rancho Dr,34.26971,-119.26016
625650,SCE Whiterock Creek Trail CA US SC-EDISON,35.20698,-118.4117
625684,Sonora Ave,35.48803,-120.65495
625685,San Dominico Ave,35.30738,-120.85397
625805,Arth Dr,34.24193,-117.26223
625915,Eddleston Dr,34.29081,-118.53716
626014,Summit View Dr,34.18155,-118.80505
626214,Pozo,35.21572,-120.37068
626310,N Spotted Eagle Dr,34.7456,-112.56877
626404,Mont Eagle Pl,34.11903,-118.21811
626500,Arrowhead Dr,34.12453,-118.32707
626644,Jacaranda Ln,35.29494,-120.79437
626694,Darling Ave,34.83178,-119.05933
626771,Tempest805,34.25641,-119.19884
626845,Peale Dr,34.14577,-118.61778
627045,Camino Molinero,34.45288,-119.77852
627120,Point Hamiltair Ln,34.257,-117.19001
627628,Bienveneda Terrace,34.62438,-118.22953
627635,Ironwood St,34.12014,-117.59775
627694,Calle Mastil,34.4473,-119.80659
627833,Allen Rd,35.73334,-120.96574
627869,LazyNRanch,35.12481,-118.62004
628004,Wish Ave,34.25308,-118.50832
628030,Bruno Canyon Dr,34.76241,-112.56616
628655,Rowan Wy,35.55565,-120.70933
628964,WATTempest,34.45142,-119.83953
628966,Feliz Dr,34.41908,-119.28036
629196,Lynnbrook Ave,34.28409,-119.22161
629497,Rose Ct,35.11248,-120.60922
629514,W Tall Oaks Ct,34.66824,-112.51343
629526,Lompoc,34.58433,-120.52489
629659,Country Brk Ln,35.5785,-120.7111
629732,St Marys Dr,34.13073,-116.41287
629752,Laurel Canyon,34.11565,-118.38693
629900,Alma Real Dr,34.03634,-118.52293
630020,Trading Post Trail,34.10326,-112.82616
630079,La Colima,35.13969,-120.62111
630204,San Mateo Pl,34.17759,-119.15529
630427,GW4448 SANTA PAULA CA US,34.3035,-119.16683
630463,Beaumont - Cherry Valley CA US CW3E,34.01278,-116.96
630464,Etiwanda Downstream CA US CW3E,34.1585,-117.5138
630604,Longview Ave,35.15408,-120.6358
630690,Ampere Ave,34.20996,-118.41835
630698,High Point Dr,34.29287,-119.20315
630705,Vista Del Mar Dr,34.27337,-119.27973
630734,Dare Cir,34.72829,-112.57163
630790,Cut pad,34.10205,-117.22205
630829,Monte Bianco Pl,35.94698,-115.12031
630864,Valley Vista Way,34.30815,-118.40557
631118,Chaparral Dr,35.08619,-114.60933
631319,Flagship Dr,34.52047,-114.34012
631401,El Portal Dr,35.17614,-120.69918
631618,Tunney Ave,34.18301,-118.55615
631851,Templeton,35.54978,-120.7369
631955,Jane Dr,35.25851,-120.70222
632237,Arbor Ln Ct,34.18915,-118.88787
632298,W Temecula St,34.04476,-118.53556
632596,SCE-3658 CA US SC-EDISON,34.25521,-119.06102
632616,Condado Vista Ct,35.18095,-120.56758
632940,Radamacher Hills High Desert,35.57547,-117.64648
633113,SCE Boulder Creek CA US SC-EDISON,34.4147,-118.96432
633114,SCE-3771 CA US SC-EDISON,34.34516,-118.5101
633115,SCE Anacapa CA US SC-EDISON,34.30808,-118.95849
633275,Artisan Rd,34.18564,-118.92172
633309,S Ocean Ave,35.44664,-120.89914
633508,Telegraph Canyon CA US PGE,35.02144,-119.06401
633524,SCE Osito Canyon CA US SC-EDISON,34.61028,-118.73338
633569,Clover Ln,35.11181,-114.61121
633918,Bobstone Dr,34.13966,-118.42995
633949,Paseo Miramar,34.04967,-118.55751
634272,P2 Wx,34.26003,-118.59753
634894,Oak Springs Canyon Rd,34.41528,-118.41146
635096,SCE-3491 CA US SC-EDISON,34.51856,-119.79175
635717,785SE CA US SC-EDISON,34.31494,-118.97287
635747,Bit Ct,34.73935,-117.35781
635812,Meadow Oak Dr,35.06697,-120.56559
636541,Bollin Ave,34.22696,-119.0357
636632,Kelso Dr,35.12802,-118.62192
637095,Calle Artigas,34.23925,-118.85306
637753,R-Ranch in the Seqouias,35.97197,-118.53831
639350,GW4982 MONTECITO CA US,34.441,-119.619
639378,LOS ANGELES DOWNTOWN CA US,34.06778,-118.24167
640716,Turlock Dr,34.26135,-116.81876
641050,N Agave Meadow Way,34.75719,-112.56195
641165,Palomar Ave,35.2908,-120.67359
641483,SCE Solano Verde Dr CA US SC-EDISON,34.3236,-118.9957
641484,SCE Sulphur Quarry CA US SC-EDISON,34.4128,-119.1879
641485,SCE Limoneira North CA US SC-EDISON,34.34494,-119.14006
641504,Los Cruces Hills CA US PGE,34.51977,-120.20599
641507,El Jaro Creek CA US PGE,34.53106,-120.28847
641527,Cholam South CA US PGE,35.52237,-120.21176
641773,Outrigger Way,34.19112,-119.24202
642087,Lebec,34.95672,-118.84497
642741,GW5094 VENTURA CA US,34.27183,-119.17433
644520,Packsaddle Rd,35.17804,-113.98881
644615,San Terrazo Pl,35.98638,-115.20132
645240,Center Ave,34.20767,-116.29088
645270,Country Oak Rd,34.1215,-117.81801
645526,GW5222 WICKENBURG AZ US,34.00183,-112.79233
645578,SCE San Cayetano Mountain CA US SC-EDISON,34.42971,-118.94711
645579,SCE Avocado Hill CA US SC-EDISON,34.38561,-119.44057
645580,SCE Reimer Petit Rd CA US SC-EDISON,34.35544,-118.96753
645582,SCE Toro Canyon CA US SC-EDISON,34.42281,-119.55849
645900,Dock Ln,34.26351,-117.18822
646173,VNC STATION 54 CA US,34.22165,-119.04062
646174,VNC STATION 53,34.15055,-119.19807
646175,VNC STATION 30 CA US,34.18523,-118.88533
647493,W6UA ARROYO GRANDE CA US,35.1265,-120.5725
647521,101 Los Padres CA US PGE,34.54121,-120.18729
648640,GW5410 POMONA CA US,34.0695,-117.7495
649507,Delaware Dr,35.18966,-113.99036
649638,SCE Tunnel Two CA US SC-EDISON,34.27245,-117.23452
649907,Earthwood Ln,35.23709,-120.67344
649980,Castle Crest Dr,34.13445,-118.22285
650010,San Pedro Ave,35.50302,-120.66828
650149,Mountain Ranch Rd,35.71999,-120.971
650212,116th Street NE,34.44798,-118.20488
650218,Shell Beach Rd,35.1595,-120.68102
650231,Panorama Ct,34.22613,-118.85791
650325,Plummer St,34.24321,-118.53425
650568,Los Palos Rd,35.44999,-120.61847
650646,Vosburg St,34.1756,-118.08215
650732,Brandon Rd,34.0409,-117.07292
650767,Bonanza Trail,34.24214,-116.91619
650822,Cottontail Ln,35.30173,-120.826
650828,Butterfly Ln,35.3112,-120.85767
650843,Valley Gate Rd,34.24842,-118.79607
650856,Finsbury Ct,35.3718,-119.13122
650880,SCE Topatopa Foothills CA US SC-EDISON,34.44499,-119.09873
650881,SCE Conejo Mountain CA US SC-EDISON,34.18498,-118.98212
650882,SCE Fair Weather Crossing CA US SC-EDISON,34.38611,-119.05661
650883,N6AMM CEDAR GLEN CA US,34.2625,-117.1505
650897,SCE Lower Lytle Creek Ridge CA US SC-EDISON,34.22933,-117.44129
651082,glen,34.16256,-119.03637
651249,Castillo Ct,35.26289,-120.70621
651461,GW5491 LOS ANGELES CA US,34.064,-118.42317
651640,Bella Vista Dr,34.01858,-117.04936
651706,E Loma Alta Dr,34.19668,-118.12154
651789,Foxwood Ct,34.45017,-118.55319
651834,N Cowboy Trail,34.70805,-112.51887
651865,Cumberland Rd,35.14737,-118.61291
651872,Village Glen Dr,35.13397,-120.57833
652125,Citron Ct,34.09341,-117.43082
652168,De Quincy Pl,34.39029,-118.60072
652199,Grand Vis Rnch Rd,35.27529,-112.58074
652203,E Vernon Ave,34.00411,-118.23362
652235,Virginia Ct,34.23866,-117.18733
1930,Airport Lake,35.91078,-117.73867
1931,Anacapa Island,34.00414,-119.39733
1938,Bear Valley Spgs.,35.16619,-118.65403
1951,Castaic Lake,34.51953,-118.60771
1952,Central Park Lk.,35.14403,-117.92803
1966,Cortez Canyon,35.56128,-118.24243
1968,Cow Canyon,35.73968,-118.08697
1977,Devils Kitchen,35.72869,-118.62274
2007,Hot Springs,34.48057,-120.21639
2010,Inyokern,35.65046,-117.82063
2013,Kelso Valley,35.38418,-118.21864
2023,Lake Ming,35.4405,-118.85691
2069,Proctor Lake,35.11329,-118.35914
2071,Pyramid Lake,34.6555,-118.77984
2081,Rogers Lake,35.03545,-118.15048
2087,Windy Lane,34.09849,-119.45998
33321,Isla Vista,34.40517,-119.87305
33327,Lake Havasu,34.48579,-114.37921
33331,Lake Mohave,35.43185,-114.6479
33360,Gladstones-Will Rogers,34.03661,-118.55076
34648,Zuma Beach,34.02506,-118.84319
43651,Cabinsite Point,35.239,-114.5787
43715,Laguna Lake,35.26928,-120.6973
43775,Pismo Beach nearshore,35.108,-120.75311
71384,Silver Strand Beach,34.15241,-119.22229
71385,Port Hueneme Beach,34.14039,-119.19603
71386,Thornbill Broome Beach,34.08266,-119.03611
71387,Sycamore Cove Beach,34.06961,-119.01342
72894,County Line Beach,34.05221,-118.96252
72896,Latigo Beach,34.02961,-118.75107
86211,Goodsprings Launch,35.89441,-115.49567
86448,Jalama nearshore,34.54972,-120.92217
86451,Cottonwood/6 Mile Beach,35.45258,-114.67632
87421,Morro Bay nearshore,35.3357,-121.057
89055,Arroyo Burro,34.40116,-119.74512
92980,Ontario International Airport,34.05611,-117.60028
