Spot ID,Name,Latitude,Longitude
93337,Jones Beach Light 8,46.15028,-123.29751
93975,Golden Gardens Light 2,47.68767,-122.40492
1230,Lake Wenatchee,47.80618,-120.72807
166182,Westport,46.90838,-124.11908
531240,Kalama 47A,46.00921,-122.85112
442,Port Kelley,46.02331,-118.94214
465,Richmond Beach,47.76952,-122.39162
486,Clatsop Spit,46.22648,-124.01424
480,West Point Light,47.6619,-122.4357
46539,Westport CG,46.904,-124.105
521793,Double Bluff - Shore Ave.,47.98355,-122.51168
479,Alki Point Light,47.5762,-122.4205
586,Astoria Airport,46.1634,-123.8837
585,Columbia River Bar,46.12,-124.51
598,Cape Elizabeth Buoy,47.34,-124.75
94840,Cape Disappointment,46.2757,-124.0522
116695,Sand Point,47.6897,-122.2648
559294,5th Ave W (South),47.68179,-122.21361
1014,Moses Lake,47.116,-119.286
48137,Megler-Astoria Bridge,46.1951,-123.8515
602,Shelton,47.23806,-123.14083
84115,Point Robinson,47.38806,-122.37444
161889,Lake Wenatchee North,47.82167,-120.75967
518924,Shrine Beach,47.91559,-120.20921
529047,Keira's Dock-Lake WA,47.71901,-122.27854
30966,Summit West-Top,47.42,-121.43
49697,Cohasset Beach,46.876,-124.121
608,Everett Airport,47.91,-122.28
584940,5th Ave W,47.68365,-122.2156
491,Hoquiam,46.9696,-123.9494
601,Bremerton Airport,47.48333,-122.63333
604,Tacoma Narrows,47.2675,-122.57611
98734,Hansville Buoy,47.907,-122.627
159812,Astoria-Youngs Bay,46.16,-123.88
518328,Rocky Bay Point,47.35846,-122.80641
4372,Toke Point,46.708,-123.965
51022,Park Point,46.74,-92.06
603,Olympia,46.9733,-122.9033
1666,Kelso,46.1167,-122.9
54600,Skunk Bay,47.92,-122.585
579684,Tok-A-Lou Ave NE,47.30044,-122.44386
605,Seatac,47.44469,-122.31437
158978,Arrowhead Point,47.73911,-122.26711
48545,Commencement Bay,47.276,-122.418
597,Destruction Island,47.68,-124.49
1337,Detroit Lakes,46.81011,-95.8571
158989,Kayu Kayu Ac Park,47.77311,-122.39111
600258,N Shore Dr,47.83888,-120.80521
9315,DOUGLAS,47.62,-119.8994
11419,Bullfrog,47.1821,-121.0313
11449,Ritzville,47.112,-118.395
15446,Coeur d'Alene Airport,47.77,-116.82
116397,Georgetown Lk-Piney Pt,46.191,-113.3
605007,Port Gamble OOC,47.8568,-122.58192
947,Brainerd,46.354,-94.194
1011,Wenatchee,47.4,-120.2
4704,Lake Superior Beach,46.775,-92.093
4778,La Push,47.913,-124.637
12075,Port Wing Harbor,46.7922,-91.3861
12423,George,47.043,-119.916
566058,N7IGG Seattle WA US,47.5445,-122.39833
5773,Canyon Ferry Lake South,46.3292,-111.5881
12441,Dirtyface,47.867,-120.817
166652,Westport Buoy,46.851,-124.972
539856,170th Ave NE,47.74438,-122.48591
945,Devil's Island,47.08,-90.73
7104,DETROIT LAKES,46.8489,-95.8464
12440,Crystal Mt-Top,46.94,-121.5
12696,Alpental-Denny Mountain,47.44,-121.44
66096,Hector International Airport,46.92528,-96.81111
944,Duluth Sky Harbor Airport,46.72287,-92.04393
1013,Yakima,46.5682,-120.5441
1016,Ephrata,47.3076,-119.5159
1371,Washington Buoy,46.05,-131.02
4531,Ottertail MN-78 Mile Post 34,46.40366,-95.60213
4556,Duluth-Pier 20,46.74854,-92.09998
9696,LONG LAKE NWR,46.6814,-100.2383
10052,Silver Bay Harbor,47.2686,-91.2517
15309,"KPKD park rapids muni, mn",46.9,-95.07
15329,"KGFK grand forks intl, nd",47.95,-97.18
93286,Duluth North Buoy,46.864,-91.929
99464,Escure,47.0375,-117.9475
113864,Oysterville,46.54711,-124.05611
161511,"Coeur D'alene, ID",47.663,-116.715
166822,"Washburn ESS,US-83,",47.30353,-101.03709
167063,K1HM,47.7,-111.95
520068,Cohasset Beach,46.872,-124.118
475,Quillayute,47.93696,-124.55757
940,Bemidji,47.5475,-94.8877
941,Grand Marais Airport,47.8383,-90.3829
943,Two Harbors Airport,47.0492,-91.7451
946,Ashland-JFK Airport,46.55222,-90.91611
1012,Ellensburg,47.033,-120.5307
1018,Pasco,46.252,-119.128
1019,Walla Walla,46.0949,-118.2879
1020,Lewiston,46.3748,-117.0154
1021,Pullman,46.7439,-117.1096
1022,Fairchild AFB,47.62,-117.65
1023,Felts Field,47.6828,-117.3226
1024,Spokane International Airport,47.6214,-117.5278
1025,Deer Park,47.9666,-117.4267
1338,Fergus Falls,46.28333,-96.15
4471,Denhoff ND 14 MP 145.6,47.48067,-100.2467
4498,Dilworth I-94 Mile Post 5,46.84679,-96.66814
4517,Platte,46.14426,-94.1041
4524,Mahnomen US-59 Mile Post 296,47.27417,-95.93363
4526,Chamberlain MN-64 Mile Post 42,46.91173,-94.72292
4536,Cass Lake US-2 Mile Post 131,47.37123,-94.47964
4537,Lake Park US-10 Mile Post 32,46.87745,-96.11144
4554,Mitchell Bridge MN-169 Mile Post 343,47.44509,-92.88758
4557,Blatnick Bridge South,46.73409,-92.09713
4679,Sterling I-94 MP 184,46.8449,-100.2474
4691,Buffalo ND 38 MP 10,47.0223,-97.5577
4695,New Town ND 23 MP 46,47.98139,-102.5729
5547,Abernathy Mountain,46.3428,-123.0833
7313,SOUTH SAWMILL CREEK,47.5619,-107.5286
11132,Helmville,46.96826,-112.97487
11434,Horse Heaven,46.0446,-119.2246
11435,Candy Mountain,46.2504,-119.3695
11450,Rocky Canyon,47.078,-120.724
11451,Ryegrass Summit,46.943,-120.165
12447,Mission Ridge-Top,47.27,-120.44
12464,Hanford-300 Area,46.364,-119.286
12469,Hanford Emergency Operations Cen WA US HMMN,46.392,-119.537
12474,Hammer,46.356,-119.326
12484,Vernita Bridge (Hanford) WA US HMMN,46.641,-119.728
12604,Camp Muir-Mt. Rainier,46.8356,-121.732
15389,"KMLS miles city , mt",46.43,-105.87
15899,McChord AFB,47.13,-122.48
15943,R. I. Bong Airport,46.69,-92.09
16042,Pine River Airport,46.73,-94.38
18302,Ely Airport,47.82,-91.83
31446,KNIFE RIVER,47.3264,-101.3778
47306,HODMT,47.64713,-112.28557
87842,La Pointe,46.77883,-90.78967
100832,Lake Creek US-95 ID US,47.48752,-116.98894
148773,Washtucna,46.7935,-118.2115
152616,EW6504 Bessemer MI US,46.48333,-90.04
158915,Wallula Gap,46.00511,-118.89211
160366,ANACONDA MT US GTFWFO,46.15313,-112.86784
164721,Beck Mountain,46.08311,-119.16111
166651,Westport Shelf Buoy NDBC 46099 OOI,46.986,-124.566
188523,ARS Fort Keogh SE MT US,46.3452,-105.83359
189731,Beach Camp,47.865,-122.333
535425,167th Ave SE,46.43376,-96.92431
544524,W Dolarway Rd,46.99808,-120.57589
571055,Scheibner Rd,47.87431,-118.64832
591960,T.H.47 - Isle - MP 89.0 MN US MNDOT,46.118,-93.43246
599337,Rd 9 NE,47.74157,-119.30019
635530,Seven Bays,47.77082,-118.34314
2746,Hermantown,46.8585,-92.21883
2757,KE7FQA Walla Walla,46.04083,-118.22133
3108,CW1621 Reubens,46.35417,-116.53167
3161,CW2059 Bismarck,46.90217,-100.78461
4487,Midway Township,46.71665,-92.25142
4488,Duluth Harbor,46.77181,-92.11499
4499,Rothsay I-94 Mile Post 38,46.49066,-96.29125
4504,Emily,46.68822,-93.95449
4535,East Grand Forks US-2 Mile Post 8,47.86831,-96.91684
4538,Verndale US-10 Mile Post 94,46.41334,-95.05439
4542,Brooks US-59 Mile Post 331,47.77035,-96.00102
4551,MN-53 and 135 - Midway,47.50928,-92.53288
4678,Bismarck I-94 Bridge,46.82415,-100.8276
4680,New Salem I-94 MP 126,46.8616,-101.4349
4681,Golden Valley ND 200 MP 131,47.2991,-102.0458
4682,Medina I-94 MP 231,46.87833,-99.278
4683,Fryburg I-94 MP 37,46.8958,-103.2904
4687,Emerado US 2 MP 340.4,47.93258,-97.4289
4692,Grassy Butte US 85 MP 113.7,47.41478,-103.249
4694,Wahpeton ND 13 MP 384.5,46.23132,-96.744
4696,Grand Forks I-29 MP 145,47.98469,-97.0857
4697,Bowman US 85 MP 12.2,46.11687,-103.4107
4909,WB0VHW-1 Cathay,47.5755,-99.41683
5549,ALDER RIDGE,46.2683,-117.4983
5703,DEER MOUNTAIN,46.0278,-114.0553
5787,GLEASON,47.8678,-112.6681
5791,GREENWATER,47.1156,-121.5956
5959,Sedge Ridge,46.495,-121.0133
5970,POINT 6,47.0456,-113.9875
6145,Isabella Landing,46.8008,-115.5372
6176,PAINTED CANYON,46.895,-103.3778
6870,Coleharbor US 83 MP 151.6,47.5458,-101.2301
6871,Wishek,46.25557,-99.7517
8601,SAND CREEK,46.5461,-103.5186
8604,ARROWWOOD 2,47.2667,-98.8667
8630,CANNONBALL CREEK,46.4847,-104.0658
8720,JUNIPER DUNES,46.3578,-118.8686
9168,ZORTMAN MINE,47.9225,-108.5528
9369,Highbridge,46.0811,-120.5436
9384,Helena Valley North,46.7186,-112.0017
9413,KING COULEE,47.7981,-107.0233
9438,BIG SHEEP MOUNTAIN,47.0283,-105.8047
9457,MANNING CORRAL DOGTOWN,47.7017,-108.4781
9609,SHEYENNE,46.4669,-97.3172
9722,WATFORD CITY,47.7803,-103.2853
9783,LINDSAY 1 MT US SCAN,47.21,-105.19
10085,Saxon Harbor WI,46.5625,-90.44
10587,Cable - USH 63 south of Cable,46.16483,-91.32438
11394,Silcott Island WA US AGRIMET,46.41861,-117.18472
11403,MANDAN #1 ND US SCAN,46.77,-100.92
11415,Alpowa Summit WA US WA DOT,46.436,-117.35
11439,Liberty Lake at 296 WA US WA DOT,47.688,-117.079
11440,Manastash Ridge Eastbound,46.887,-120.427
11441,Manastash Ridge Westbound,46.928,-120.5
11454,Sellards,46.1314,-119.6017
11456,Spangle,47.4492,-117.3853
11459,South Umtanum Ridge WA US WA DOT,46.7137,-120.414
11460,Uniontown WA US WA DOT,46.5172,-117.0811
12244,Spider Lake,46.53118,-91.21966
12305,COPPER CAMP MT US SNOTEL,47.08,-112.73
12378,Shooks MN-1 Mile Post 34,47.87431,-94.43243
12431,MOCCASIN MT US SCAN,47.06,-109.95
12438,Chinook Pass 1km N WA US NWAVAL,46.88,-121.52
12453,Antler Peak,46.92,-121.638
12459,Hanford 100 WA US HMMN,46.689,-119.551
12460,Hanford 100F Area WA US HMMN,46.635,-119.452
12462,Hanford 200 East Area WA US HMMN,46.556,-119.521
12463,Hanford 200 West Area WA US HMMN,46.543,-119.663
12465,Hanford Army Loop Road WA US HMMN,46.489,-119.551
12468,Edna WA US HMMN,46.587,-119.397
12470,Hanford Fast Flux Test Facility WA US HMMN,46.43,-119.36
12472,Gable Mountain,46.598,-119.46
12473,Gable West WA US HMMN,46.612,-119.558
12475,Hanford WA US HMMN,46.563,-119.599
12477,Hanford 200 West Area #2 WA US HMMN,46.545,-119.633
12478,Prosser Barricade (Hanford) WA US HMMN,46.392,-119.412
12480,Ringold WA US HMMN,46.545,-119.238
12482,Rattlesnake Springs WA US HMMN,46.506,-119.7
12486,Hanford Nuclear WNP-2 WA US HMMN,46.47,-119.345
12487,Wye Barricade (Hanford) WA US HMMN,46.482,-119.391
12488,Yakima Barricade (Hanford) WA US HMMN,46.578,-119.726
12990,GLACIAL RIDGE MN US SCAN,47.72,-96.27
13999,Moccasin MT US AGRIMET,47.05889,-109.95083
14179,Wallace Bypass ID US ITD,47.47,-115.91
15015,"KJDN jordon, mt",47.33,-106.93
15059,Bismarck Municipal Airport,46.7825,-100.7572
15207,"KMSO missoula/johnson, mt",46.92,-114.08
15218,"KBHK baker, mt",46.35,-104.25
15258,"KHEI hettinger, nd",46.0,-102.65
15260,"KHIB hibbing, mn",47.38,-92.83
15352,"KGTF great falls, mt",47.48,-111.37
15427,Grand Rapids Airport,47.22,-93.52
15472,"KLWT lewiston, mt",47.05,-109.47
15550,Helena,46.6,-112.0
15596,"KFAR fargo/hector fie, nd",46.9,-96.8
15788,"KSDY sidney/richland, mt",47.7,-104.2
15804,"KGDV glendive, mt",47.13,-104.8
15836,Duluth Airport,46.85,-92.18
15888,"KJMS jamestown, nd",46.93,-98.68
15921,"KN60 garrison, nd",47.65,-101.43
15951,"KDIK dickinson, nd",46.8,-102.8
15990,Wadena KADC,46.45,-95.21
15995,"KBWP wahpeton, nd",46.25,-96.62
15999,"KCKN crookston muni f, mn",47.85,-96.62
16000,Cloquet,46.7,-92.5
16011,"KEVM eveleth muni, mn",47.4,-92.5
16020,"KRDR grand forks afb, nd",47.97,-97.4
16029,Bigfork,47.78,-93.65
16030,"KFSE fosston(awos), mn",47.59,-95.77
16034,"KJKJ moorhead arpt, mn",46.84,-96.66
16117,McGregor,46.62,-93.31
16129,Staples,46.39,-94.8
17683,"KGFA malmstrom afb, mt",47.5,-111.18
17900,"KHYR hayward mun arpt, wi",46.16,-91.45
18376,Grand Marais Harbor,47.7453,-90.3457
19096,Ironwood,46.53,-90.13
19491,ROUNDUP MT US SUPERAWOS,46.47499,-108.54339
28703,Tenney US-75 Mile Post 188,46.04313,-96.49418
28704,Anthony MN-200 Mile Post 9,47.29594,-96.73165
31945,Richland Airport,46.3056,-119.30419
44213,DW0807 Circle MT US,47.60133,-105.96533
45902,PRKMT,47.9814,-112.30165
46355,SFJM8,46.7228,-110.4064
46360,Helena Natl Forest,46.3147,-111.6967
46655,Dutton Northeast,47.95383,-111.55632
46992,DELMT,47.98488,-112.60533
47600,ITD58,46.51325,-116.95227
48083,MCBMT,47.56483,-112.33955
50136,Cedar-Chester Morse Lake,47.40944,-121.72278
52291,Dutton South,47.79403,-111.60405
52496,Fort Yates,46.1603,-100.9014
66098,Spokane International Airport,47.62167,-117.52806
67088,Bismarck Municipal Airport,46.77273,-100.74574
67093,Great Falls Nexrad,47.45972,-111.38444
69548,Field Of Dreams,46.0229,-92.8952
84905,Carrington Municipal Airport,47.45111,-99.15111
87090,DW5890 Richey MT US,47.6745,-105.1245
87091,DW5891 Richey MT US,47.79283,-105.18
87299,DW5963 Four Mile MT US,47.94717,-104.13917
87831,DW6220 Pullman WA US,46.73083,-117.19917
87881,Beach Airport,46.92517,-103.98205
87883,Linton Municipal Airport,46.21831,-100.245
87893,Mandan Municipal Airport,46.76824,-100.89434
87894,Watford City Municipal Airport,47.7957,-103.2537
87910,Mercer Co Regional Airport,47.28986,-101.58094
89386,Gwinner Roger Melroe Field,46.21872,-97.64325
90211,Fort Benton Airport,47.84511,-110.63648
90459,KBAC,46.94,-98.02
90793,KC7MRQ Ronan MT US,47.5268,-114.092
92533,Oakes Municipal Airport,46.17302,-98.07988
92544,Harvey Municipal Airport,47.79123,-99.93174
93341,Cooperstown Municipal Airport,47.42278,-98.10587
93349,K5H4,47.79,-99.93
93353,K7L2,46.22,-100.25
93354,K2D5,46.17,-98.08
93463,K20U,46.93,-103.98
94645,KS32,47.42,-98.11
94819,DW8633 Lambert MT US,47.7,-104.6
94936,DW8692 Sidney MT US,47.80667,-104.4235
95363,DW6232 Pomeroy 30N WA US,46.7,-117.9
96377,Beloit Hanford WA US WA DOT,46.5003,-119.6117
96379,SR12 at Frenchtown Road WA US WA DOT,46.0495,-118.4959
96382,Mid Hanford WA US WA DOT,46.4671,-119.5411
96384,Twin Bridges,46.3256,-119.3161
97534,DW9572 Benton City WA US,46.35832,-119.4597
97886,DW9732 Ellensburg WA US,46.94933,-120.4545
100726,JUDITH PEAK MT US,47.2175,-109.2228
100820,EW1247 Forsyth MT US,46.30617,-106.70167
102280,Grand Mound,46.8023,-123.0072
116288,DRY LIND (P020) WA PSD,47.0,-118.57
116366,Deep Creek,46.35146,-111.06681
116369,Geyser MT US MT DOT,47.25,-110.48
116371,Loma US-87 MP 53.1 MT US MT DOT,47.95103,-110.50477
116372,MacDonald Pass US-12 MP 27.9 MT US MT DOT,46.56148,-112.30931
116374,Sieben I-15 MP 216 MT US MT DOT,46.88748,-112.11112
116378,Gary Cooper Bridge I-15 MP 242 MT US MT DOT,47.13948,-111.85908
116382,Baker MT-7 MP 14.2 MT US MT DOT,46.08359,-104.43552
116384,Government Hill MT US MT DOT,46.39924,-105.6283
116386,Judith Gap US-191 MP 18.6 MT US MT DOT,46.68765,-109.75021
116387,Lewistown Divide MT-200 MP 90.3 MT US MT DOT,47.0618,-109.18443
116388,Malta South US-191 MP 122.5 MT US MT DOT,47.96113,-108.30555
116390,Sweeney Creek I-94 MP 112.6 MT US MT DOT,46.26671,-106.30788
116391,Avon North MT-141 MP 8.1 MT US MT DOT,46.69679,-112.65944
116392,Boulder Hill I-15 MP 170.9 MT US MT DOT,46.3233,-112.06891
116393,Bowmans MT-200 MP 110.4 MT US MT DOT,47.2922,-112.15183
116396,Garrison I-90 MP 174.4 MT US MT DOT,46.52361,-112.80843
116404,Roger's Pass MT US MT DOT,47.0877,-112.37232
116407,Beaver Hill I-94 MP 234.8 MT US MT DOT,47.02198,-104.33
116408,Cow Creek MT-13 MP 19.9 MT US MT DOT,47.68837,-105.49186
116409,East of Denton MT-81 MP 17 MT US MT DOT,47.30023,-109.85117
116410,Hays Site MT-66 MP 10.5 MT US MT DOT,47.91928,-108.72611
116411,Hysham Hills I-94 MP 59.9 MT US MT DOT,46.16492,-107.30927
116412,Lindsay Divide MT-200 MP 296.5 MT US MT DOT,47.28294,-105.29387
116413,Lufborough Hill MT-200 MP 175.3 MT US MT DOT,47.07813,-107.57201
116417,Sioux Pass MT-16 MP 21 MT US MT DOT,47.91973,-104.32619
116426,Monarch Canyon US-89 MP 53.5 MT US MT DOT,47.1429,-110.82309
116428,Hillside MT-59 MP 36.5 MT US MT DOT,46.8337,-106.27133
119355,Glen Ullin Regional Airport,46.81278,-101.86016
119591,ENTIAT WA US,47.80925,-120.36252
119704,EW3831 Wolf Creek MT US,47.01383,-112.013
146322,KD57,46.81,-101.86
146671,EW4329 Elliston MT US,46.56567,-112.4415
148305,DEER LODGE MT US DIGIWX,46.38783,-112.76494
149095,Winnett MT US GGWWFO,47.01,-108.36
149148,EW5035 Clyde WA US,46.49067,-118.4995
150244,EW5549 Helena MT US,46.64341,-111.91949
150608,Sunnyside Municipal Airport WA US PDTWFO,46.3271,-119.9704
150927,K3N8,47.26,-95.93
150931,KY49,47.16,-94.65
150932,KOLG,46.31,-91.82
152897,EW6538 Lewiston ID US,46.2775,-116.8835
153721,KMVH,46.84,-108.94
159257,K1YT,46.66,-120.45
159378,EW7744 Medora ND US,46.91783,-103.647
159889,White Pass Pigtail,46.624,-121.388
161766,"Centralia, WA",46.72359,-122.9958
161961,Elk Park MT US MT DOT,46.13589,-112.39799
164113,Atkinson Bridge I-35 Mile Post 231,46.62785,-92.53187
164432,EW9213 Mandan ND US,46.62483,-100.7295
164609,Ray S Miller Army Air Field,46.0912,-94.36054
166372,SIDNEY MT US SCAN,47.77,-104.25
166819,"Manning ESS,ND-22",47.03058,-102.79187
166821,"Gladstone ESS,I-94",46.87385,-102.55051
167036,K1CM,47.1,-110.17
167037,K1AM,47.28,-110.8
167038,K1BM,47.28,-110.37
167039,K1FM,47.6,-112.32
167048,K1EN,47.75,-101.67
167049,K1DN,47.8,-101.3
167052,K1HN,47.97,-102.22
167064,K1JM,47.75,-111.55
167065,K1IM,47.32,-111.47
167069,K1KM,46.45,-109.8
167070,K1MM,47.02,-109.63
167071,K1NM,47.07,-109.03
167072,K1OM,47.33,-108.93
167073,K1DM,47.38,-109.82
167074,K1EM,47.45,-109.42
167081,K1GM,47.33,-112.1
167902,COLDWATER RIDGE VISITORS CENTER WA US,46.3,-122.26667
171130,CRAZY MT US,46.15808,-110.38425
173196,SR 26 Dusty WA US WA DOT,46.8093,-117.65543
175545,FW2944 Belt MT US,47.48667,-110.856
182181,"BOWMAN, ND US TG",46.17,-103.3
182191,"CAMP RIPLEY, MN US TG",46.09,-94.36
185836,FW1843 Great Falls MT US,47.30283,-111.3575
186084,EW7711 Killdeer ND US,47.36983,-102.76383
186630,FW5493 Vaughn MT US,47.5275,-111.50283
186870,WILLIAMS LOOKOUT ND US,46.36196,-103.06196
188440,Fort Benton E MT US,47.7901,-110.48158
188459,BLM Plevna MT US,46.43885,-104.42527
188460,BLM Pumpkin Ck MT US,46.1968,-105.69639
188461,BLM Roundup MT US,46.5758,-108.73796
188465,Loma S MT US,47.89336,-110.52598
188466,Butte MBMG MT Tech MT US,46.01425,-112.56173
188467,Hot Springs NE-L MT US,47.69683,-114.51391
188468,Hot Springs NE-U MT US,47.7236,-114.5373
188470,ARC-C Moccasin MT US,47.05849,-109.95352
188512,Rapleje N MT US,46.04462,-109.24238
188517,MDA Choteau MT US,47.893,-112.08995
188520,MDA Benchland MT US,47.09491,-109.96754
188524,BLM Glendive MT US,46.915,-104.74703
188525,BLM Terry MT US,46.83663,-105.26018
188526,ARS Fort Keogh SW MT US,46.30431,-105.9765
188531,BLM Zortman E MT US,47.89473,-108.32334
188630,MacDonald Pass USFS MT US,46.5645,-112.3082
188634,BLM Roy MT US,47.49432,-108.94811
189053,Cascade E MDA MT US MT-MESO,47.27654,-111.62278
189297,FW2498 Badger Creek MT US,47.95283,-104.9355
190966,FW6805 Lake Tschida ND US,46.606,-101.832
198202,FW7359 Helena MT US,46.6125,-112.0595
198690,36th St SW,46.88867,-103.93283
200348,MT-431,47.71485,-111.67316
200961,Foothill Rd,46.78201,-116.97935
201084,FW7047 Landusky MT US,47.91867,-108.62
201634,Wendy Rest,46.4667,-117.53919
201963,1st St E,46.59916,-107.86732
517418,97th St SE,46.01713,-99.06281
517600,Indian Cr Dam Rd,46.38732,-102.59505
519183,99th Ave SW,46.63472,-102.5367
519508,73rd St SW,46.35383,-102.72258
519807,Jette,47.70782,-114.20729
521571,FW8212 Broadview MT US,46.161,-108.72167
521904,MT-431,47.62287,-111.92197
522155,St Vincent,47.73513,-114.2727
522952,Solway Rd,46.79539,-92.30247
523092,85th Ave SE,46.22554,-98.60625
523301,Mercedes Point,46.72754,-100.69739
524016,Nine Mile Hill WA US PACIFICORP,46.06549,-118.75296
524370,DW8634 Crane MT US,47.5,-104.33
525079,North Ridge,47.81687,-118.90256
525191,S_Ostberg,47.6352,-111.79532
526424,Lafollette Rd,47.79021,-118.91613
526527,Ed Hamilton Rd,46.91804,-117.52846
526976,April Dr,47.49049,-120.36084
527298,Mesa SR17 Interchange WA US WA DOT,46.57141,-118.98851
529434,33rd St NE,47.89219,-99.95834
530524,Dent Bridge Rd,47.6729,-111.19486
531989,Butch Cassidy Loop,47.37137,-111.27603
534335,6th Ave N,47.4333,-111.28214
535116,Sheps Rd,46.41778,-111.5789
536440,Stone Creek Loop,46.29031,-114.0685
536446,Bremerton,47.56251,-122.62145
536502,WA1TYB East Helena MT US,46.61467,-111.866
537400,Dickinson,46.7206,-102.96809
538206,Queensport Rd,47.87899,-92.4459
539204,1st St E,47.47607,-100.12155
539884,FW9574 Fergus Falls MN US,46.27733,-96.10367
540362,C Smith Rd,46.14236,-119.45882
540709,Hildebrand Blvd,46.19065,-119.21707
542571,FW7163 Raub ND US,47.702,-102.0785
542711,KF7FMI-13 Prosser WA US,46.143,-119.457
543799,FW8536 Savage MT US,47.535,-104.39117
543848,FW8534 Sidney MT US,47.87783,-104.84583
543989,Hendrum,47.28117,-96.61371
544912,Ridge Rd,47.84056,-119.93582
546038,Co Rd 120,47.64746,-104.21078
546761,Deal Ln,46.67608,-111.8726
546840,188th Ave NE,47.00913,-100.7846
547248,YANKEE FLAT MT US,46.16273,-113.14105
547727,Toston SW2 MT US MT-MESO,46.11,-111.54
547780,Pioneer Way,46.64043,-120.70903
547852,Morningside Dr,46.57553,-94.13921
547865,Co Rd 341,47.95792,-104.35645
548219,"Glenfield ESS,ND-200",47.45712,-98.54961
548235,Memory Ln,47.56677,-111.70854
549771,Mule Deer Ln,46.71198,-112.22527
552224,GW0525 Bloomfield MT US,47.41633,-104.96133
554273,Co Rd 35,46.53518,-98.6726
554497,Ravalli County Airport MT US NWS/FAA,46.25463,-114.1246
555397,Ridge Dr,46.81023,-100.88399
555596,GW0702 Flasher ND US,46.45667,-101.22933
556020,Green Meadow Dr,46.7187,-112.06323
557921,Old Snohomish Monroe Rd,46.68769,-119.91608
557978,E Itasca St,46.69998,-92.03361
558521,Rocky River Rd,47.08645,-120.68325
558679,Sumner Ave,46.97644,-123.85047
560068,Missouri Bnd,47.4161,-111.3361
560351,Sunnyslope Rd,46.69184,-120.62612
561138,Stemilt Creek Rd,47.30881,-120.30225
561737,Tuttle,47.16079,-99.92007
561771,33rd Ave NE,47.5362,-111.31197
563171,Ulm,47.3409,-111.62252
563529,Lehr,46.16713,-99.16259
563623,Jordan E MT US MT-MESO,47.35,-106.49
563626,Fort Peck S MT US MT-MESO,47.74,-106.15
563627,Angela W MT US MT-MESO,46.7,-106.59
563643,Home,46.4528,-117.00729
564039,Barstow Rd,46.4716,-118.34385
565876,West 22nd Avenue,46.19086,-119.21693
566081,Last Chance Rd,47.09803,-110.06059
567885,Mathews Corner,46.50276,-119.23911
568053,Denny Way,47.61835,-122.34508
568684,Dick Rd,47.45113,-111.33011
570113,Ashley,46.04144,-99.43877
571506,Yellow Brick Rd,46.30886,-104.32396
573504,Elliott St,46.40471,-97.81419
573769,Co Rd 3,46.55243,-97.03296
576409,Shop,47.3914,-117.07013
578880,Agawam,47.98713,-112.16177
579106,T.H.9 - Beltrami - MP 212.5 MN US MNDOT,47.57138,-96.53217
579108,T.H.89 - Red Lake - MP 19.13 MN US MNDOT,47.77656,-95.00585
579110,T.H.2 - Lengby - MP 75.8 MN US MNDOT,47.53178,-95.66613
579111,T.H.71 - Lake Itasca - MP 281.1 MN US MNDOT,47.18768,-95.13179
579112,I-94 - Fergus Falls - MP 61.5 MN US MNDOT,46.20747,-96.01893
579114,T.H.10 - Frazee - MP 55.2 MN US MNDOT,46.70597,-95.69174
579117,U.S.75 - Kent - MP 222 MN US MNDOT,46.47061,-96.71227
579120,T.H.34 - Osage - MP 65.0 MN US MNDOT,46.92063,-95.26938
581743,Red Fox Trail,46.03284,-92.30247
581863,S Broadway St,46.58371,-113.19831
581919,Millerville,46.0974,-95.6623
582634,Moose Mountain Dr,46.87886,-91.98105
582859,Runway Ln,46.56276,-120.78541
583162,28th St W,46.91138,-102.79633
583706,View St NW,46.43847,-109.84801
583720,E Kneeland St,47.20998,-123.09965
583999,Pelzman Rd,47.92621,-112.36355
585049,Winifred Hwy,47.34403,-109.33545
585200,BLANKET FLOWER PRAIRIE SNA NEAR MN US,46.68861,-96.21583
585389,CLIMATE MESONET NEAR OSAGE 5NW MN US,46.9775,-95.33139
585417,FLATHEAD LAKE AT KERR DAM NEAR P MT US USGS,47.69667,-114.16139
586832,Canyon Ferry Rd,46.61751,-111.85976
589219,9th Ln NE,47.6263,-111.79552
589441,Fort Ripley,46.14328,-94.32558
589738,428th St,46.58208,-95.69003
591181,1591 PR SW,46.18659,-119.82829
591632,Richardton CJH 4.5N,46.95777,-102.31638
591951,T.H.210 - Tamarack - MP 186.3 MN US MNDOT,46.64414,-93.07975
591953,U.S.2 - Cohasset - MP 174.3 MN US MNDOT,47.29679,-93.70241
591956,U.S.71 - Clarissa - MP 197.5 MN US MNDOT,46.11394,-94.91677
591961,U.S.169 - Waukenabo - MP 272.9 MN US MNDOT,46.78296,-93.61336
593025,Mendenhall Rd,47.96843,-105.70497
595171,Deer Vly Dr,47.10143,-120.69202
595382,E Reata Rd,46.20671,-119.34267
595414,KK7KOG KENNEWICK WA US,46.125,-119.02067
595924,Chopaka Ln W,46.8718,-124.11791
596012,Trent Hendrickson Center,47.05049,-101.10904
596298,Jackass Ranch - Ringold River Rd - Flats Bluff,46.49836,-119.24875
596823,Tullock Ln,47.27009,-108.78846
597622,County Road 14 NW,46.06092,-95.42101
598327,290th St SW,47.74533,-96.72065
599639,E Silver Sage Rd,46.3714,-111.35279
600135,Raven Rd,46.69562,-112.23086
600747,Reese Rd,46.10051,-119.45589
600878,KC0AFB BISMARCK ND US,46.90317,-100.7905
600899,Hanford Road WA US PACIFICORP,46.43936,-119.93708
601326,Sykeston,47.42392,-99.48669
601416,Cowiche Creek WA US PACIFICORP,46.6619,-120.76911
601417,Cowiche Mountain WA US PACIFICORP,46.62667,-120.73852
601418,Clover Hill WA US PACIFICORP,46.0379,-118.88776
601419,Lookout Point WA US PACIFICORP,46.63119,-120.5363
601489,Old Durr WA US PACIFICORP,46.84978,-120.5778
602046,7th St NE,47.51627,-99.92454
602222,34th Ave S,46.8279,-96.86014
602497,14th St NE,47.61273,-100.16972
604754,Neihart,46.96573,-110.82466
608453,N Lakeview Dr,46.82684,-99.75275
608598,18th Ave NE,47.59704,-100.1618
608683,Eagle Way WA US PACIFICORP,46.63994,-120.39858
608684,Rocky Top WA US PACIFICORP,46.62624,-120.66938
608893,Medora Ave,46.85797,-100.79778
608964,SPOTTED BEAR LOOKOUT MT US,47.90381,-113.4405
609727,KGTF-1,47.45021,-111.37329
609813,Sorenson Rd,46.93719,-120.38005
609891,Wild Horse Vw,47.78709,-114.32222
609940,S Fairview Dr,47.2473,-122.5383
610735,Lakeview Ter Dr,47.57205,-97.645
611116,Touchet Road WA US WA DOT,46.05456,-118.66769
611835,County Hwy 9,46.66071,-96.08592
611845,HSTC Radio Tower,47.63243,-114.6642
611906,82nd St SE,46.22451,-96.86879
612237,Beach St,46.61333,-123.95841
613045,182nd Ave SE,46.23774,-96.59921
613507,S Rock Creek Rd,47.74319,-106.24556
615207,Spring Wheat Lp,46.58088,-111.80285
615517,U.S.2 - Solway - MP 99.7 MN US MNDOT,47.52328,-95.16248
616524,"Verona, ND-13",46.3664,-98.08071
616526,"Drake,US-52",47.93259,-100.47584
616531,"Jamestown,I-94",46.89269,-98.65184
616532,"Fort Yates, ND-1806",46.27029,-100.64177
616533,"Hazelton, US-83",46.50102,-100.29516
616544,"New Leipzig, ND-21",46.37073,-102.00722
616545,"Arnegard,US-85",47.80465,-103.49169
617072,CSKT Bison Range MT US MT-MESO,47.36645,-114.25775
617834,Gwinn Rd,46.05114,-119.591
617878,N-N Weather Flow,46.8143,-105.9841
618532,Lowama Ln NE,47.31388,-122.42509
618534,US-75,46.15569,-96.49374
618638,Glover,46.23943,-98.17147
619049,Nancy Lake Rd,46.10238,-91.97057
619273,Lauderdale Junction WA US WA DOT,47.20381,-120.7074
619364,Federal Dam,47.1488,-94.25285
620058,5th St NW,46.44046,-109.84036
620189,GW4108 ROUNDUP MT US,46.24933,-108.49533
621222,Co Rd 551,47.28653,-110.48196
621335,252nd Ave SE,47.25777,-122.00691
622132,3rd Ave NE,46.55261,-110.89936
622543,Merricourt,46.24285,-98.78823
622962,Skiff Landing Rd,46.94978,-91.77908
622990,Moon River,46.68975,-119.91902
622999,WA-27,46.998,-117.13458
623007,"Amidon, US-85",46.48283,-103.2006
623451,Sun River,47.58144,-111.69717
624126,Spokane Creek US-287 MP 55.7 MT US MT DOT,46.56276,-111.79386
624127,Toston Bridge US-287 MP 87.0 MT US MT DOT,46.17783,-111.44332
624199,36E St SW,46.88829,-102.55889
624251,Hickman Rd,46.16623,-119.68185
624391,E Game Farm Rd,46.15894,-119.10732
625126,Flynn Ln,46.26126,-111.45085
625540,Schroeder Farms,47.62832,-118.7865
625678,Ronan MT US MT-MESO,47.54,-114.1
626148,21st St SE,46.80542,-100.88011
628526,Paradise Ln N,46.45511,-94.19232
630474,Sundance Rd,46.11995,-118.91477
630628,Bayshore Dr,47.24473,-123.04395
631020,Wrangler Trail,46.16448,-104.22409
632619,Weydahl Field,47.39279,-102.77074
633301,Floating Hawk,47.62152,-117.09549
633894,Falcon Ln,46.21333,-119.27457
635923,Rd 431,47.53259,-105.04103
636021,Solen,46.38651,-100.83305
636082,S Grove St,46.89994,-102.04594
636091,Grand Coulee Dam Airport,47.92204,-119.08301
636200,44th Ave SE,46.69686,-99.53437
636254,Steamboat MT US MT-MESO,46.24,-108.14
637347,Tecumseh Rd,46.37198,-120.62866
637411,WOD-15_WTHR_01 WA US PSE,47.01423,-120.66474
637412,KIT-26_WTHR_01 WA US PSE,46.8865,-120.44018
637413,CLR-15_WTHR_01 WA US PSE,46.95881,-120.51333
637473,Greens Landing,47.97736,-120.21181
637984,BENTON REA TEMPEST AT JUMP OFF JOE,46.65333,-120.95727
639502,"Medora,I-94",46.92894,-103.55841
640199,CLE-12_WTHR_01 WA US PSE,47.17235,-120.93765
640200,CLE-13_WTHR_01 WA US PSE,47.11208,-120.762
640205,Turner Rd WA US PACIFICORP,46.40629,-117.76815
640278,22nd Ln NE,47.972,-111.5172
640325,Rd G NW,47.69593,-119.90031
641107,68th St SE,46.42931,-100.15897
641214,53rd Ave SE,47.30686,-99.37748
641508,Orchard Rd WA US PACIFICORP,46.51444,-120.40292
641509,Union Gap Ridgeline WA US PACIFICORP,46.52782,-120.52261
642024,Cliffside Ln,47.5893,-119.43096
642519,45219,47.0,-91.6
642568,4500219,47.02083,-91.625
642570,4500027,46.85972,-91.93
643299,Jones Creek,46.45652,-105.66152
643621,KIT-25_WTHR_01 WA US PSE,47.07527,-120.37324
644220,W Summerwood Trail,46.88937,-96.69019
644377,Carefree Cir,46.87222,-100.87235
644939,Horse Heaven,46.10269,-119.55946
645561,Ash Creek MT-7 MP 55.2 MT US MT DOT,46.649,-104.228
645564,McGuire Creek MT-24 MP 2.5 MT US MT DOT,47.648,-106.153
645565,Sheep Mountain S-253 MP 28.0 MT US MT DOT,47.082,-105.668
645567,Savage MT-16 MP 29.5 MT US MT DOT,47.426,-104.37
647511,White Swan WA US PACIFICORP,46.38984,-120.78568
647516,Pasco Kahlotus WA US PACIFICORP,46.32889,-118.86722
647518,Talbot WA US PACIFICORP,46.34993,-117.70334
647744,Star Ln,46.89515,-100.6837
481,Jones Beach,46.15364,-123.29617
607,Renton,47.49333,-122.21444
517129,Weber Point-Sammamish,47.64136,-122.08322
16028,Aitkin,46.55,-93.68
164743,Arroyo Heights,47.50611,-122.38411
617618,Mercerwood,47.57599,-122.20176
606,Boeing Field,47.53028,-122.31389
4527,Solana Forest,46.33976,-93.26205
44448,LAKE-CHELAN WA US SUPERAWOS,47.86601,-119.9427
597870,Ton A Wan Da Ave NE,47.30487,-122.44373
5592,Brainerd Airport,46.3972,-94.1303
12467,Beverly WA US HMMN,46.752,-119.944
530837,Euclid Ave NE,47.70519,-122.527
546070,Conifer St,46.32665,-93.77219
552383,Crystal Springs Dr NE,47.59563,-122.57439
576722,S Lake Miltona Dr NE,46.02126,-95.32331
637155,Wesley Moses Lake,47.10582,-119.3147
8841,SADDLE MOUNTAIN,46.6944,-119.6936
11380,Odessa,47.30889,-118.87861
16001,"KCQM cook, mn",47.83,-92.68
16136,"KXVG longville_longv, mn",46.99,-94.2
99459,MAGEE PEAK ID US,47.8836,-116.2989
113781,E. Kennewick,46.19911,-119.10211
158961,Normandy Park,47.43611,-122.33911
159897,Stevens Pass - Tye Mill WA US NWAVAL,47.73163,-121.0853
164728,Surfside 357th,46.56011,-124.05511
166796,KP4DJT Kelso WA US,46.114,-122.85817
169744,FW0710 Frazee MN US,46.73383,-95.64083
602661,Lake Ave W,47.68178,-122.21552
3970,CW6988 Basin City,46.53367,-119.2505
4529,Effie MN-1 Mile Post 194,47.84037,-93.48518
4540,Cotton North,47.21127,-92.48769
5605,BEMIDJI,47.5033,-94.9281
5804,HIBBING,47.3919,-92.8347
5806,HUCKLEBERRY RIDGE,46.5022,-123.3844
5871,LITTLE ROCK CREEK,46.0378,-114.2625
6968,Twig North,46.92407,-92.41307
8712,HOT SPRINGS,47.6156,-114.6694
8730,KNOWLTON,46.3072,-105.0297
8890,L & C PORTABLE #1,46.8661,-110.4667
9736,WHITE SULPHUR SPRING,46.5344,-110.8853
11372,Legro,46.20528,-118.93611
11373,Sutton,46.86722,-118.73944
11422,Delaney @ US 12 WA US WA DOT,46.4964,-117.9716
11446,Palisades WA US WA DOT,47.3019,-120.0678
11448,Quincy Rest Area WA US WA DOT,47.2331,-119.9582
11611,Ely,47.8286,-91.8369
11662,MINONG,46.1358,-91.9808
12461,Hanford 100K Area WA US HMMN,46.657,-119.578
14271,Corral Creek,46.0333,-116.8978
16210,Fort Lewis,47.08,-122.58
19493,PLAINS MT US SUPERAWOS,47.47355,-114.90708
20570,GREENFIELDS MT US AGRIMET,47.65833,-111.8125
20575,Teton River MT US AGRIMET,47.90056,-112.15972
47145,DBOM8,47.1328,-111.9008
48418,ITD63,46.38222,-116.1275
49321,TZILL,46.393,-120.2411
49505,North Prosser TPROS,46.2176,-119.7489
50295,CFSW1,46.21667,-119.75778
87093,DW5893 Culbertson MT US,47.967,-104.4705
90421,DW6873 Hannover ND US,47.1005,-101.4475
90580,MISSION CREEK ID US,46.2881,-116.6878
94015,N7QNM-10 Prosser WA US,46.18667,-119.82767
150507,Solon Springs Municipal Airport,46.31475,-91.81637
152483,EW6456 Melstone MT US,46.599,-107.86767
160274,COOK FARM FIELD D WA US SCAN,46.78,-117.08
164111,I-94 at Red River Bridge,46.8471,-96.77743
170987,Integrated Disposal Facility WA US HMMN,46.54841,-119.537
184805,Puyallup River Bridge at I-5 WA US WA DOT,47.20404,-122.39892
187888,D2 - Mt. Magaret ID US,46.9319,-116.6994
196758,KA6YAK Stevensville MT US,46.52667,-114.04783
200301,Everett Bay Rd,47.83959,-92.36203
200659,WA-26,46.81135,-117.71558
517799,Cleman Rd,46.93712,-120.41336
521346,Hagstrom Rd,46.54483,-90.93937
521984,36th Ave S,46.82394,-96.82672
522048,Silver Creek,47.05758,-91.61617
529601,W Metaline Pl,46.21962,-119.16374
532783,AA7F Lenore ID US,46.5085,-116.551
538509,N Cove Ln,47.60354,-111.29886
539564,Weller Rd,46.21348,-119.51798
542827,FW9201 Cascade MT US,47.14083,-111.88967
543772,Rosendale Rd,46.61777,-111.77133
543786,Lone Butte Rd,47.50032,-103.1467
547061,Estes Rd,46.58361,-120.65047
549392,Harbor Dr,46.52218,-94.31221
550998,Knollwood Ln,46.69012,-96.02586
554917,SOFT ROCK MT US,46.32268,-114.0388
559492,Rd 2 SW,47.05811,-119.92717
561239,GREEN RIVER NEAR JENSEN 6ENE UT US CBRFC,47.09,-109.97
563572,Randall Hill,46.23925,-116.48407
564098,GW1211 Westport WA US,46.84667,-124.11017
570331,Moose Hollow Rd,46.35674,-114.19051
571937,Stanton,47.35236,-101.3672
573778,Lake Cabin,47.58466,-102.39303
574210,Pelican Lake,46.04378,-95.77997
575245,Shady Ln,46.90357,-92.29868
575886,Twilight Rd,46.12599,-93.67139
576587,Wilbur,47.68564,-118.6455
579289,25th Ave E,46.84277,-96.89727
580874,W Holly St,47.72118,-104.19534
581663,Jana Ln,46.10524,-108.45654
582302,Devils Lake-Perham,46.62847,-95.66451
583893,Lester Rd,46.35316,-120.04964
583896,Lester Rd,46.35457,-120.04911
585205,CLIMATE MESONET AT PEMBINA TRAIL MN US,47.7025,-96.34194
590670,1st Rd NE,47.6259,-111.91176
591952,U.S.2 - Gowan - MP 225.1 MN US MNDOT,46.87305,-92.861
600127,81st Ave SE,46.2992,-98.72639
602136,N 2nd St,47.48576,-118.25243
603605,E Fish Hook Dr,46.94661,-95.06022
604510,Home,47.26318,-119.9188
611693,Nicklaus Dr,46.89668,-100.84
613426,Kayley Dr,46.73484,-100.69922
613493,Co Hwy 1,46.43864,-95.58849
615520,T.H.371 - Nisswa - MP 46.2 MN US MNDOT,46.52462,-94.29614
616330,County Rd C,46.35582,-90.71339
617340,Alderson Rd E,47.78717,-118.70197
617412,Basswood,46.47098,-95.75842
617601,GW3863 CARTER MT US,47.7735,-110.95933
618047,Grande Rd,46.4238,-110.58248
620722,Reardan,47.75127,-117.83927
620862,S View Acres Ln,47.57977,-117.45493
622286,Summitview,46.59882,-120.68122
623036,Pullman,46.73106,-117.14059
623449,8th Ave NW,46.83143,-100.90152
629342,W Ashby Crk Rd,46.79791,-113.64146
630009,Clodfelter ,46.18222,-119.26138
630361,Patit Rd,46.32747,-117.96819
630961,Daybreak Rd,46.00335,-118.44588
633961,Earl,47.50911,-118.37908
641299,Terra Cotta Pl,46.61692,-120.42242
641318,NE Shorebrook Dr,47.3696,-123.0569
641510,Naches Wenas WA US PACIFICORP,46.73824,-120.67282
644945,Horse Heaven,46.04692,-119.50538
645659,W Setters Rd,47.46696,-117.03133
648206,Rocky Point Rd,47.80968,-114.15389
648460,57th Ave SE,47.35464,-99.33126
550314,Speelyi Beach,47.25692,-121.06095
54612,Dash Point,47.311,-122.429
8785,Potholes Res.-South,46.8814,-119.3242
525568,Ayock,47.50941,-123.05728
535172,Faben Point,47.593,-122.253
560758,NE North Shore Rd,47.4161,-122.90909
102279,Tumwater Mt. WA US NWAVAL,47.611,-120.7
535180,Hewitt Terminal,47.982,-122.218
170599,TACOMA NARROWS BRIDGE WA US WA DOT,47.26497,-122.54726
524484,Lake Island Ave SE,46.96387,-124.14087
11433,Snoqualmie River Bridge,47.4435,-121.6694
83011,North Admiral,47.58667,-122.38417
520424,Crystal Springs Dr NE,47.61116,-122.575
559554,299  Law,47.68024,-122.21404
8858,SPRING CANYON,47.9347,-118.9347
11360,George,47.04389,-119.64222
12485,Kennewick,46.218,-119.201
83706,Two Harbors,47.0271,-91.6691
84780,White Center,47.5121,-122.35911
113889,Virginia Point,47.70411,-122.63611
197514,Cascade Beach,47.675,-90.597
197517,Beaver Bay - Eastwatch,47.365,-91.171
520051,Rainier West,46.102,-122.975
520062,Waterford,46.155,-123.262
535142,Case Inlet Overlook,47.312,-122.791
559070,Red Tail Dr,47.77633,-120.00352
583156,Big Buck Dr,46.83302,-95.04635
591962,U.S.169 - Farm Island - MP 245.4 MN US MNDOT,46.43485,-93.74377
635271,W Ocean Ave,46.88608,-124.12576
2565,W7GPL Maple Valley,47.4,-122.00617
3225,Bellevue,47.55282,-122.13323
4503,Ely MN-1 Mile Post 275,47.8544,-92.04811
6132,THOMPSON FALLS A/P,47.5806,-115.285
7774,HEMLOCK BUTTE ID US SNOTEL,46.48,-115.63
8711,HORSE THIEF,46.4258,-108.6744
8843,Signal Peak,46.2269,-121.1375
9342,Galena,46.2222,-112.2292
10760,KC9JWM Clam Lake,46.16933,-90.98083
11366,HARRA WA US AGRIMET,46.38472,-120.57444
12471,Hanford-Mathews Corner,46.417,-119.238
12508,Marsh Hill ID US ITD,47.05482,-116.86155
15445,Chehalis,46.68,-122.98
20574,TOSTON MT US AGRIMET,46.12222,-111.49472
27532,Longview Heights,46.18084,-122.94911
30215,Lower Musselshell MT US AGRIMET,46.56278,-108.00583
30560,BUFFALO RAPIDS/GLEND MT US AGRIMET,46.98778,-104.80306
30564,White Sulphur Springs MT US AGRIMET,46.55333,-110.94667
46354,JRDM8,47.52,-107.13
49318,TOUTL,46.3266,-120.0779
49504,TPARK,46.5385,-120.4718
50393,MTNW1,47.06722,-121.07889
53160,CAYW1,46.867,-121.533
67092,Missoula International Airport,46.92083,-114.0925
87199,DW5941 Fink Road MT US,47.84633,-104.63617
88159,DW6278 Walla Walla WA US,46.03167,-118.45817
89115,Railroad Bridge ID US,47.71254,-116.95
93094,Bayfield,46.81217,-90.812
94242,DW8241 Grand Forks ND US,47.88767,-97.16483
94410,Ellensburg - CWU,47.00567,-120.537
99914,EW0435 Craigmont ID US,46.23333,-116.46667
103129,Lake Fenwick,47.362,-122.277
116302,Stafford Creek,46.93,-123.92
116362,Bearmouth I-90 MP 145.8 MT US MT DOT,46.71854,-113.29534
116406,Bull Mountain US-87 MP 33.3 MT US MT DOT,46.24744,-108.46121
146545,EW4185 Lowden WA US,46.0405,-118.53967
152966,EW6663 Polson MT US,47.72817,-114.18783
159888,Paradise Wind WA US NWAVAL,46.78487,-121.7419
166828,Madeline Island Airport,46.78867,-90.75872
167577,"QuilceneNE, WA",47.89829,-122.8237
173197,SR 26 Washtucna WA US WA DOT,46.75846,-118.30906
185873,FW1590 Sand Springs MT US,47.28283,-107.5815
188442,ARC-W Corvallis MT US,46.32743,-114.08567
188445,Clearwater SW MT US,46.95947,-113.36922
188519,MDA Power MT US,47.65514,-111.71182
188606,DW2356 Cathlamet WA US,46.26667,-123.65
190733,FW6102 Snoqualmie Pass WA US,47.40783,-121.3725
198930,Foothills State Forest,46.68671,-94.7218
201346,E Birnie Slough Rd,46.15609,-123.35253
517519,Co Hwy 31,46.70476,-95.95981
518103,N Oakes St,47.27539,-122.47135
519520,Mandamin Trail,46.76812,-90.77589
521879,W Wild Rose Rd,47.87496,-117.4522
523509,149th Ave SE,47.79664,-122.03257
523548,Lincoln Ave NW,47.72659,-104.16416
524910,Rd 4 SE,47.02765,-119.03188
529220,Golf Course Rd,47.27596,-91.31189
530727,Kromer Ave,47.97696,-122.21949
530992,Co Rd 131,46.52988,-92.88658
532769,US-191,46.11158,-109.92453
533721,Salmon Way,46.28527,-114.08514
543798,FW8535 Savage MT US,47.39733,-104.46583
546192,Lower 10 Mile Lake Rd NW,46.96069,-94.55274
547227,CLEARWATER MT US,47.01361,-113.33305
548236,28th St NW,47.81983,-103.63539
548441,E Rosewood Dr,46.54658,-95.81466
550838,GW0378 Missoula MT US,46.83467,-114.00033
551255,KF7TH Maple Valley WA US,47.348,-122.0275
553798,Berg Ln,46.56683,-109.47858
556869,Shore Dr,47.568,-122.61413
558477,Rd 13.5 SW,46.8891,-119.60092
560310,4th Ave SW,46.03181,-99.37694
561010,GW0815 Tacoma WA US,47.30767,-122.422
561389,W Hatter Creek Rd,46.89148,-116.82995
561449,83rd St SE,46.209,-97.37222
564450,Deserthawk Lp,46.32683,-119.3382
565594,GW1230 Seattle WA US,47.65467,-122.348
566587,Oak Point Rd,46.00328,-95.87801
566767,K7KLA-2 WALLA WALLA WA US,46.042,-118.341
568576,Chirico Point,47.49632,-122.00899
569275,Prosser,46.18406,-119.72755
569419,Waylon Dr,46.2921,-119.38391
570689,Winger,47.54698,-96.03719
570701,Marques Rd,47.6632,-114.60563
572070,N Perrine Rd,47.71999,-117.24638
573456,Lakota,47.978,-98.33383
573486,67th St SE,46.44169,-97.79199
580435,GW2298 FRENCHTOWN MT US,47.01833,-114.2505
580856,Duncan Dr,46.90099,-113.97758
583046,Crane Montana MT US AGRIMET,47.6014,-104.2394
583048,Rathdrum Prairie ID US AGRIMET,47.8,-116.83333
583589,Ahrs Loop,47.32473,-116.57757
583892,Crested Butte Rd,46.87693,-100.81351
584772,Cleman Mountain PACIFICORP,46.81593,-120.86193
584876,Sunnyside,46.35648,-120.0491
586078,Horse Heaven,46.0583,-119.57081
588212,Country Heights Drive,46.16567,-119.33277
590166,Hepton Ln,46.40015,-116.93649
590442,GW2821 Townsend MT US,46.387,-111.41
591954,U.S.53 - Cook - MP 97.5 MN US MNDOT,47.89174,-92.77429
591958,T.H.210 - Motley - MP 101.0 MN US MNDOT,46.34349,-94.64286
594818,USH 51 at STH 182 WI US WIDOT,46.13195,-90.01219
595751,Comanche Trail,47.45378,-111.32037
595976,Ocean Shores Blvd SW,46.94946,-124.17157
597580,Thrush Dr,47.7364,-116.92159
597959,43rd St SW,46.78629,-102.15164
598982,Chesley Ct,46.23555,-93.79453
599190,Starbright Ln,47.75874,-114.08206
599912,Rose Point Dr,47.78519,-122.83107
600900,South Fork Ahtanum WA US PACIFICORP,46.51111,-120.92399
601415,Titeon WA US PACIFICORP,46.71094,-120.80559
605285,Feather Dr,46.97038,-94.93507
608040,SE 456th St,47.19067,-121.96891
609624,Roza View Rd,46.25772,-119.98241
610007,Browerville,46.08733,-94.75879
612568,GW3765 KENNEWICK WA US,46.203,-119.128
613150,Airport Way N,46.68682,-119.91631
614899,Morrison Rd,46.89776,-120.34271
615513,I-35 Moose Lake - MP 216 MN US MNDOT,46.45278,-92.7301
615516,T.H.61 Grand Marais MP 110.8 MN US MNDOT,47.75836,-90.31386
616043,GW3914 ENUMCLAW WA US,47.19383,-121.9695
616047,KB1YTR-1 DULUTH MN US,46.80367,-92.12733
616311,Katy Ln N,47.84212,-118.13568
616401,Swedes,47.89575,-95.74018
617489,Mission View Dr,47.67645,-114.14864
618341,Charmin Ave,46.51076,-94.30988
618895,Nanson,46.03913,-95.78742
620228,Custer NW MT US MT-MESO,46.15309,-107.58529
621052,GW4149 VALLEYFORD WA US,47.52983,-117.194
622141,Kenova,47.23592,-117.55019
623585,Port Ludlow,47.95351,-122.68871
623957,Sunnyside,46.36045,-119.89365
625446,Pomona Heights Rd,46.68397,-120.46735
626118,N Montana Ave,46.64323,-112.01988
626535,Solly Miller Rd,47.40332,-118.32419
629358,275th Ave SE,47.42444,-121.97527
631298,W 6th St,46.78912,-92.10772
634224,2nd Ave,47.60981,-122.33973
635047,GW4768 HAMILTON MT US,46.216,-114.104
636180,Rodrigues Farm,47.65578,-118.64313
636416,McBride Trail NE,46.94315,-93.95433
636782,TKR Farms Irrigation Farm,47.62082,-118.70996
637414,THO-13_WTHR_01 WA US PSE,46.98068,-120.64554
637644,25 St SE,47.04678,-97.22983
638702,WA-221,46.04327,-119.60084
640203,Pomeroy WA US PACIFICORP,46.47733,-117.62386
641756,Wagner St,46.29425,-107.22896
642452,Airport Way,46.68726,-119.9164
644221,Applegate Dr,46.67885,-112.05054
647514,Sulpher Creek WA US PACIFICORP,46.29551,-119.99789
648248,E Boileaus G Dock,47.98104,-116.55614
54571,Ocean Shores,47.004,-124.152
98042,Ocean Shores-Wawona,46.94767,-124.13733
540150,80th Pl NE,47.69813,-122.23538
159851,Alki,47.582,-122.402
164735,Union,47.35011,-123.06811
181851,FW4154 Kenmore WA US,47.75583,-122.26267
538288,MN-18,46.34701,-93.53484
12489,UW Medical Center,47.65,-122.31
54609,UW Waterfront,47.648,-122.298
87079,Des Moines Marina,47.40767,-122.33
164746,Columbia Beach,47.97211,-122.35111
519062,KF7SHY-14 Morton WA US,46.4865,-122.17033
526569,Sund Rock,47.434,-123.12
619595,Par 5 Dr,46.13544,-93.5789
11852,FERNBERG,47.9461,-91.4947
84782,North Queen Anne,47.64311,-122.36711
87459,WINNIBIGOSHISH LAKE DAM MN US USARMY-COE,47.42833,-94.05
95986,DW9004 Benton City WA US,46.26883,-119.52333
113902,Mutiny Bay,47.99211,-122.53311
158763,Duluth Heights,46.79511,-92.11911
158975,Clyde Hill,47.62411,-122.22111
164748,Mint Grove,47.60111,-122.08111
167994,DRY FALLS DAM WEATHER STATION NE WA US USBR,47.61417,-119.29917
185566,FW4555 Des Moines WA US,47.388,-122.3245
197513,Grand Marais Bluff,47.748,-90.431
197525,Siskiwit Bay Marina,46.858,-91.102
520066,Klipsan Beach,46.464,-124.046
526117,US-101,46.31518,-124.0219
526587,Driftwood Key - N Pier,47.91,-122.589
535146,Eagles View,47.293,-122.899
535151,Totten Inlet E,47.15,-122.964
535165,Burton South Shore,47.385,-122.456
598046,Othello,46.97031,-119.34317
630302,5th Ave,46.19944,-123.94414
4521,Squaw Lake,47.60357,-94.12675
4528,Ball Bluff,46.97836,-93.27369
5716,Dry Creek,47.7331,-120.5444
5727,Connors Lake,47.7794,-93.6461
5799,HILL CITY,47.0375,-93.6042
5930,Moose Lake,46.4203,-92.8008
5957,PORPHYRY,46.8353,-110.7175
7861,LOLO PASS ID US SNOTEL,46.63,-114.58
9299,DRY BLOOD CREEK,47.2442,-108.3575
11345,Chief Joseph Dam WA US AGRIMET,47.99083,-119.63556
11358,Grand Coulee Dam WA US AGRIMET,47.94528,-118.95361
11389,ROUND BUTTE MT US AGRIMET,47.53944,-114.28056
11444,SR 291 Nine Mile WA US WA DOT,47.777,-117.544
12424,Soap Lake WA US WA DOT,47.3672,-119.4885
19388,Medical Lake,47.5917,-117.5621
19395,SR 2/SR 195 Int. (Garden Springs WA US WA DOT,47.652,-117.431
20572,HELENA VALLEY MT US AGRIMET,46.67917,-111.98333
36550,THOMPSON FALLS MT US SUPERAWOS,47.5735,-115.28066
47548,MCCM8,46.0331,-106.1944
49656,AT200,47.603,-122.84917
50144,GLUN8,46.59667,-101.80944
94768,DW8546 Wenatchee WA US,47.45383,-120.35367
97752,DW9686 Pasco WA US,46.4,-119.1
98289,DW6667 Jefferson City MT US,46.39333,-112.02533
103159,EW1795 Northome MN US,47.87717,-94.24533
116399,Lookout Pass I-90 MP 0.2 MT US MT DOT,47.45357,-115.69506
120057,Indianola,47.74383,-122.51333
146333,RED LAKE MN US,47.8693,-95.02901
148210,EW4750 Ellensburg WA US,46.994,-120.59683
149825,NEWLAN CREEK MT US,46.73692,-110.8512
155153,EW7293 Moxee WA US,46.5,-120.3
158083,EW7584 Garfield WA US,47.0175,-117.15233
161885,EW8494 Pasco WA US,46.37633,-119.20967
162440,"Terry and Donna's Pad, Ellensburg, WA",46.96,-120.79
162553,Hurricane Ridge,47.9704,-123.49933
164117,Anderson Road TH 53 Mile Post 5.5,46.79476,-92.15696
164849,WB7AAV Federal Way WA US,47.3455,-122.305
168557,SNAKE RIVER NEAR WARMAN 3SE MN US,46.02472,-93.23083
170018,BUFFALO RAPIDS TERRY AGRIMET STATION HADS,46.7781,-105.299
174188,FIRE EFFECTS PORTABLE #2 MT US,46.71853,-114.15731
175696,FW3137 Fargo ND US,46.796,-96.8945
179947,Stevens Pass - Old Faithful WA US NWAVAL,47.742,-121.117
184401,W0DP-11 Winton MN US,47.97867,-91.43283
185477,FW3958 Astoria OR US,46.1165,-123.85367
185852,FW5374 Lapwai ID US,46.40133,-116.8055
187885,D1 - Granite Hill ID US,47.97,-116.69
188619,FW6174 Proctor MT US,47.91917,-114.38284
189054,Charlo Heights MDA MT US MT-MESO,46.15655,-114.17051
189703,Hillsdale E 64th - Tacoma (FW6433),47.19883,-122.41367
198696,Scandy Fell,46.2482,-94.61802
199364,Lauderdale Ridge,47.19493,-120.72676
200876,Rd S SE,46.99466,-119.0894
202358,N 28th St,47.27264,-122.47669
517344,Wall St Ave N,46.93673,-96.75785
517808,FW7858 Elizabeth MN US,46.40117,-96.1125
517856,Front St,47.09175,-117.57873
517896,21st Ave NW,47.68952,-122.38356
518101,Kennedy Ave,46.82474,-100.75746
518513,Mt Brynion Rd,46.17685,-122.91307
520983,Arnold Rd,46.91302,-92.09133
521197,Blue Haven Way,47.98707,-122.46295
521337,Hoot lake,46.30234,-96.03398
527435,1st Ave NE,46.03721,-99.37012
531249,Marine View Dr S,47.37234,-122.32392
532868,Military Rd SE,46.88686,-122.74757
535115,Simms-Cascade Rd,47.49339,-111.9331
536186,29622 lakeshore Dr,46.58204,-94.21607
536641,Glen Rd,46.30252,-119.31422
540607,Brownie Ln,47.90465,-120.16814
541120,Great Divide Base Area,46.75339,-112.31208
543849,FW8343 Cable WI US,46.24,-91.11067
547636,Bridger Mountain Rd N,46.52166,-111.93018
550932,31st Ave SW,47.53748,-122.37221
554656,Warren Dr NW,47.29493,-122.66926
556475,Raptor Ln,46.58322,-120.38875
557915,Stone Quarry Dr,47.76063,-114.16555
558189,Narrows Rd,47.77253,-114.13179
560067,Heavens View Ln,47.44207,-111.40092
560435,2nd Ave NW,46.03973,-99.37418
560493,Antigone Dr,46.3553,-114.18649
563957,Grassy Mountain Rd,46.52615,-111.92057
565976,Armington Junction,47.32287,-110.93127
567191,Pine Hollow Rd,46.47013,-114.03257
567880,Ringold River Rd,46.48738,-119.25334
568368,149th Ave SE,47.02813,-97.32655
570037,KK7GO-7 Yakima WA US,46.59867,-120.65283
571550,S Tacoma St,46.17764,-119.14562
572492,Warren Ave N,47.62685,-122.3539
572543,Ray Rd,46.82406,-118.3372
573687,Foxtail Ln S,46.80961,-96.88409
574514,4th St NW,47.47421,-101.87098
575291,Gilbert Trail,46.39578,-94.18615
575704,N Spur St,47.82095,-116.79829
575925,Pine Rd,46.53474,-94.18269
577229,Fox View Loop,46.66388,-111.89691
578319,Chateau Woofy,47.27746,-119.58438
579293,Wakemup,47.92618,-92.59596
580717,N Chase Rd,47.67592,-117.0514
582361,Madrona Beach Rd NW,47.07891,-123.01253
583526,Milt Springs Loop,46.01906,-116.07699
583711,Silhouette Ridge Rd,46.23341,-114.19457
585999,WA7CUG BRIDGEPORT WA US,47.99667,-119.66117
586064,Gwinn Rd,46.05854,-119.58169
586861,Carvo Rd,46.60262,-120.75085
586868,Vineyard Crest,47.6193,-122.21395
587140,Queen Anne Southern Exposure,47.63067,-122.35231
588303,Rd 4 NW,47.15502,-119.56655
590081,Castles Rd,46.66336,-111.82565
591238,Youngs River OR US PACIFICORP,46.11511,-123.79099
591950,T.H.38 - Marcell - MP 27.5 MN US MNDOT,47.58537,-93.6751
592763,S Verbena St,46.18158,-119.08832
593783,Bowers Dr NW,47.41319,-94.33017
595410,GW3204 Post Falls ID US,47.71917,-116.88933
595797,Debonair St NE,47.13747,-119.23752
596456,Wenas,46.86344,-120.76131
598094,GW3336 Richville MN US,46.42733,-95.78783
598721,Battle Ridge,46.05224,-115.88512
600109,Love Dr,47.19307,-121.97835
601065,Paradise Rd,47.52608,-109.47808
602674,Marcellus,47.26904,-118.38087
604539,Beaver Plant OR US PGN,46.17164,-123.16335
605107,Ted  Bender,46.16488,-119.14324
608155,Autumn Dr S,46.79382,-96.83334
609362,Coriander Dr,46.905,-100.78674
609534,Lewis and Clark River OR US PACIFICORP,46.04925,-123.85103
611789,N Division Rd,47.84698,-117.40903
612392,KPLU,47.1003,-122.28868
613145,Crestview St,46.71959,-117.19928
613607,6th St E,46.82651,-96.89172
613810,GW3724 MOSSYROCK WA US,46.52767,-122.47967
614036,Riverwalk Pl,47.45294,-120.3104
615515,T.H.61 Schroeder - MP 79 MN US MNDOT,47.54443,-90.8959
615521,U.S.53 - Piedmont Ave - MP 2.7 MN US MNDOT,46.77138,-92.13752
618437,S Auburn Pl,46.16507,-119.1195
618703,KG7QQL SEATTLE WA US,47.67433,-122.40133
619867,Longview Ct,46.03099,-118.42989
622335,Melrose St,46.08114,-118.28613
622939,E Lund Dr,47.27509,-123.10183
623448,Heritage Rd,46.06905,-118.40609
624129,T.H.1 - Stony River - MP 310 MN US MNDOT,47.67724,-91.61768
626270,Last Chance Rd,46.05196,-118.45557
627508,SE 27th St,47.58625,-122.202
627722,Pilchuck Heights Fi,47.22533,-122.59655
627821,ERJR777,47.55161,-122.38643
628253,Courtney&#39;s Creek Rd,46.97944,-110.16708
628662,Hiawatha Rd NE,47.13956,-119.44622
628687,5th St NW,46.35411,-124.05984
629320,Cub Dr,46.33809,-111.25885
629809,27th Ave Ct NW,47.36031,-122.5742
631961,14th Ave SW,46.89642,-98.72785
632076,State Hwy 13,46.47136,-90.84138
632354,Harbor View Dr NE,47.30016,-122.42895
632905,205th Pl SW,47.81256,-122.35358
634176,Batchelor Ln,47.94659,-120.18617
636118,Long Rd,46.41233,-90.82523
640656,County Rd 3 NE,46.06903,-95.23015
640745,Valley Vista Rd,46.53237,-113.97807
641748,Teton Canyon Loop,47.89247,-112.62351
642467,Lakeside Way,46.69449,-119.93756
645610,GW5284 TACOMA WA US,47.19933,-122.472
649339,Minnesota Ave,46.77484,-92.09081
159584,Rose Point,47.6945,-122.21617
582503,7th Ave S,47.6709,-122.20593
163389,Everett,47.9935,-122.20317
536206,Holmes Point Dr NE,47.70393,-122.24557
561096,Newcastle,47.56,-122.19
20697,Long Beach,46.36117,-124.02867
523785,Port Madison,47.70023,-122.52716
12434,Price Creek WA US WA DOT,47.3257,-121.3268
7256,Georgetown Lake,46.3167,-113.3
11425,Peshastin-Dryden,47.5555,-120.5866
113921,Rainier Beach,47.51311,-122.25511
565949,Ferncroft Rd,47.56475,-122.20834
1010,Stampede Pass,47.28,-121.33
2870,Redmond-Marymoor Park,47.6521,-122.12223
3986,Carnation,47.64447,-121.91056
5634,Cass Lake,47.3778,-94.615
5694,CUTFOOT,47.5364,-94.0544
5899,Minot Peak,46.8922,-123.4169
11430,Point Grenville,47.303,-124.25
54601,Cliffside,47.881,-122.574
164710,Delaura Beach,46.15011,-123.94311
165024,East Lake Sammamish,47.60731,-122.0753
166618,EW9877 Seattle WA US,47.673,-122.264
196552,FW7055 Federal Way WA US,47.286,-122.29983
200281,Beach Dr SW,47.56983,-122.40956
516591,Holmes Point Dr NE,47.71218,-122.25524
536894,Ridgecrest Rd,47.26694,-121.04917
560127,Lake Washington Blvd N,47.52592,-122.20624
578156,"Edmonds, WA",47.81,-122.38
607958,SW 171st St,47.45029,-122.37044
2552,Columbia Valley Garden,46.15167,-122.98
3606,Kirkland-Highlands,47.69,-122.18083
5576,Badoura,46.8608,-94.7258
6063,SEELEY LAKE,47.1828,-113.4472
11371,Lake Bryan - Rice Bar WA US AGRIMET,46.6975,-117.65417
11414,Alpental Exit WA US WA DOT,47.427,-121.418
11576,BARNES,46.4,-91.5
11632,HAYWARD,46.0208,-91.4497
11633,Isabella,47.6197,-91.3775
12838,Bear Paw,46.8107,-90.84807
19376,WB7OXJ Shelton,47.29083,-123.04533
27041,Vets Memorial Bridge,47.63,-116.68
46465,Crescent Valley,47.35323,-122.58817
46822,Lake Marcel-Stillwater,47.7235,-121.92017
47555,D1832,47.44337,-121.76144
49416,Snohomish,47.93633,-122.087
53559,Juanita,47.70583,-122.19383
54603,Bangor,47.716,-122.748
54618,Pickering Passage,47.295,-122.888
54619,Mason Lake,47.323,-122.952
71890,Aurora,47.52283,-92.24117
72109,Evergreen Point,47.63883,-122.237
84775,Cromwell Beach,47.27311,-122.62311
84779,Ed Munro Seahurst,47.49011,-122.35311
84784,Bay Terrace,47.66911,-122.41011
84791,Windermere,47.67411,-122.28811
84793,Crown Hill,47.69711,-122.37511
84794,Shoreline,47.74211,-122.35011
86095,Tenmile Lake,46.997,-94.56
88031,DW6241 Newcastle WA US,47.537,-122.1725
99758,BUCK CREEK WA US,46.0567,-121.5386
102161,EW0518 Duvall WA US,47.7355,-121.96917
113891,Bremerton,47.57511,-122.65011
113896,Wautauga Beach,47.58711,-122.55011
113897,Agate Passage,47.72511,-122.55811
113922,Matthews Beach,47.70011,-122.28311
114568,Bay Lake,46.38211,-93.85511
114569,Schmidt Creek,46.91011,-91.89311
119163,EW3649 Bonney Lake WA US,47.23117,-122.141
146831,EW4369 Thorp WA US,47.1475,-120.72
158917,Breakers,46.35611,-124.05511
158940,WaWa Point,47.73511,-122.87411
158944,Hummingbird Point,47.29311,-122.89411
158949,Oyster Bay,47.09811,-123.04611
158963,Fauntleroy Library,47.52211,-122.37911
158967,W Seattle Golf,47.56511,-122.37011
158969,Leschi,47.59111,-122.29411
158971,Horizon Crest,47.55811,-122.13211
158979,Kenmore Hill,47.76411,-122.25611
158981,Meadowbrook,47.70711,-122.28511
158984,Ballard,47.67311,-122.39311
159008,Miller Bay,47.75211,-122.56111
159013,Point Glover Knoll,47.56811,-122.57411
159020,Driftwood Point,47.22211,-122.72211
159021,Harstine Island,47.28611,-122.86111
159025,Little Beef Harbor,47.65411,-122.79511
159028,Vashon,47.41811,-122.46311
159034,Port Madison,47.70611,-122.52111
159894,Mt St Helens - Coldwater WA US NWAVAL,46.30333,-122.26503
164750,Picnic Point,47.89011,-122.23511
196530,Kirkland - Goat Hill,47.707,-122.223
197519,Two Harbors South,47.012,-91.714
197523,Orienta Lakeshore,46.755,-91.528
199748,Koura Farm,47.66668,-122.54676
201409,SW Eddy St,47.54606,-122.39329
520064,Skamokawa,46.269,-123.457
520071,Gray Gables,47.008,-124.004
524776,FW8528 Hoodsport WA US,47.42783,-123.21233
526563,Flying Monkey Estuary,47.87,-122.691
526564,Dabob Bay Hatchery,47.819,-122.825
526570,Potlatch State Park,47.364,-123.158
526571,Hood Canal Waterfront - Union,47.347,-123.069
526586,Driftwood Key Club,47.909,-122.582
526591,Miller Bay East,47.757,-122.549
526592,Poulsbo South Marina,47.727,-122.641
526593,Liberty Bay West,47.727,-122.664
526595,Tracyton By the Bay,47.609,-122.658
526598,Anapolis,47.555,-122.599
526599,Manchester,47.55,-122.542
526601,Gig Harbor,47.34,-122.593
526603,Magnolia Heights,47.257,-122.585
528999,FW8782 Olympia WA US,46.97833,-122.978
535138,Warren Heights,47.285,-122.66
535141,Anderson Island,47.18,-122.695
535145,Stadium Beach,47.295,-122.895
535148,Hartstene,47.277,-122.888
535150,Hammersley Inlet SW,47.204,-123.069
535152,Leaf Cove,47.139,-122.954
535153,Mud Bay,47.053,-123.005
535155,Olympia - West Bay,47.062,-122.917
535159,Beachcrest,47.111,-122.752
535160,Point Beals,47.462,-122.438
535161,N Maury Island,47.401,-122.426
535163,W Maury Island,47.359,-122.473
535166,Palisades Waterfront,47.322,-122.402
535167,Woodmont,47.358,-122.323
537507,W Lake Sammamish Pkwy SE,47.59221,-122.11106
541845,E City Limits Rd,46.66341,-92.00858
560223,Hogger-Point White Dr NE,47.592,-122.56526
561619,N 57th St,47.66986,-122.32963
564107,Lakeview Dr,47.66346,-122.20441
571457,W Entwistle St,47.20647,-119.99518
589059,Blue Ridge Weather Center,47.70382,-122.38455
621144,Bayview Dr NE,47.13966,-122.90594
627289,S Greenfield Ln,47.63171,-116.79643
2541,Renton-South,47.43933,-122.18083
2619,Ellensburg,46.99233,-120.514
2892,Lake Forest Park North,47.76833,-122.287
2916,K9SCH Enumclaw,47.1945,-121.98717
2954,CW0138 Brier,47.7822,-122.2687
3098,CW1558 Orting,47.06055,-122.18161
3175,Renton-Downtown,47.47522,-122.202
3295,Lavilla,47.69117,-122.28267
3385,CW3683 Seattle,47.69944,-122.31575
3550,CW4672 Chehalis,46.62133,-122.80417
3586,Midvale,46.89423,-113.96154
3588,Trout Lake,46.00633,-121.52717
3611,CW5049 Enumclaw,47.20764,-122.00003
3628,East Renton Highlands,47.47452,-122.12663
3641,East Olympia,46.98167,-122.85333
3820,Morningside,47.69417,-122.31383
3910,Maple Valley,47.35839,-122.0545
3943,Woodinville North,47.7806,-122.16686
3945,Federal Way-Lakota,47.30976,-122.3607
3964,CW6975 Rochester,46.82383,-123.082
4690,Fargo I-94 RR Bridge,46.84783,-96.783
4804,Longview-Lone Oak,46.18267,-122.95833
4930,Edgewood,47.22929,-122.26037
5018,CW5581 Graham,47.0165,-122.31383
5340,CW6302 Yakima,46.6005,-120.50867
5560,ARMELLS CREEK,47.5867,-108.8694
5669,CHEHALIS,46.61,-122.9083
5679,CONDON WORK CENTER,47.5361,-113.7172
5710,Dent,46.6217,-116.2183
5733,ENUMCLAW,47.2203,-121.9639
5744,Lowell,46.1,-115.5347
5748,FISH HOOK,47.1292,-115.875
5766,Liberty,47.2625,-120.6817
5782,GATES PARK,47.7897,-112.9394
5823,ITASCA,47.24,-95.19
5835,Kelliher,47.9411,-94.4642
5837,Moose City,46.6667,-115.1667
5855,LINES CREEK,47.1083,-116.2278
5867,Lincoln,46.9681,-112.6353
5909,Miller,46.0225,-123.2717
5916,MOOSE CREEK,46.1283,-114.9217
5924,MISSOULA,46.8236,-114.1
5935,NUCKOLS,47.5069,-115.9411
5943,Owl Mountain,47.7661,-123.9653
5956,PEOH POINT,47.1522,-120.9467
5958,PIERCE,46.5,-115.8333
5966,PLAINS,47.45,-114.8667
5971,POTLATCH,46.9297,-116.9075
6070,Harvard,46.9833,-116.6333
6091,SMITH CREEK,46.4394,-114.2272
6095,Saginaw,46.8436,-92.4617
6097,SPOTTED BEAR RS,47.9239,-113.5247
6110,ST. REGIS,47.3069,-115.1075
6159,Castle Rock,46.2714,-122.8919
6165,CABINET (TROUT CREEK),47.8667,-115.625
6201,Wenatchee-Viewpoint,47.8603,-120.8894
6511,Bradley State Park,46.171,-123.4402
7047,BENCHMARK,47.5,-112.9
7140,Gird Point,46.1928,-113.9203
7165,Lindisfarne,47.7675,-114.2339
7217,SAWMILL FLATS,46.9675,-121.0844
7297,ROUNDTOP,46.5833,-114.5
7321,Stevensville,46.5131,-114.0911
7324,POWELL,46.5122,-114.6881
7394,Cheney,47.4175,-117.5283
7754,GROUSE CAMP WA US SNOTEL,47.28,-120.49
8007,REX RIVER WA US SNOTEL,47.3,-121.6
8038,SOURDOUGH GULCH WA US SNOTEL,46.24,-117.39
8071,SPRUCE SPRINGS WA US SNOTEL,46.18,-117.54
8127,TOUCHET WA US SNOTEL,46.12,-117.85
8615,Black Knob,47.4136,-124.1031
8747,LITTLE SNOWY,46.7511,-109.0233
8756,MILL CREEK,46.2625,-120.8622
8796,PINE HILL,46.7758,-104.5797
8800,PISTOL CREEK,47.2167,-114.0167
8828,Mission Meadows Trailer Park,47.5672,-114.0847
8880,Tepee Creek,46.1656,-121.0331
8892,LOLO PORTABLE #2,47.3744,-115.4342
9007,Queets,47.536,-124.333
9008,Winchester ID US ITD,46.25521,-116.605
9336,Devils Lake South,47.9886,-98.975
9338,Fire Training Academy,47.4536,-121.6658
9437,LITTLE BULLWHACKER CREEK,47.8314,-109.0083
9451,LESTER,47.2083,-121.525
9566,Rice Lake,46.5372,-93.2875
9621,STEAMBOAT,46.2608,-108.0997
9623,STINKWATER CREEK,46.8531,-113.3775
11142,KB0KQA Duluth,46.99417,-92.29883
11198,Humptulips,47.3672,-123.7583
11205,NINE MILE,47.0708,-114.4022
11206,PARDEE,47.2672,-114.9189
11314,ONION PARK MT US SNOTEL,46.91,-110.85
11346,CORVALLIS MT US AGRIMET,46.33333,-114.08333
11350,Dworshak - Dent Acres ID US AGRIMET,46.62333,-116.22056
11376,MANSON WA US AGRIMET,47.91694,-120.12444
11392,Seven Bays Marina WA US AGRIMET,47.85528,-118.34111
11393,ST. IGNATIOUS MT US AGRIMET,47.31333,-114.09806
11413,Ritchey,47.462,-117.751
11418,Blewett Pass WA US WA DOT,47.3348,-120.5771
11421,Asahel Curtis WA US WA DOT,47.3933,-121.4734
11427,Elk Heights,47.113,-120.786
11429,Franklin Falls WA US WA DOT,47.426,-121.432
11445,Madrona Beach,47.085,-123.033
11447,Perry Curves WA US WA DOT,47.6512,-117.3973
11462,White Pass Summit WA US WA DOT,46.638,-121.39
11463,Tomith,46.0456,-120.5671
11589,Clam Lake North,46.1975,-90.97
11621,GLIDDEN,46.1447,-90.5903
11749,Washburn,46.6364,-91.2014
11825,Silver Creek,47.09438,-91.55177
12101,Superior National Forest Station 2,47.7964,-90.8861
12345,SPUR PARK MT US SNOTEL,46.78,-110.62
12420,Othello WA US WA DOT,46.8091,-119.1287
12427,Lolo Pass ID US ITD,46.63496,-114.57963
12433,Clayton Rd WA US WA DOT,47.982,-117.56
12549,Cosmopolis Hill,46.934,-123.728
12920,Rock Candy Mountain,47.034,-123.097
13215,Olympia-Woodard Glen,47.05783,-122.85633
13557,North Hill,47.42587,-122.32553
14000,Shields River Valley MT US AGRIMET,46.04667,-110.65278
14637,CW6829 Yelm,46.9361,-122.61401
14794,Fourth Of July Canyon,47.62,-116.52
14891,CW8815 Moscow,46.81967,-116.98667
14907,AD7CQ Kennewick,46.2175,-119.2375
15277,"KP69 elk city/lowell, id",46.15,-115.6
15388,"KMLP mullan pass vor, id",47.45,-115.68
15938,"KPLU puyallup, wa",47.1,-122.29
19399,CW8854 Spirit Lake,47.95978,-116.83341
19689,Bothell,47.777,-122.20917
19810,Fox Is.,47.22333,-122.61417
20391,SAWMILL RIDGE WA US SNOTEL,47.16,-121.42
26164,CW9209 Olalla,47.45,-122.53333
27248,CW9363 Clearwood,46.82327,-122.48078
27524,CW9583 Renton,47.46667,-122.1285
29875,LEWIS & CLARK PORTA,46.6756,-110.0578
30151,TESS - PORTABLE,46.5692,-115.4169
30190,State Camp Hill WA US WA DOT,47.1402,-123.8923
30191,KM Mountain,46.3456,-123.5097
30454,CW5316 North Bend,47.4425,-121.76833
30898,Valley View,47.92733,-122.2075
32640,DW0126 Tenino,46.85617,-122.85233
33996,Beachcrest-Tolmie Park,47.11324,-122.77274
35154,Duvall,47.7345,-121.97117
45436,AR266,46.866,-122.27267
46303,AT020,46.0705,-118.3075
46458,Dutton Northwest,47.93862,-111.81105
48416,ITD74,46.11306,-116.35416
48421,ITD64,46.24667,-116.01495
48424,ITD76,47.92611,-116.85028
48425,ITD61,46.79889,-116.55194
48428,ITD60,46.49972,-116.71361
49316,Pearson-Island Lake,47.68301,-122.66853
49319,TR241,46.5344,-119.8797
49479,Clearview,47.82533,-122.14083
50400,Cooper Pass,47.42972,-121.21083
51227,Alderwood Manor,47.8205,-122.225
53072,Hanson Reservoir South,47.21944,-121.8425
53167,RAGI1,47.85,-117.033
53171,D3277,46.483,-116.26633
53239,D3200,46.383,-115.94967
53240,Humptulips D3348,47.17917,-123.95833
54439,TS874,46.18,-120.9725
55890,ITD89,46.97455,-116.27674
56101,Lake Sawyer,47.33583,-122.07117
70877,AT368,47.06867,-122.34833
82883,North Bend WA,47.499,-121.777
84645,Tacoma-Central,47.242,-122.486
84847,KK7X Rathdrum ID US,47.8273,-116.8422
84901,Helena Portable #1,46.3261,-111.4964
88161,DW6283 Moscow ID US,46.73033,-116.97333
89095,Ashland,46.58233,-90.88383
89537,Drummond,46.32766,-91.31202
90160,Fairmount,47.55117,-122.37783
90375,DW6866 Puyallup WA US,47.12383,-122.39717
90379,DW6891 Wynaco WA US,47.30333,-122.13717
90392,DW6892 Two Harbors MN US,47.02667,-91.66667
90847,WELLPINIT WA US,47.8764,-118.0961
91086,Aberdeen,46.98,-123.83667
91087,DW7103 Yelm WA US,46.9205,-122.637
91762,DW7264 Entiat WA US,47.70383,-120.32533
92256,DW7465 Bothell WA US,47.83117,-122.19333
93409,DW7759 Glenwood WA US,46.01583,-121.27467
93698,DW7921 Snoqualmie WA US,47.52649,-121.8221
94223,DW8222 Woodinville WA US,47.791,-122.12717
94523,Fernwood ID,47.1075,-116.398
95184,DW8787 Winlock WA US,46.50917,-122.92283
95765,Fern,47.75467,-122.51517
96099,DW9063 Post Falls ID US,47.73617,-116.902
96381,Wandermere Bridge Spokane WA US WA DOT,47.7871,-117.4067
97424,Fauntleroy Park,47.5195,-122.38583
97680,DW9633 Cle Elum WA US,47.18417,-121.04867
97757,DW9695 Connell WA US,46.7315,-118.87767
98733,46123,47.4,-123.0
98737,DW9972 Clancy MT US,46.498,-111.9786
99033,EW0056 Spokane WA US,47.753,-117.42933
99516,L&C Bridge South,46.09594,-122.96925
99774,K7JMM-13 Lynnwood WA US,47.81383,-122.24617
99946,NAPA MT US,47.5597,-113.6656
100100,EW0591 Missoula MT US,46.80833,-114.05867
100151,EW0744 Auburn WA US,47.3435,-122.19633
100365,Mox Chuck,46.96283,-123.71717
100813,EW1187 Alberton MT US,47.00383,-114.48017
101178,EW1164 Nine Mile Falls WA US,47.81467,-117.60317
110712,Lovgreen,47.67417,-122.53133
110722,EW0259 Kent WA US,47.42331,-122.17834
110829,Riffle,47.80617,-120.6445
110987,EW1782 Vining MN US,46.22367,-95.44383
111002,Maple,46.58383,-91.74617
111418,EW1994 Monroe WA US,47.78817,-122.011
111430,EW1958 Woodinville WA US,47.75,-122.03333
111551,EW2072 Ephrata WA US,47.357,-119.53383
111648,EW2136 Brier WA US,47.78033,-122.28
113038,Leech Lake,47.17056,-94.28667
114976,OKAWEN PORTABLE 5 WA US,47.73258,-120.24315
115186,Lake Forest Park,47.74667,-122.28533
116368,Greenough Hill MT-200 MP 22.1 MT US MT DOT,46.9028,-113.42299
116373,Ninemile I-90 MP 81.8 MT US MT DOT,47.02299,-114.38868
116375,Swan Lake South MT-83 MP 47 MT US MT DOT,47.59103,-113.75574
116377,Trout Creek MT US MT DOT,47.82,-115.58
116429,EW3146 Saginaw MN US,46.8455,-92.46917
116582,EW1647 Federal Way WA US,47.336,-122.35433
116769,Pokegama,46.67694,-92.14611
119466,EW3683 Toutle WA US,46.322,-122.717
119472,EW3732 Cle Elum WA US,47.20833,-121.11067
120030,EW3937 Colton WA US,46.56467,-117.12167
120313,Black Lake ID US,47.429,-116.628
120314,Cataldo ID US,47.5469,-116.3307
120315,Parker Pass ID US,47.3377,-116.6708
120316,Lookout Pass ID US,47.4611,-115.6937
130178,EW4092 Yakima WA US,46.5815,-120.56083
130180,EW4100 Woodinville WA US,47.78333,-122.12217
146540,EW4137 Nile WA US,46.86883,-120.96633
146550,EW4205 Terrace Heights WA US,46.61083,-120.432
146667,EW4288 Spokane Valley WA US,47.64217,-117.23283
146669,EW4312 Spokane WA US,47.69967,-117.2795
146752,EW4291 Lakeside WI US,46.64067,-91.91517
147486,EW4160 Shelton WA US,47.2,-122.9575
148194,EW4713 Bemidji MN US,47.585,-94.922
148375,EW4799 Seattle WA US,47.52367,-122.38867
148779,EW4883 Black Diamond WA US,47.28133,-122.00633
148812,HELENA PORTABLE #2 MT US,46.96548,-112.133
149093,The Pines MT US GGWWFO,47.83599,-106.6355
149596,LOLO PORTABLE #4 MT US,47.12783,-113.153
149788,CHELAN PORTABLE 2 WA US,47.95265,-120.0423
150004,SR7 at SR706 WA US WA DOT,46.7631,-122.192
150598,EW5752 Leavenworth WA US,47.56467,-120.64517
151007,SAND ISLAND WI US,47.00304,-90.93633
151028,K7LER Seattle WA US,47.5585,-122.3875
151086,EW6089 Carnation WA US,47.63883,-121.96833
152169,EW6271 Troy ID US,46.70467,-116.79233
152505,EW6420 Puyallup WA US,47.15967,-122.26283
152698,K7RRL-2 Puyallup WA US,47.12694,-122.32643
152796,EW6584 Tacoma WA US,47.288,-122.375
152901,EW6552 Tumwater WA US,46.985,-122.9705
152916,EW6690 Maple Valley WA US,47.442,-122.01417
152956,EW2755 Wenatchee WA US,47.44833,-120.34883
153433,EW6774 Machias WA US,47.98333,-122.01667
153793,EW6959 Puyallup WA US,47.098,-122.244
157723,EW7372 Spokane WA US,47.73783,-117.437
157917,EW7481 St. Maries ID US,47.17983,-116.486
159356,FORKS WA PSD,47.97,-124.4
159372,North Bend (E7771),47.46667,-121.68033
159389,SKIBO MN US,47.48861,-91.98775
159596,EW7927 Edmonds WA US,47.82083,-122.315
159721,EW7984 Covington WA US,47.3405,-122.08833
159887,Mt Washington WA US NWAVAL,47.42593,-121.69938
160378,EW8148 Gig Harbor WA US,47.2845,-122.63083
160974,"Creston, WA",47.76263,-118.5196
161472,Oakville,46.85767,-123.25467
161866,EW8308 Linden ID US,46.6875,-116.49617
161868,EW8380 Puyallup WA US,47.14283,-122.267
161908,EW8511 Esko MN US,46.6985,-92.33933
162496,EW8539 Auburn WA US,47.30783,-122.22917
162744,EW8564 East Bonner MT US,46.83717,-113.828
163192,EW8756 Puyallup WA US,47.12717,-122.33817
163262,EW8811 Covington WA US,47.39183,-122.1455
164869,EW9275 Enumclaw WA US,47.262,-122.012
165122,Oyhut,46.94583,-124.1665
166207,EW9635 Helena MT US,46.65717,-112.0285
166382,SIDE LAKE FORESTRY FIELD STATION MN US,47.67722,-93.01028
168813,N0ZRD-10 Cloquet MN US,46.71067,-92.63
169118,FW0240 Bremerton WA US,47.58367,-122.61683
169786,TOSTON 5NW AGRIMET HADS,46.1656,-111.476
170292,FW0821 Seattle WA US,47.61167,-122.31333
170329,FW0868 Vashon WA US,47.40583,-122.44833
170336,FW0708 Odanah WI US,46.60233,-90.65583
170527,FW0850 Duluth MN US,46.80417,-92.07067
171065,TIDEWATER OR US,46.01147,-123.55627
172047,FW1506 Mentor MN US,47.66783,-96.16867
172306,AE7QG Plains MT US,47.536,-114.88933
172307,FW0314 Poulsbo WA US,47.80078,-122.66477
172308,FW1511 Centralia WA US,46.79333,-123.01633
172515,K7SKM Auburn WA US,47.31283,-122.22083
172739,EW6986 Bellevue WA US,47.3,-122.6
174231,FW2021 Seattle WA US,47.5155,-122.38783
174730,FW2406 Bellevue WA US,47.63333,-122.11133
175010,FW2477 Yakima WA US,46.58383,-120.57
175597,FW3030 Hackensack MN US,46.9341,-94.5859
175691,FW1401 Harwood ND US,47.0,-96.9
180676,KE7PBG Rochester WA US,46.80233,-123.06483
180811,US30 WB at Rainier Summit (US30 OR US ODOT,46.09593,-123.02109
181277,FW4008 Coeur d'Alene ID US,47.72167,-116.813
182167,FW3234 Cheney WA US,47.431,-117.7115
184022,FW4384 Walla Walla WA US,46.07767,-118.17317
184155,FW4659 Kalama WA US,46.00317,-122.8045
185071,FW3835 Bagley MN US,47.58783,-95.4315
185116,FW3021 Schroeder MN US,47.4675,-91.0195
185317,FW4052 Bremerton WA US,47.595,-122.6
185333,FW4618 Leavenworth WA US,47.55267,-120.67983
185360,FW2316 Federal Way WA US,47.29967,-122.37833
185365,FW2380 Nine Mile Falls WA US,47.81233,-117.5925
185462,FW3802 Chattaroy WA US,47.54,-117.17
185483,FW3983 Edmonds WA US,47.79383,-122.351
185540,FW4353 Spokane WA US,47.66767,-117.44767
185554,FW4468 Gig Harbor WA US,47.3505,-122.58633
185578,FW4694 Morton WA US,46.56283,-122.29117
185776,FW1071 Bay Center WA US,46.62917,-123.95117
185778,FW1090 Enumclaw WA US,47.22883,-122.0275
185814,FW1628 Keyport WA US,47.70383,-122.63167
185853,FW5376 Seattle WA US,47.50383,-122.2645
186136,FW0639 Lewistown MT US,47.061,-109.4185
186339,FW5403 Wenatchee WA US,47.41067,-120.34
186627,FW0126 Harrison ID US,47.55033,-116.76467
186698,N7TUG-8 Seattle WA US,47.667,-122.393
187089,FW5771 Shelton WA US,47.14933,-123.0405
187859,Upper Nile WA US,46.96663,-121.0926
187889,D2 - Upper Lochsa ID US,46.6156,-114.5899
187908,D2 - Grangemont ID US,46.5573,-115.8353
188318,CW3202 Mist OR US,46.00183,-123.26817
188379,FW6109 Kenmore WA US,47.772,-122.25183
188439,MBMG Lower Lolo MT US,46.74819,-114.13399
188463,Lubrecht Forest MT US,46.89456,-113.4376
188763,FW6219 Mountlake Terrace WA US,47.78833,-122.29283
188768,FW6178 Missoula MT US,46.86867,-114.06617
188836,ARCADIA ORCHARDS WA US,47.9075,-117.39667
189405,DW9722 Monroe WA US,47.86988,-121.96039
189537,AG7WI-1 Graham WA US,46.979,-122.344
189770,FW6365 Littlerock WA US,46.89467,-123.02283
190349,W7CDP Spokane WA US,47.70707,-117.44465
190396,FW6512 Milton WA US,47.26017,-122.30683
194087,Surrey Downs Home,47.60649,-122.19166
195180,E Kelso FT 12859,46.1625,-122.88032
197308,FW7103 Seattle WA US,47.54883,-122.37533
198546,FW7437 Seattle WA US,47.51117,-122.35583
198685,Scott Turner Rd E Eatonville,46.85165,-122.24333
198686,N 47th St,47.29192,-122.50925
198813,Oakbrook disc golf course,47.18373,-122.55356
199075,Watauga Beach Dr E,47.58838,-122.55269
199213,Colchester Dr SE,47.54469,-122.54256
199280,N Jensen Dr,46.25515,-114.15693
199324,Salvador Cir,47.51672,-121.871
199529,Ring Road Weather,47.51323,-122.10011
199573,Shady Lake Weather,47.4289,-122.10344
199684,E 3rd Ave,46.99488,-120.53696
199724,Kelly Lake Rd,46.35563,-91.4584
199852,Lower Peoh Point Rd,47.17975,-120.92233
199869,90th Pl NE,47.76889,-122.2218
200124,FW7582 Fall City WA US,47.58133,-121.97217
200312,W Barrett St,47.64658,-122.38652
200371,Moonshine Rd,46.61919,-91.84218
200476,Clover St,46.20029,-123.36137
200550,NE Lookout Ln,47.76474,-122.59409
200632,Flicker Dr,46.08379,-91.92348
200697,SE Arcadia Rd,47.19897,-122.97746
201192,N 11th St,47.26999,-122.46118
201546,FW7661 Kent WA US,47.37433,-122.18733
201550,FW7716 Nine Mile Falls WA US,47.85333,-117.64733
201792,Kooskia,47.2689,-114.87469
201860,23rd Ave S,47.57917,-122.30434
202095,Quail Creek Way NE,47.62892,-121.96852
202371,Snider Dr,46.02341,-118.40795
202441,N Fife St,47.25817,-122.46996
516470,FW7737 Redmond WA US,47.71067,-122.02667
516659,Co Rd 11,46.55672,-94.00272
516869,W Wapato Rd,46.44775,-120.46546
516878,FW7348 Grand Marais MN US,47.74817,-90.4355
516885,KE7PGE-13 Issaquah WA US,47.543,-121.966
517079,Maple St,46.41661,-117.05133
517113,E Kelso - Tempest,46.15707,-122.90223
517116,Douglas Rd,46.64841,-92.45514
517209,200th Ave SE,47.49381,-122.0724
517372,Old Pond Rd,46.89467,-113.96956
517388,Apple Ln,46.76136,-96.91149
517717,SW 295th Pl,47.33786,-122.33936
518074,Horizon Heights,46.85807,-100.80479
519021,Westside Hwy,46.28778,-122.91559
519144,NE 42nd Pl,47.64661,-121.99289
519522,Humphrey Rd,47.95368,-122.3532
521108,W Club Rd,47.2581,-91.29585
521720,FW8270 Bothell WA US,47.81617,-122.21983
521806,4th Ave NE,47.65668,-122.32469
521831,298th Ave SE,47.31617,-121.94553
522053,Ryefield Rd,46.38247,-90.73067
522740,FW8329 Elliston MT US,46.48931,-112.42206
523177,223rd Pl NE,47.64943,-122.0424
523322,254th Ave SE,47.57727,-121.99954
523398,Kismet Ln,46.82427,-122.52507
523449,N Montana Ct,46.21346,-119.23566
523453,18th Ave E,47.61974,-122.30877
524094,Ironwood Ct,47.87231,-92.22868
524248,Hillwood Ln,47.34068,-116.69022
525120,FW8547 Duvall WA US,47.72333,-121.94917
525126,FW8587 Chehalis WA US,46.64083,-122.91083
525607,Island Ridge Mercer Island,47.57277,-122.22933
525664,NE 182nd St,47.76032,-122.2689
525711,Raden Pl,47.98729,-122.53884
526506,Nimitz Dr,46.19169,-123.77839
528130,FW8742 Clinton MT US,46.61017,-113.65233
528418,Hidden Valley Dr,46.67576,-112.13963
528544,233rd Pl SE,47.37998,-122.03079
528603,Silver Bay,47.2883,-91.28967
529545,NE 179th St,47.75844,-122.09554
529779,FW8822 Seabeck WA US,47.63183,-122.82067
529820,98th Ave E,47.15058,-122.2997
530016,27th St SE,47.28485,-122.22238
530540,Wollochet Dr,47.29228,-122.61126
530756,58th Pl SW,47.94486,-122.26654
530779,Midvale Ave N,47.65862,-122.34331
530957,3100 Rd,47.93145,-122.08107
531023,Carla Jo Ln,46.8108,-114.05479
531278,Westwood Ln,47.53158,-122.23711
531677,LLn SE,46.84929,-122.56103
531932,Fiske Rd,47.95293,-122.41414
532070,39th Ave S,47.52396,-122.28407
532099,124th Ave NW,47.35098,-122.70419
532296,SW 176th Pl,47.44421,-122.3408
532568,35th Ave W,47.64816,-122.36731
532606,SE 32nd St,47.58059,-121.84471
532840,Oxford Ave,46.23457,-119.26429
532984,SE 180th St,47.44117,-122.16277
533027,57th Ave S,47.51465,-122.26094
533070,191st Dr SE,47.98859,-121.98126
533107,36th Ave,47.61333,-122.28748
533162,S Malloy Prairie Rd,47.50388,-117.76975
533219,FW9061 Seattle WA US,47.56767,-122.3725
533555,207th St SW,47.81105,-122.24291
533592,20th Pl SW,47.33634,-122.35721
533676,283rd Ave E,47.12765,-122.05429
533677,S Sunset Meadow Loop,46.17439,-119.33851
533822,FW9074 Snoqualmie WA US,47.54283,-121.86067
533826,FW9097 Olympia WA US,47.083,-122.8755
534086,79th Ct SE,46.97256,-122.87934
534172,3rd St SW,46.82153,-100.89246
534567,FW9117 Gonvick MN US,47.7423,-95.5132
534754,SE Crestlane Dr,46.0458,-118.37208
535037,72nd Ave W,47.85622,-122.33027
535044,Meadowridge Loop,46.21606,-119.2708
535052,Sunset Way,47.83253,-122.3538
535227,NE 147th Pl,47.73533,-122.22657
536152,America Ave NW,47.48018,-94.88473
536405,Grandwood Dr N,46.92555,-96.76584
537245,350th Ave SE,47.50749,-121.87007
537781,North Rd,46.73601,-92.47027
538219,The Farm,46.59675,-117.18038
538245,Singletree Ln,46.77998,-113.99651
538443,Broadway Ave,47.6092,-114.66561
538506,Pillsbury St,46.59252,-94.31516
538537,Edmonton Rd N,46.35302,-94.27341
538625,FW9464 Shelton WA US,47.186,-122.868
538633,FW9477 Kamiah ID US,46.16733,-115.99233
538678,Ambush Dr,46.53731,-111.481
538867,S Khalar Rd,46.46861,-91.66648
538872,S Puma Dr,47.64349,-116.93203
538914,Moonstone Ln,46.88079,-100.74182
539240,NE 56th Way,47.65827,-122.13102
539332,FW9516 Spanaway WA US,47.07717,-122.42683
539335,FW9546 Snohomish WA US,47.99533,-121.92
539816,Helena,46.57801,-112.02959
539992,Cougar Mountain Airport Rd SE,46.84565,-122.52278
539993,South Lake Stevens,47.9752,-122.08223
540538,Zeller Rd SE,46.90411,-122.6434
540741,Wornath Rd,46.82682,-114.08436
540933,FW9673 Rathdurm ID US,47.8945,-116.88767
541258,S Indian Mountain Rd,47.38911,-116.71608
541322,Pine View Dr,46.60364,-114.03358
542118,Angeline Ave NE,47.72144,-122.54929
542505,S M St,47.19474,-122.45165
542806,FW7625 Renton WA US,47.43983,-122.19017
542855,FW9134 Spokane WA US,47.78067,-117.37533
542930,FW9216 Garfield WA US,47.01667,-117.25
542968,Grader Ct,46.26151,-119.49868
543023,BLUE MTN MT US,46.82072,-114.10089
543184,Sunset Dr,47.9047,-97.04113
543861,FW8346 Brook Park MN US,46.00583,-93.1875
543896,FW8324 Bellevue WA US,47.58583,-122.149
543914,FW8870 North Bend WA US,47.47417,-121.795
544439,Hanford Alumni,46.32427,-119.26385
544503,W Keva Ln,47.91413,-116.79469
544633,5th Ave NE,47.28312,-101.77332
544834,FW9289 North Bend WA US,47.44883,-121.7275
544909,Hillside Terrace,46.8165,-100.75904
544919,Cimarron Ave,46.23421,-119.26034
545100,State Hwy 13,46.83158,-91.27744
545183,93rd Ave SE,46.88924,-98.69846
545200,SW 293rd St,47.33993,-122.34122
545308,E 40th Ave,47.75602,-117.4762
545550,NE Holman Rd,47.71144,-122.60999
545551,10th Ave W,47.6487,-122.37016
545565,S Le Homme Dieu Dr NE,46.77787,-94.03442
545734,LLSWD - E Mission Ave,47.66911,-117.1014
545808,County Rd 13,46.44091,-92.68288
545996,Ponce De Leon Ct,46.24157,-114.13191
546429,437th Pl SE,47.47495,-121.75632
546612,Grassylands,46.99435,-120.50981
546727,4th Ave S,47.80134,-122.37866
547168,FW9531 Webb Lake WI US,46.00783,-92.15533
547225,OBRIEN RIDGE MT US,46.00065,-113.66662
547226,HARVEY GROUSE MT US,46.66403,-113.42392
547251,SYRINGA ID US,46.15788,-115.7
547252,SAWMILL CREEK MT US,46.45111,-113.89028
547324,NW 74th St,47.68254,-122.39941
547409,FINNEY'S MEADOW MT US,47.04593,-114.11208
547455,84th Ave W,47.83118,-122.34723
547812,River Rd,46.87496,-114.01656
548036,SE 14th Pl,47.47956,-121.76994
548115,SE 216th St,47.40849,-122.14899
548559,Jones&#39;s Station,46.89762,-96.90907
548695,GW0183 Otis Orchards-East Farms WA US,47.696,-117.0905
549943,Kenwood Dr,46.83089,-92.10104
549998,WA7BMK Tacoma WA US,47.17283,-122.4075
550336,Quail Knoll Ln,46.40015,-116.91612
550455,US30 EB at Tongue Point MP94.70 OR US ODOT,46.1925,-123.76105
550631,S Sagewood Rd,47.57684,-117.32223
550637,Seattle,47.39575,-122.46593
550975,E Main Ave,47.53373,-96.27509
551126,49th Ave SW,47.56961,-122.39442
551178,Fairway Dr,46.83061,-113.99895
551502,Canyon Rd,46.32946,-108.49577
551557,Snyder Hill Ln,47.61354,-114.04482
552254,GW0458 Renton WA US,47.48067,-122.1715
552317,Westmere Cir,47.76863,-116.73648
553827,E 42nd Ave,47.61623,-117.3392
554022,GW0579 Olympia WA US,47.02867,-122.90283
554028,GW0581 Seattle WA US,47.6035,-122.292
554185,S Thor St,47.60323,-117.35933
554288,G-WATCH,46.76138,-100.70779
554427,46th Ave SW,47.5327,-122.39138
554770,Klein,46.37017,-108.50617
554785,Landusky,47.89388,-108.63181
555127,Taylor Ave N,47.62855,-122.34582
555132,Ironwood Pl,47.43416,-120.29485
555605,GW0699 Kelso WA US,46.05602,-122.85008
555835,2nd Ave,46.98505,-123.81855
556034,7th St S,47.67026,-122.19449
556052,Crystal Waters Rd,47.43211,-93.59615
556171,6th Ave SW,47.43377,-122.34467
556238,Hillview Ave,46.81795,-100.75397
556347,Spartan Ln,46.34571,-114.05746
556461,Crestline Dr,46.1606,-122.9371
556574,Mt Olympus Ave SE,46.97616,-124.15314
556802,W Main St,46.56435,-112.43684
557043,GW0787 Leavenworth WA US,47.78167,-120.71183
557138,76th Dr SE,47.94078,-122.12852
557313,Luscombe Dr N,46.87198,-122.25654
557354,Cottontail Ln,47.88173,-120.00587
557395,Nakata Ave NW,47.63344,-122.52345
557512,GW0795 Des Moines WA US,47.4255,-122.32967
557537,134th Dr SE,47.92052,-122.05109
558267,Ruby King Loop,47.21456,-121.03625
558295,SE 168th Terrace,47.45229,-122.11759
558450,N Wenas Rd,46.8723,-120.77261
558736,SE 45th Ct,47.56308,-122.10474
559192,12th Ave SW,47.46229,-122.34952
559284,WA-106,47.34763,-123.10846
559287,S 261st Pl,47.36803,-122.31699
559450,4th Ave S,47.50029,-111.25605
559484,E Day Mt Spokane Rd,47.83092,-117.26553
559571,Cedar St,47.05159,-109.42562
559650,Creekside Rd,47.20554,-120.909
559829,Vaux Rd,46.86021,-92.27043
559842,Madison St,47.46625,-92.53076
560124,130th Ave Ct E,47.13994,-122.25514
560181,46th Ave SW,47.55816,-122.39066
560182,NE 20th St,47.62813,-122.20663
560186,Star Rd,46.72276,-112.02341
560225,Pacific-West Hill,47.25894,-122.26968
560227,Sunset Hwy,47.43991,-120.29813
560332,S Island Dr E,47.19938,-122.15126
560349,39th Ave W,47.66972,-122.4082
560388,Alpenview Dr,47.61788,-120.63634
560829,NE Torvanger Rd,47.69049,-122.50565
560842,Whitman Ave N,47.65123,-122.34631
561133,KF7SHY-11 Beverly WA US,46.81733,-119.8865
561350,SE 172nd Pl,47.44822,-122.12662
561373,SW 328th St,47.30837,-122.38512
561923,GW1022 Buckley WA US,47.1115,-122.07783
562073,SE 16th St,47.59687,-122.14074
562198,W 25th Ave,46.1858,-119.13028
562889,Toledo,46.43388,-122.81904
563032,74th Ave E,47.16674,-122.33044
563614,GW1125 Auburn WA US,47.32117,-122.18433
563911,Mud Creek Rd,46.12822,-118.08774
563981,Vista View Dr,47.27093,-122.53511
564095,GW1194 Bainbridge Island WA US,47.6335,-122.558
564105,Main Ridge Road,47.22305,-120.93509
564324,Orchard View Dr,47.85698,-120.04751
565658,N Wrangler Dr,47.66497,-117.65998
565977,US-53,47.95441,-92.83018
566158,Bessemer,46.49991,-90.11459
566304,3rd Ave NW,47.67256,-122.36033
566435,Beach Dr NE,47.82692,-122.6438
566641,Military Rd,46.49644,-92.65143
566769,GW1372 BELLEVUE WA US,47.6,-122.11667
567029,13th Ave NW,47.75998,-122.37344
567098,GW1214 SILVERDALE WA US,47.63633,-122.73467
567107,GW1416 SEATTLE WA US,47.64,-122.3045
567229,36th Ave SW,47.53634,-122.37796
567875,Elm St,47.79947,-122.37051
567987,14th St,46.38288,-116.95952
568524,W Arrowhead Rd,46.8223,-92.15359
568549,W Kennewick Ave,46.20844,-119.13145
568812,S 4 Echoes Rd,47.48097,-116.91467
569135,E Spring Canyon Rd,47.92143,-118.94096
569623,US-71,46.79751,-95.11332
569721,BAINBRIDGE ISLAND WA US,47.70225,-122.5485
569908,W 10th Ave,46.19889,-119.14513
569923,72nd Ave SE,47.57857,-122.24341
570038,GW1700 COVINGTON WA US,47.37233,-122.066
570238,E 7th St,46.69962,-92.04803
570281,E Skyline Dr,47.21609,-123.0614
570439,Claypit Rd,46.78226,-116.71158
570735,Point Piner Rd SW,47.3484,-122.45363
570857,Rock Rd,47.23144,-91.43545
571050,3rd St S,47.4467,-99.12408
571324,Roosevelt Way NE,47.69604,-122.31741
571433,Main St,46.87952,-96.32194
571445,N 42nd St,47.28695,-122.51654
571470,Delridge Way SW,47.55798,-122.36245
571495,My Driveway,46.68224,-112.15708
571528,Heartwood Ln,46.81996,-92.19951
571604,Stewart St,46.10757,-112.84372
571768,Wilderness Trail,47.92473,-90.05956
572016,W Broken Tee Rd,47.86096,-116.85877
572521,11th Ave S,46.86301,-96.73059
572584,Bethany Dr,47.74288,-90.36713
572599,River Ranch Ln,46.14263,-123.37531
572719,GW1914 COEUR DALENE ID US,47.67567,-116.8
572928,Cate Farm Dr SE,46.98864,-122.78397
572947,W Columbia St,47.85519,-121.98833
573212,HSTC,47.60863,-114.67069
573290,W Court St,46.26128,-119.23294
573291,S Higgins Ave,46.893,-113.97028
573339,193rd Pl SE,47.56149,-122.08128
573382,GW1618 OLYMPIA WA US,47.04533,-122.90633
573384,GW1943 NEWCASTLE WA US,47.5455,-122.19283
573566,Mt Christie Ct,47.90336,-122.6819
573892,Fenwick Cir,46.96226,-95.09232
574039,182nd Ave Ct E,47.12611,-122.18526
574177,Valencia Dr,46.2722,-119.14991
574205,S Vista Loop,47.63632,-116.68095
574391,N Ferdinand St,47.29355,-122.50288
574511,13th Ave,46.40762,-116.99854
574559,E Pine Ln,46.34304,-91.59119
574580,13th St Ct NE,47.2683,-122.35267
574895,W Swan Shores Rd,47.97089,-113.92197
575205,Bellerive Ln,47.68877,-116.80182
575340,Steelhead Ct,47.22235,-121.02352
575403,Teanaway Rd Middle Fork,47.28331,-120.93465
575505,Tala Shore Dr,47.92025,-122.65213
575535,56th Ct W,47.91995,-122.309
575780,Ebbert Dr SE,47.47392,-122.57354
575982,33rd Ave SE,47.80767,-122.18862
576124,Duluth,46.93083,-91.90169
576195,Tuk Wil La Rd NE,47.71275,-122.62189
576298,28th Ave NE,47.74476,-122.29844
576321,5th Ave W,47.68119,-122.21225
576491,E Pine Point Ct,47.67513,-117.06911
576769,SE 12th Ct,47.59874,-121.98409
576851,E Maxwell Ave,47.67094,-117.07906
576931,Crocus Hill St,46.75368,-95.11376
576980,Albion Ave SE,46.95547,-124.14352
577010,25th Ave,47.61495,-122.29959
577166,Fallon,46.8457,-105.13335
577587,127th Ave SE,47.8634,-122.06139
577722,GW2160 GRAPEVIEW WA US,47.33033,-122.82967
577857,44th Ave Ct NW,47.39314,-122.59652
577978,Kona Ct SW,46.93227,-124.16238
578245,NW 64th St,47.67543,-122.38869
578254,Domich Rd,47.95095,-91.93661
578316,W Villard St,46.87896,-102.80772
578596,West Lake Sammamish Pkwy NE,47.62436,-122.08868
578807,Blewett Ridge Dr,47.35045,-120.6629
579018,Laurie Dr,47.4816,-120.34359
579239,Mellen,46.3488,-90.74899
579372,Birch Dr,47.74318,-90.4235
579472,Fairview Ave E,47.64132,-122.3299
579651,WeatherStation GTF NE,47.52813,-111.30145
579696,Acorn Ln,47.59045,-120.6202
579760,Montevista Dr SE,47.24529,-122.21696
579823,Clovercrest,46.37058,-111.28175
579969,23rd Ave W,47.95034,-122.26407
579980,51st Pl SW,47.56085,-122.3989
580302,W Marina Pl,47.62989,-122.39393
580439,GW2321 HOUSTON MO US,47.94133,-117.32383
580441,GW2344 SCOTTS VALLEY CA US,46.90333,-114.11567
580606,Old N Shore Rd,46.88332,-91.93024
580752,8th Ave NW,47.72095,-122.3657
580843,Clovernook St,46.22511,-119.27594
581031,Prairiewood Dr S,46.85068,-96.83489
581139,Ryan Rd,46.96433,-91.90317
581697,GW2385 San Angelo TX US,47.17033,-122.2985
581807,45th St E,47.21694,-122.2931
581881,36th Ave SW,47.54715,-122.37807
581935,144th Ave SE,47.36818,-122.14918
581975,Venus Cir,46.22948,-119.25543
582057,Boston Cir,46.77571,-100.78519
582249,E Doyle Rd,47.56192,-116.46688
582515,Park Place at Pine Lake,47.58307,-122.03858
582878,Congdon Blvd,46.87849,-91.9294
582963,16th Ave S,47.48667,-111.23786
583019,GW2438 Edgewood WA US,47.22983,-122.303
583026,GW2480 Grapeview WA US,47.29017,-122.91167
583040,Deer Park WA US AGRIMET,47.95464,-117.43352
583041,Entiat Fish Hatchery WA US AGRIMET,47.69796,-120.32373
583042,Liberty Lake WA US AGRIMET,47.66533,-117.08721
583047,Coeur d'Alene Fairgrounds ID US AGRIMET,47.71797,-116.78418
583049,Silverwood WWTP Athol ID US AGRIMET,47.90114,-116.71243
583054,Spirit Lake ID US AGRIMET,47.98755,-116.88498
583124,Talc,47.73301,-115.45203
583135,SE 288th Pl,47.34265,-122.16767
583169,22nd Ave NW,47.69299,-122.38363
583430,Orcas Loop NE,47.10167,-122.76265
583437,Post Falls ID US AGRIMET,47.71366,-116.9701
583466,Belmont Dr,46.75248,-112.31523
583556,Elkhorn,47.05964,-123.36631
584030,Mclarren Ct,47.70633,-117.209
584272,E Burgundy Rd,47.18543,-122.88242
584346,GW2604 Butte MT US,46.00383,-112.53433
584357,Fifer Heights Rd,46.03439,-123.9163
584686,Groschell St,46.5911,-111.92995
584700,Germany Creek Overlook,46.19133,-123.13248
584793,Monty&#39;s Magnolia Manor,47.66092,-122.3942
584900,60th St W,47.20232,-122.52423
585201,LAKE CARLOS SP NEAR MILTONA 3SW MN US,46.00528,-95.33972
585203,CLIMATE MESONET AT MAPLEWOOD SP MN US,46.53806,-95.95194
585206,CLIMATE MESONET ON RED LAKE RESE MN US,47.87111,-95.02722
585217,GW2673 Baring WA US,47.76633,-121.47
585290,GREENFIELDS IRRIGATION DISTRICT MT US USBR,47.57139,-112.23722
585390,STRAIGHT RIVER NEAR PARK RAPIDS MN US,46.87917,-95.12
585395,CLIMATE MESONET NEAR BADOURA 1SE MN US,46.86639,-94.70222
585451,ULM MONTANA WEATHER STATION MT US USBR,47.40278,-111.5075
585542,182nd St,46.27813,-93.53168
585575,SE Arcadia Rd,47.1973,-122.97082
585809,Rice Ave,47.8204,-112.1741
585886,Diamond Valley,47.85327,-111.49044
585895,Canyon Meadows Dr,46.1759,-119.33817
586738,S Madison Rd,47.61145,-117.23654
586772,MN-108,46.57348,-96.16602
586777,409th Ave SE,47.47488,-121.79369
586806,GW2704 Snohomish WA US,47.92133,-122.09317
587011,Marine View Dr,47.90318,-122.32385
587142,8898 LPR,46.08854,-118.02418
587368,Co Hwy 64,46.10962,-95.70815
587513,204th Ave Ct E,47.22902,-122.15768
587514,Varco Rd NE,47.30184,-122.43179
587588,KE7OZA Cle Elum WA US,47.16817,-121.054
587616,G33kP@d,46.48649,-122.91541
587952,GW2790 Starbuck WA US,46.51,-118.123
588043,5th Ave W,47.63003,-122.36341
588196,Rd 109,46.26391,-119.23297
588404,Pinehaven Ln,46.5035,-116.51152
588718,5th Ave NE,47.75261,-122.32438
588940,13th Ave SW,47.46224,-122.35149
588968,Lewis and Clark Rd,46.09842,-123.85572
589067,W Whitman Dr,46.04975,-118.40031
589455,NE 90th St,47.69391,-122.32204
589462,Bagley Ln,47.56146,-122.18882
589705,Old Milton Hwy,46.00159,-118.40443
589725,S Olson St,46.17044,-119.17323
589726,Beech Dr,47.4834,-111.32451
590010,NE 30th St,47.63541,-121.9693
590043,NE Tahuya Blacksmith Rd,47.4486,-122.9886
590209,S Glenrose Rd,47.61928,-117.33251
590289,W Shore Dr,47.31371,-93.19173
590290,Ironsides Ave,47.56906,-122.61157
590410,GW2884 Eveleth MN US,47.287,-92.54783
590434,N4VTB-13 DUVALL WA US,47.75933,-122.022
590435,KK7HEZ EDMONDS WA US,47.84733,-122.33733
590446,GW2844 Tacoma WA US,47.24738,-122.51542
590703,N Grant St,46.21373,-119.19448
590787,NW 62nd St,47.67419,-122.39973
590892,Wiley Rd,46.35205,-122.78486
591056,Cayuga Rd,46.24194,-90.68699
591235,GW2958 Spokane WA US,47.684,-117.41533
591239,Aldrich Point OR US PACIFICORP,46.19758,-123.52745
591370,Olson Rd,46.16922,-122.93959
591372,Delameter Rd,46.26904,-122.93034
591457,Christian Dr,47.86889,-97.02551
591754,194th Ave SE,47.45119,-122.08196
591767,5th Ave N,47.6329,-122.34697
591771,80th &amp; 9th Ave NW,47.68774,-122.36874
591814,Banner Rd SE,47.51225,-122.54419
591955,T.H.65 - Buck Lake - MP 192.9 MN US MNDOT,47.61226,-93.19428
591957,T.H.200 - Longville - MP 144.0 MN US MNDOT,47.05282,-94.2145
592060,Bakers Corner Sub,46.17036,-123.01597
592082,38th Ave W,47.65246,-122.40605
592364,North St,47.29769,-93.41586
592753,Access Rd,46.66431,-118.88903
592919,Walnut Rd NE,47.1524,-122.79579
592979,92nd Ave W,47.79613,-122.35658
593017,Grouse Mountain,47.59783,-117.26701
593090,GW3067 Lincoln MT US,46.91133,-112.66267
593300,Talley Way,46.12321,-122.89451
593332,Wilson Dr,46.02123,-122.85374
593421,N Ferdinand Ct,47.72507,-116.80666
593436,NF-7792,47.07183,-114.80822
593497,N Mushroom Ln,47.82311,-117.19799
593635,SE 416th St,47.22828,-122.06453
593655,Fieldcrest Ave,46.73066,-122.99714
593815,Bud Lake Dr,47.01516,-114.21806
594062,Crescent Dr SW,47.4609,-122.50754
594096,W7PLC OLYMPIA WA US,47.03467,-122.92067
594097,GW3137 Renton WA US,47.4625,-122.202
594384,W Hayden Ln,47.80879,-117.48988
594432,Broken Arrow Ln,46.53773,-112.40569
594705,Jumbo Saddle TRL,46.89628,-113.93468
595144,Co Rd 69,47.27665,-93.31905
595145,88th Ave NE,47.74289,-122.2254
595336,USH 2 at W jct. STH 13 WI US WIDOT,46.58838,-90.94888
595884,15th Ave NE,46.68805,-120.55721
595923,E Lechelt Rd,46.15022,-119.024
595971,Rock St,46.93782,-110.74022
595984,32nd St S,46.85684,-96.72767
596138,Milky Way,46.99593,-109.60978
596146,187th Pl SW,47.82882,-122.32828
596196,Outlaw Ln,47.57885,-120.42495
596353,Colter Loop Dr,46.59411,-111.88902
596356,Lone Oak Rd,46.18411,-122.96774
596418,12th Ave SW,47.33789,-122.35105
596435,E Guthrie Dr,47.63655,-117.23326
596454,View Ridge Cir,46.15336,-122.92831
596553,40th Ave SW,47.54607,-122.38279
596627,Stony Wy,47.85853,-117.62555
596872,E Lake Sammamish Shore Ln SE,47.56812,-122.05824
596938,Entiat River Rd,47.78876,-120.38905
597032,Vialago Pkwy,46.421,-120.30671
597164,Whispering Ridge Rd,47.33339,-120.33199
597272,NE Wise St,47.61788,-122.6031
597388,W Broadwater Ct,47.73395,-116.96687
597412,CW1661 Woodinville WA US,47.73083,-122.08783
597494,Kennewick 15th &amp; Columbia Center,46.1953,-119.22163
597707,11th St E,47.68838,-114.14875
597964,Lookout Rd,47.74467,-90.4381
598040,Sagemoor,46.42356,-119.08222
598202,S Lone Tree Rd,47.6559,-117.14351
598219,Amity Ln,46.38322,-117.12406
598347,144th Pl SE,47.8669,-121.89627
598388,Tacoma Hilltop  S 15th St,47.24781,-122.44999
598509,E Day Mt Spokane Rd,47.82698,-117.27204
598678,NE 94th St,47.69704,-122.31628
598837,3rd Ave W,47.82778,-122.23763
599364,Sunnyside Farm,47.72994,-122.12583
599696,S Blakeley St,47.85104,-121.97192
599840,Ropers Loop,46.71193,-112.01881
599998,SE Hudson Rd,47.31285,-121.85907
600054,Flowerree St,46.59749,-112.06461
600304,Leslie Ave,46.60583,-112.05961
600322,GW3447 CLINTON WA US,47.91533,-122.422
600323,GW3448 KENNEWICK WA US,46.19367,-119.151
600382,N Vista Grande Dr,47.70232,-117.15479
600576,41st Ave S,46.81788,-96.80695
600634,320th St,46.22218,-94.57748
600641,118th Ave SE,47.81093,-122.07166
600743,E 5th St,46.81102,-92.07709
600745,18th Ave SE,47.90636,-96.99143
600898,Bluejay Loop WA US PACIFICORP,46.02441,-118.13575
600955,Hidden Ct,46.82719,-96.90035
601115,Mornes Rd,47.19762,-93.48548
601124,49th Ave SW,47.55754,-122.39494
601202,Ashen Dr,46.28722,-119.19624
602206,S 13th St,46.80021,-100.77308
602217,W Falls Ave,46.21426,-119.15371
602234,Hesseltine,47.89609,-118.71523
602237,8 Mile Creek Rd,46.63555,-114.04019
602379,61st Ave S,47.33904,-122.2579
602471,Boyd St,47.12093,-113.50883
602472,Black Majik Wood,46.86358,-92.09978
602667,Hazelwood Dr,47.67173,-116.74681
602713,SW 116th St,47.50314,-122.47566
602720,Weber Rd,47.11755,-118.5105
602843,S Marine Hills Way,47.3432,-122.32655
602852,2nd Ave W,46.87463,-96.90778
603082,US 2 WB 3.7 mi west of US 51 WI US WIDOT,46.44214,-90.18271
603368,Quail Run N,47.87943,-118.33205
603444,2nd St,46.82279,-96.8983
603760,61st St Ct W,47.20091,-122.56844
603769,NW Dosewallips Way,47.64083,-122.81905
603791,9th Pl S,47.33622,-122.32146
603883,11th Ave W,47.64159,-122.37179
603918,GW3565 EAST GRAND FORKS MN US,47.94333,-97.0435
603930,GW3556 WINTHROP WA US,47.03733,-122.89683
603932,GW3558 HOLLYWOOD BEACH WA US,47.95583,-120.2405
604319,E Montgomery Ave,47.6777,-117.16865
604346,E 26th Ave,47.63121,-117.35995
604393,E Jim Johnson Rd,46.49706,-91.72624
604594,Pinehurst Way NE,47.71671,-122.31116
604645,Birch Point Rd,47.64968,-92.64196
604783,S Sagewood Rd,47.57476,-117.31576
604823,20th Ave W,47.69411,-122.21183
605149,Poplar Cir,47.88484,-97.07448
605158,13th St E,46.89428,-102.77618
605201,GW3598 GRAND RAPIDS MN US,47.24283,-93.53083
605305,Barbera,46.22404,-119.33564
608283,Colvill,47.79504,-90.15075
608332,97th Pl S,47.38494,-122.21068
608485,SE 149th Pl,47.46608,-121.77328
608599,33rd Ave NE,47.53567,-111.31205
608670,GW3623 NASHWAUK MN US,47.53017,-93.18767
608798,220th St SE,47.79829,-122.01987
608955,N 7th St,46.82575,-100.78114
609107,62st St S,46.79646,-96.889
609128,Lindsey Dr,46.16328,-122.95078
609292,W 1st St,46.77976,-92.10994
609466,Lana Ln,46.52857,-111.98202
609524,GW3666 YELM WA US,46.864,-122.5525
609724,Pinewood Ln,46.6045,-95.58195
609738,N 16th St,47.7272,-116.76019
609918,8th St W,46.91396,-95.07096
610084,Cottontail Ln,47.88258,-120.00735
610135,Woodhaven Dr S,46.80967,-96.85601
610276,128th Avenue Kp N,47.35052,-122.70734
610523,E Warren Dr,47.35532,-123.08953
610689,Big Arm,47.82002,-114.23346
610891,Belmont Pl E,47.62878,-122.3245
611421,BLACKTAIL MT US,47.9827,-114.3562
611550,N Junett St,47.2613,-122.47451
611679,Blacksmith Rd,46.74568,-123.16618
611797,Vashon Hwy SW,47.46312,-122.45749
611850,Pheasant Rdg Ln,47.69475,-114.11253
612015,Beach Dr E,47.56412,-122.59093
612120,N Austin Rd,47.83527,-117.43398
612702,Warba,47.10811,-93.41241
612755,6th St NW,47.26293,-122.57233
612784,Maple Leaf,47.69841,-122.30643
612875,187th St SW,47.82995,-122.35697
612947,SE 246th St,47.38115,-122.15862
612952,SE 71st Ct,47.53836,-122.15936
613070,71st Ave NE,46.88098,-100.74601
613090,E Mullan Rd,46.7471,-113.70905
613224,NE 27th St,47.63446,-122.20856
613234,Valley Dr,46.84577,-100.82976
613293,Crown Camp Rd OR US PACIFICORP,46.01024,-123.87674
613294,Bear Creek Reservoir OR US PACIFICORP,46.11673,-123.6384
613295,Koppisch Rd OR US PACIFICORP,46.15991,-123.6086
613296,Columbia River OR US PACIFICORP,46.16973,-123.45973
613331,Rd 12 NW,47.26241,-119.74583
613527,125th Pl NE,47.72607,-122.17296
613720,Cemetery Rd,46.33971,-120.00987
613916,E Deer Rd,47.53698,-116.75759
614010,Chattaroy,47.87397,-117.3635
614181,Harbor Hill South,47.35669,-122.59361
614232,Hart Rd,47.16655,-120.80791
614484,Lake Maud Trail,46.74423,-95.99305
614501,Pheasant Haven Rd,46.68935,-120.52639
614623,40th Ave SW,47.54465,-122.38281
614639,Christy Dr,46.53453,-94.34857
614863,244th St S,47.77709,-122.23832
614950,GW3864 NEWMAN LAKE WA US,47.73633,-117.093
614972,GW3788 MAPLE VALLEY WA US,47.38667,-122.029
615076,Diana Dr,46.52367,-94.35396
615107,Orting Kapowsin Hwy E,47.04519,-122.25194
615241,Crestview Ave,46.31069,-119.28146
615332,24th Ave SW,47.4738,-122.36391
615383,Baker Ave NW,47.66754,-122.36034
615385,SE Sunnymead Way,46.71883,-117.16814
615578,Rosman Hanson Harbor,47.91993,-118.62318
615580,Fox Rd,47.60715,-120.64352
615734,Weinkauf Pl,46.53904,-93.90566
616226,Oneida St,46.83921,-92.03075
616423,Harrison Ave,46.58745,-112.04585
616456,E Birch St,47.64653,-120.06566
616899,Black Bay Rd,47.94578,-92.6235
616956,W Wild Rose Rd,47.87388,-117.51309
617053,GW3967 HAMILTON MT US,46.23717,-114.13883
617172,194th St Ct E,47.08008,-122.33312
617411,Deep Woods Ln,46.91955,-94.89727
617498,Park Cir Dr,47.7625,-114.24258
617532,177th Ave Ct E,47.15718,-122.19364
617581,GW3968 SPOKANE WA US,47.72217,-117.459
617905,N 14th Ave,47.97587,-116.85443
617966,3rd Ln,47.25945,-122.64925
618028,Bud Lake Dr,47.01561,-114.2199
618278,Leisure Ln,47.25084,-121.1847
618361,42nd Ave W,47.67003,-122.41
618495,Kavanaugh Dr,46.37809,-94.37471
618602,N 1st St,47.00518,-123.40224
618961,Mardon ,46.96555,-119.32378
618977,Front St,47.47824,-100.12476
618991,Old North Shore Rd,46.96731,-91.75728
619009,Whippoorwill Ln,46.9843,-91.75855
619012,Wildflower Way,46.51934,-114.12856
619458,54th Ave S,46.79919,-96.82099
619508,Gander Rd,46.1016,-123.80568
619602,Co Hwy 32,46.4236,-95.78493
619824,Dedham,46.5142,-92.15548
619882,Kamilche Shores,47.1471,-123.01749
619897,51st Ave S,47.51607,-122.26984
619910,Paige St,46.23923,-119.30033
620025,N Madison Rd,47.828,-117.22816
620037,NE 23rd Pl,47.51206,-122.18318
620131,1st St,46.33976,-117.04068
620184,GW4074 PORT TOWNSEND WA US,47.99133,-122.91533
620192,GW4072 BRAINERD MN US,46.36383,-94.19817
620400,BigBrownWeather,47.57163,-122.409
620409,Badger Plateau,46.21711,-119.30152
620439,12th Ave,46.19685,-119.16559
620529,Island Ave NE,47.62976,-122.50697
620667,GW4132 SKYKOMISH WA US,47.75617,-121.3745
620767,12th Ave SW,47.45928,-122.35024
620786,6th Ave,46.76026,-97.55441
620822,Edgemoor Ln,47.95282,-122.24992
620875,S Holgate St,47.58653,-122.31188
620889,SE 224th St,47.40067,-122.09415
621098,252nd Ave E,47.14993,-122.09358
621317,N Dahl Dr,47.25961,-122.51048
621383,Aspyn Ln N,46.92621,-96.76876
621419,Foss Ln,46.18771,-114.20395
621478,Sunsetview,46.40245,-94.36358
621492,KB0CIM,47.24173,-93.73259
621564,SE 281st Pl,47.34983,-122.03751
621667,Monarch Meadow,46.48379,-92.87851
621984,Patit Rd,46.33411,-117.88441
622027,S 118th St,47.49748,-122.25886
622137,Welsh Creek Rd N,47.78617,-118.41421
622166,GW4172 GRAND MARAIS MN US,47.81733,-90.11033
622248,Allen&#39;s Cove Ln NE,47.69864,-122.52553
622255,N Red Dell Lp,47.94604,-116.78166
622316,52nd St W,47.20991,-122.53762
622441,SW 165th St,47.45522,-122.35684
622606,34th St NE,47.80052,-97.55452
622866,Sunset Dr W,47.21748,-122.5455
622881,Anchor Dr,46.87939,-124.11594
623001,60th Ave SW,47.57759,-122.40963
623027,Walnut St,46.60311,-112.01544
623049,NE 183rd St,47.76127,-122.23341
623052,Tree Ln N,47.84045,-118.45071
623089,Oak Hill Rd,46.37797,-92.93934
623146,E Broadway Ave,47.66402,-117.18749
623462,170th Ave NE,47.76918,-122.11338
623470,Summit Lake Cir NW,47.05399,-123.09487
623546,Huntington St SW,46.80986,-123.05682
623548,Whales Tail Ln,47.91413,-122.41471
623648,Smith Island Rd,47.99632,-122.17857
623659,Saddle Mt.,47.06061,-124.11444
623683,W 5th St,47.75386,-90.35915
623711,Ridge Crest Rd,46.70576,-111.83041
623818,Sills Rd,47.9582,-122.44274
623912,52nd Ct NE,47.10533,-122.76242
624064,Columbia Dr,46.79328,-100.7843
624180,Storm Lake Rd,47.9436,-121.97715
624188,25th Ave S,46.84287,-96.82624
624267,Cherry Blossom Loop,46.24206,-119.28896
624282,231st Pl SW,47.78888,-122.29432
624469,W Deborah Ln,47.75145,-117.43841
624499,Flying Jib,46.25056,-93.81371
624669,E Shore Dr,47.33105,-93.18963
624775,208th Pl SE,47.80948,-122.19871
624867,Twin Lakes Rd,47.87539,-91.95499
625065,E Pine Ln,46.04589,-123.91187
625231,124th Ave NE,47.74726,-122.17571
625410,N 49th St,47.29476,-122.50977
625611,Bayard Ave NW,47.70237,-122.38078
625640,KF4PPJ DES MOINES WA US,47.41383,-122.3185
625747,Breezy Point,46.56848,-94.2415
625752,NE Marine View Dr,47.74723,-122.47607
625846,Twilight Ave,46.5807,-111.94395
625942,Montana Ave,46.39686,-112.72552
626031,E Doak Rd,47.74366,-117.31747
626210,SE 60th St,47.54734,-121.96365
626245,Maple Lake Dr SE,47.64133,-96.20778
626285,138th Pl SE,47.36176,-122.15668
626467,Middle Fork Cir,46.00765,-123.89822
626787,S Union Ave,47.38863,-120.2167
626829,Wallingford Ave N,47.69249,-122.33603
626857,ParkWood Pl,47.70313,-116.92588
627106,204th Ave SE,47.2971,-122.07045
627159,NE 144th St,47.73201,-122.22858
627201,16th Ave,46.12006,-122.95106
627297,17th Ave SW,47.17607,-122.30015
627453,Clarke St,46.58998,-112.04646
627675,S Shore Rd,47.48609,-123.82226
627739,54th Ave NE,47.6772,-122.26923
627817,Nahahum Canyon Rd,47.54365,-120.43867
628023,Aero Ln SE,46.92508,-122.5574
628252,Marion Ave W,47.55372,-122.66262
628265,3rd St,47.68047,-122.2039
628390,W Canyon Lakes Dr,46.18123,-119.17516
628392,State Hwy 3,46.78962,-116.5563
628468,Des Moines Memorial Dr,47.4641,-122.32247
628487,42nd Ave SW,47.56424,-122.38564
628711,18th Ave W,47.69331,-122.21426
628764,Talbot Rd,47.84505,-122.34074
628937,N Old Trails Rd,47.71369,-117.54071
629099,6th Ave NW,47.71301,-122.36393
629279,E B St,47.19265,-122.4283
629398,E Davis St,46.66479,-118.87387
629423,N Northview Rd,47.73797,-117.42818
629458,MAYWOOD FIRO WX WA US,47.21472,-121.5675
629467,LESTER FIRO WX YINE WA US,47.21083,-121.48778
629561,S McDonald Ln,47.62255,-117.22885
629564,S Main St,46.32361,-90.65915
629743,Richards Rd,47.19979,-121.09732
629787,Paradise Beach Rd SE,46.27642,-94.08363
629802,W Litchfield Pl,47.73411,-117.4031
629922,N Arties Ln,47.67518,-117.16299
630145,Stella Rd,46.19941,-123.06952
630254,N Milan Elk Rd,47.98663,-117.3074
630282,W 17th Ave,46.19336,-119.19694
630289,Morgan Rd,47.9335,-122.228
630318,E Rutter Ave,47.68311,-117.30906
630375,Ice Harbor Dr,46.21125,-118.99029
630499,Ony Park place,46.58008,-122.7191
630510,Larradon Dr,46.25179,-115.99364
630683,Lakewood Rd,46.91935,-91.96565
630693,Locust Ave E,47.18064,-122.17992
630930,W Irving Ave,46.18501,-123.85159
631079,MT Warning Shelter,47.45492,-115.53973
631175,Vector 23 KSEA,47.67532,-122.27504
631207,Dennis Rd,47.91705,-120.07313
631359,K0GO SPOKANE VALLEY WA UN,47.63817,-117.19283
631724,Cambridge Dr,47.36462,-122.28265
631855,Rockaway Beach Rd NE,47.60615,-122.49923
631901,Ferncliff Ave NE,47.6254,-122.5106
632158,32nd Ave NW,47.6882,-122.3995
632611,S Yale Rd,47.47133,-117.34418
632680,23rd St E,47.2361,-122.21522
632793,Salmon Creek Rd,46.44318,-122.56197
632857,Gust Lake Rd,47.85591,-90.68581
633051,Marion St,47.60387,-122.33635
633287,R&amp;R Hts Dr,47.22791,-121.00915
633329,22nd Ave,46.12678,-122.95265
633439,NW 62nd St,47.67354,-122.38665
633486,Sawtooth Rdg Ln,47.886,-120.10601
633512,GW4684 KEEWATIN MN US,47.399,-93.083
633613,40th Ave W,47.65147,-122.40829
634370,Lovers Ln,46.23875,-114.07758
634540,Fir St,46.98315,-123.58158
634937,Co Hwy 48,47.51712,-93.67004
634944,Evening Star Dr,46.51946,-111.91087
634951,SE Fancy Free Dr,46.71471,-117.16985
635006,"Devils Canyon, ND ",47.56229,-103.04101
635740,Gladstone St,46.83057,-92.03543
635814,Northeast 3rd Street,47.80033,-122.4951
636147,Cattle Dr,46.89371,-114.07932
636228,GW4795 SNOHOMISH WA US,47.924,-122.08917
636256,Split Rock Lighthouse Rd,47.20075,-91.36677
636916,Industrial Way,46.11497,-122.93457
637408,North Fork Ahtanum WA US PACIFICORP,46.54967,-120.96998
637409,IPL_WTHR_01 WA US PSE,47.39217,-121.39263
637410,ETN-13_WTHR_01 WA US PSE,47.23849,-121.1803
637415,GRW-16_WTHR_01 WA US PSE,46.94984,-121.47384
637416,GRW-TAP_WTHR_01 WA US PSE,47.11356,-121.61468
637419,SKY-23_WTHR_01 WA US PSE,47.70941,-121.35856
637420,SKY-25_WTHR_01 WA US PSE,47.77311,-121.49315
637426,Maywood WA US CW3E,47.22985,-121.60898
637429,Headworks WA US CW3E,47.30888,-121.85569
637471,Fauntleroy Wy SW,47.558,-122.38109
638608,E 2nd Ave,46.9939,-120.54005
639144,Leonard St,46.46626,-90.14925
639377,GRW-TAP_WTHR_01 WA US PSE,47.16497,-121.74494
640289,Elk Run Rd,47.19098,-120.7766
640385,Lost Horse Rd,46.11865,-114.21753
640858,Henry Creek Rd,47.4482,-114.78165
641126,Edwards Dr NE,47.14629,-119.35443
641146,Highland Dr,47.68577,-114.18594
641522,GRI-16_WTHR_01 WA US PSE,47.10139,-123.01086
641523,ELD-27_WTHR_01 WA US PSE,47.0204,-122.99726
641747,Summit Lake Shore Rd NW,47.0528,-123.09781
642753,GW5101 GLIDDEN WI US,46.16567,-90.623
642798,Bumping River WA US PACIFICORP,46.98683,-121.10069
643965,Headley Ave NW,47.11285,-122.23111
645488,Maroon Ct,46.61378,-114.08587
645608,GW5219 KENT WA US,47.37567,-122.27383
645619,Knight WI US WISCONET,46.289,-90.436
645663,US-95,47.34139,-116.88821
646332,240th Way NE,47.66354,-122.01965
647284,SE Lake Dorothy Rd,47.46682,-121.67376
647512,Pomona Heights WA US PACIFICORP,46.65025,-120.48949
647513,Union Gap WA US PACIFICORP,46.55798,-120.49002
647515,Walla Walla WA US PACIFICORP,46.06924,-118.38
648149,N Dewald Rd,47.22032,-118.47302
648216,State Hwy 47,46.52178,-93.63895
648639,GW5361 SEELEY LAKE MT US,47.11683,-113.39467
649377,Pine Hollow Rd,46.47037,-114.0345
649583,Beach Dr SW,47.56064,-122.40399
649590,14th Ave NE,46.91183,-98.72814
649617,GW5424 BLACK DIAMOND WA US,47.32833,-122.03967
649632,HYA-15_WTHR_01 WA US PSE,47.27777,-121.33707
649908,Lafayette Dr,46.83442,-100.71982
649944,Kings Ln,46.89898,-100.89127
650035,W Metaline Ave,46.22022,-119.17407
650063,Summit Ave,46.71963,-92.48071
650096,Isola Pl NW,47.55392,-122.09927
650184,Western Ave,47.49796,-115.95618
650215,SE Jay Ct,47.52977,-121.87937
650220,E Borden St,47.10401,-104.70299
650275,Ohio Ave NE,47.80484,-122.48878
650304,May Ranch Ln SW,47.45324,-122.74046
650338,Cedar Ridge Ln,46.85382,-123.22922
650363,NE 62nd St,47.67352,-122.32667
650427,21st Ave S,47.3508,-122.30591
650450,Stemple Pass Rd,46.89413,-112.47848
650451,Williams Rd,47.63582,-92.75205
650529,Hood Canal Dr NE,47.89397,-122.57985
650606,SE 263rd Pl,47.36639,-122.06287
650623,Seattle,47.62811,-122.3893
650663,W Eells Hill Rd,47.30878,-123.23753
650691,Riverview Rd,47.92329,-122.14
650734,108th Ave SW,47.48605,-122.47305
650819,Rose Park,46.85669,-114.00526
650860,Neppel Rd NE,47.21643,-119.40903
650885,GW5454 PASCO WA US,46.23417,-119.16717
650922,Maple WI US WISCONET,46.6327,-91.6812
650977,Cayuse,47.19746,-119.38319
650992,Clancy Creek Rd,46.45732,-112.02612
651070,Island View Dr NE,47.61105,-94.84803
651077,Roake Ave SE,46.27243,-122.90525
651078,N 33rd Pl,47.52117,-122.20527
651081,MT-200,47.49528,-111.82526
651097,Valley City,47.00965,-97.93407
651114,E Reitze St,47.64925,-121.91132
651154,Equestrian Dr,47.77585,-122.65144
651169,Hutchens Hill Rd,46.46933,-117.54137
651216,N Portage Trail,47.36601,-93.67664
651223,Poulsbo,47.72838,-122.68
651252,Tok-A-Lou Ave NE,47.30162,-122.44329
651303,Mainland View Ln NE,47.75059,-122.57258
651305,41st Ave,47.34768,-122.59376
651311,N Foxglove Ln,47.7272,-116.95797
651322,Naches Heights Rd,46.65699,-120.67489
651406,Raptor Dr,46.38376,-92.76628
651440,SW 115th St,47.50022,-122.33685
651448,16th St,46.3689,-116.94879
651470,GW5479 BREMERTON WA US,47.55183,-122.6765
651484,CAS-WRT_WTHR_02 WA US PSE,47.22475,-121.1672
651531,High St,46.47288,-117.60904
651541,4th St N,46.98387,-123.60516
651544,42nd Ave SE,47.8727,-122.17535
651602,NE Twin Spits Rd,47.92476,-122.61037
651666,Wigen Rd,47.8775,-122.28425
651697,N Shore Dr,47.83952,-120.80668
651720,N Little Spokane Dr,47.81988,-117.37453
651746,Via Kachess Rd,47.32304,-121.25828
651769,N Shirley St,47.27932,-122.51024
651867,154th Ave Ct E,47.21393,-122.22408
651902,30th Ave SW,47.53358,-122.37075
652038,W Dower Rd,47.63654,-116.86578
652040,NE Balzow Rd,47.71629,-122.56427
652058,Aviation Dr,47.45416,-120.2813
652066,Marine View Dr SW,47.50805,-122.38717
652075,36th St NW,47.28991,-122.62028
652082,Weikel Rd,46.64896,-120.65853
652146,The Stark Side of the Moon,47.37065,-122.11399
652193,Robert Gray Dr,46.30259,-124.04743
652236,NE 53rd St,47.66701,-122.29793
1222,Golden Gardens,47.694,-122.406
1224,Newcastle Park,47.553,-122.1975
1225,Bayview,47.28,-122.5995
1226,Brown's Point,47.3,-122.441
1228,Kalama,46.009,-122.85
1231,Vantage,46.942,-119.981
1354,Ottertail,46.4,-95.68
1355,Rush Lake,46.485,-95.54
1936,Barker Canyon,47.89406,-119.1646
1949,Cape Shoalwater,46.74694,-124.08155
1954,Chelan,47.8436,-120.04081
1976,Devils Canyon,46.57736,-118.53448
2000,Harstine Island,47.22803,-122.83338
2030,Little Island,46.17585,-123.40778
2049,Moclips,47.23424,-124.21034
2057,Nearns Point,47.27808,-122.67224
2058,Neds Rock,46.98747,-124.05111
2079,Rimrock Lake,46.64892,-121.14507
2080,Ritzville,47.12908,-118.37645
2112,Stony Point,46.67432,-123.92512
2115,Teahwhit Head,47.87283,-124.60532
2131,Wambo Gulch,46.70335,-117.6876
2143,Zillah,46.41433,-120.23584
43637,Barkers Island,46.72473,-92.06334
43647,Browns Lake,46.95637,-113.01059
43655,Canyon Ferry Lake,46.51377,-111.57349
43669,Deadmans Reservoir,46.34327,-109.42637
43674,Double Bluff,47.97438,-122.51324
43683,Eureka Reservoir,47.8827,-112.3202
43692,Lake Oahe-Fort Yates,46.1085,-100.6189
43693,Georgetown Lake,46.18165,-113.29427
43737,Lake Superior Beach,46.77266,-92.08469
43747,MacDonald Pass,46.56343,-112.30954
43748,Magnuson Park,47.68412,-122.24362
43750,Martinsdale Reservoir,46.44246,-110.2778
43770,Park Point,46.73385,-92.05695
69685,Black River Harbor,46.66722,-90.04855
69713,Pt. Defiance Offshore,47.32183,-122.54457
69714,Narrows - Tacoma,47.24562,-122.56152
69715,Commencement Bay,47.29653,-122.45086
72146,Lake Union,47.63465,-122.33461
73266,Inner Eagle Harbor,47.62355,-122.53252
82864,Bruce,46.82503,-119.02594
83149,Belfair Bay,47.43501,-122.85505
85409,Fort Stevens,46.17775,-123.98458
86103,Walker,47.15165,-94.40571
87264,Chinook - Sandbar,46.2609,-123.95889
87442,Horsehead Bay Point,47.29904,-122.68695
88372,Crosslake,46.66749,-94.1281
90053,Sunset Beach,46.09753,-123.95605
92996,Pasco/tri-cities,46.26469,-119.11903
92998,Moose Lake Carlton County Airport,46.41861,-92.80444
96723,Pelican Lake,46.701,-96.036
98119,Synder Cove,47.08966,-122.97362
98529,Craig,47.074,-111.962
148767,Point Grenville,47.30385,-124.27855
173584,"Judith Landing, Hwy 236",47.738,-109.625
173585,"Kipp Landing, Hwy 191",47.631,-108.685
173718,Possession Point,47.89985,-122.37762
174220,Shilshole Bay,47.68237,-122.41001
174259,Gas Works Park,47.64498,-122.33133
174261,University Bridge,47.65281,-122.31981
174264,Fishhook Park,46.31667,-118.77079
174478,Florence,46.63249,-114.079
175030,Perrinville,47.83442,-122.36775
175320,Green Lake,47.67825,-122.3381
